foodId,foodName,category,subcategory,weight,recipe,allergyInfo,ingredients,imageUrl
D132070,호박나물(호박탕쉬),무침류,숙채,612.5,"늙은호박은 껍질을 벗겨 씨를 제거하고 납작썬다(5×3×1cm).  썬 호박에 물을 자작하게 부어 소금을 넣고 삶아 물기를 뺀다.  2)에 다진 파, 깨소금, 참기름을 넣고 무친다.",,"참기름:2.0|참깨, 흰색, 볶은것:6.0|소금, 천일염, 가는소금:1.5|파, 대파, 생것:3.0|호박, 늙은호박, 삶은것:400.0",
D103065,청각볶음(청각조갯살볶음),볶음류,채소 및 해조류볶음,416.0,"조갯살은 깨끗이 씻어 물기를 뺀다.  청각은 끓는 물에 살짝 데쳐서 깨끗이 씻어 물기를 꼭 짜고 5cm 길이로 썬다.  풋고추와 붉은 고추는 반으로 갈라 씨를 제거한 후 다진다.  달군 팬에 조갯살을 넣어 볶다가 청각, 풋고추, 붉은 고추, 국간장, 다진 마늘, 깨소금을 넣어 살짝 더 볶는다.",,"참깨, 흰색, 볶은것:1.0|마늘, 생것:12.0|간장, 재래:23.0|고추, 빨간색, 생것:15.0|고추, 풋고추, 생것:15.0|새우, 대하, 생것:50.0|청각, 생것:300.0",
D230018,고추장떡(장떡),떡류,떡류,117.8,"된장을 물에 풀어서 체에 거른다.  붉은 고추와 부추는 1cm 길이로 썬다.  밀가루에 1), 2), 소금, 고추장을 넣고 잘 섞어 반죽한다.  반죽을 김이 오른 찜통에 면포를 깔고 찌거나 가열한 팬에 식용유를 두르고 지진다.",,"소금, 천일염, 가는소금:0.3|콩기름:1.9|된장, 개량:6.5|고추장, 개량:5.5|고추, 빨간색, 생것:8.2|부추, 재래종, 생것:10.9|밀, 중력밀가루:30.0",
D053036,나주곰탕,국(탕)류,곰국 및 탕류,2111.0,"냄비에 소뼈를 넣고 물을 부어 푹 끓인 다음 물을 따라 낸다.  소뼈에 다시 물을 붓고 하얀 국물이 나올 때까지 2~3회 더 끓인다.  1)과 2)를 합쳐서 국물로 이용한다.  3)에 쇠고기, 무, 양파, 대파, 마늘을 넣고 끓인다.  익은 고기를 건져서 얇게 썰어 놓는다.  달걀은 황백지단을 부쳐 채 썬다.(5×0.2×0.2cm)  4)의 국물을 그릇에 담고 썰어 놓은 고기, 송송 썬 대파, 다진 마늘, 황백지단, 통깨, 참기름, 고춧가루 고명으로 얹어낸다.   소금을 곁들여 낸다.",,"소금, 천일염, 가는소금:8.0|참기름:14.0|고춧가루:12.0|참깨, 흰색, 볶은것:5.0|달걀, 부침(달걀프라이):50.0|마늘, 생것:27.0|파, 대파, 생것:115.0|양파, 데친것:50.0|무, 조선무, 삶은것:200.0|소고기, 한우, 양지, 삶은것:150.0|잡뼈국물:180.0",
D140017,갓물김치,김치류,김치류,224.0,붉은 갓은 줄기가 연하고 싱싱한 것으로 골라 깨끗이 다듬고 실파도 다듬어 씻어 소금을 뿌려 절인다.  무와 배는 적당한 크기로 썬다. 생강과 마늘은 얇게 저며 놓는다.  냄비에 찹쌀가루를 넣고 물을 부어 끓여 식혀 찹쌀풀을 만든다.  절여진 갓과 실파를 한가닥씩 추려 반으로 접어 묶어서 항아리에 차곡차곡 담는다. 중간 중간에 무와 배를 넣는다.  항아리에 식힌 찹쌀풀을 갓이 잠기도록 부어 익힌다.  새우젓을 위에 뿌려낸다.,,"찹쌀, 백미, 가루:1.0|새우, 젓갈, 토굴육젓:1.0|생강, 뿌리줄기, 생것:3.0|마늘, 생것:1.0|무, 조선무, 생것:10.0|배, 신고, 생것:20.0|소금, 천일염, 굵은소금:15.0|파, 쪽파, 생것:3.0|갓, 생것:70.0",
D015029,전주콩나물국밥,밥류,덮밥 및 국밥류,875.0,"콩나물은 꼬리를 따고 깨끗이 손질하여 소금물에 살짝 삶아 건진다.  대파는 0.3cm 두께로 동글동글하게 썰어 놓는다.  삶은 콩나물에 다진 마늘, 깨소금, 간장, 참기름, 고춧가루를 넣어 무친다.  멸치장국국물과 콩나물 삶은 물을 합하여 뚝배기에 부은 다음 밥, 콩나물 무친 것, 새우젓국을 넣어 끓인다.  끓어오르면 파와 묵은 김치볶음, 깨소금, 고춧가루를 넣는다.  기호에 따라 날달걀이나 오징어 삶은 것을 넣어 먹기도 한다.",,"멸치 육수:400.0|고춧가루:1.0|참깨, 흰색, 볶은것:1.0|김치, 배추 김치:30.0|새우, 젓갈, 토굴육젓:3.0|오징어, 생것:80.0|달걀, 생것:60.0|파, 대파, 생것:20.0|콩나물, 생것:70.0|멥쌀, 백미, 밥:210.0",
D180335,콩나물 양념(전주콩나물국밥),장류,양념류,92.0,0추후 정보를 갱신 예정입니다.,대두(콩),"간장, 개량, 양조:30.0|마늘, 생것:24.0|고춧가루:12.0|참기름:14.0|참깨, 흰색, 볶은것:12.0",
D053045,박속낙지탕,국(탕)류,곰국 및 탕류,3674.0,"바지락을 소금물에 넣어 해감을 뺀다.  박은 껍질을 벗기고 씨를 긁어낸 다음 나박썬다(2.5×2.5×0.3cm).  무는 박과 같은 크기로 납작하게 썰고, 양파는 굵게 채 썬다(5×0.3×0.3cm). 대파는 어슷썰고, 쑥갓은 속대만 준비하고 미나리는 5cm 길이로 썬다.  끓는 물에 무와 박을 넣어 한소끔 끓이다가 소금으로 간을 맞추고 바지락, 다진 마늘을 넣어 끓이다가 양파를 넣는다.  어슷썬 파와 낙지를 넣어 낙지가 익으면 미나리와 쑥갓을 넣어 살짝 끓여 낸다.  낙지와 박을 건져 먹은 다음 칼국수를 넣어 먹는다.",,"소금, 천일염, 가는소금:2.0|마늘, 생것:12.0|파, 대파, 생것:20.0|양파, 데친것:70.0|무, 조선무, 삶은것:100.0|쑥갓, 데친것:20.0|미나리, 물미나리, 데친것:200.0|바지락, 생것:400.0|칼국수면, 생것, 삶은것:200.0|박, 과육, 생것:300.0|낙지, 세발낙지, 생것:750.0",
D015021,다슬기국밥(올갱이국밥),밥류,덮밥 및 국밥류,961.1,"다슬기는 5시간 정도 물에 담가 해감을 빼고 깨끗이 씻어 물때를 제거한 다음 끓는 물에 다슬기를 넣고 삶는다.  다슬기가 익으면 물은 버리지 말고 다슬기를 건져 바늘로 살을 빼 놓는다.  다슬기살에 밀가루와 달걀물을 입혀둔다.  아욱(또는 부추)을 물에 씻어 적당한 길이로 썰어둔다.  다슬기 삶은 물과 물을 반반 섞어 된장과 고추장을 풀어 넣고 끓으면 아욱을 넣고 고춧가루, 다진 파, 다진 마늘, 후춧가루를 넣고 소금으로 간을 맞춘다.  마지막으로 3)의 다슬기를 넣고 한소끔 더 끓인다.  그릇에 밥을 먼저 담고 다슬기국을 위에 부어낸다.",,"후추, 검은색, 가루:0.1|마늘, 생것:1.0|파, 대파, 생것:3.0|고춧가루:2.0|고추장, 개량:10.0|된장, 개량:10.0|밀, 중력밀가루:15.0|달걀, 생것:60.0|아욱, 생것:70.0|멥쌀, 백미, 밥:210.0|다슬기, 생것:80.0",
D230043,수수제비치(수수부꾸미),떡류,떡류,185.9,수수는 비벼 문질러 깨끗이 씻어 하룻밤 정도 물에 담가 두었다가 다시 깨끗이 씻어 떫은맛을 우려내고 소금(1큰술)을 넣어 가루로 빻는다.  팥은 깨끗이 씻어서 물을 넉넉히 붓고 끓어오르면 물을 쏟아버리고 다시 팥의 3~4배의 물을 부어 끓이다가 거의 익으면 남은 물을 따라 버리고 약한 불에서 뜸을 들인다.  팥이 뜸이 들면 소금과 설탕을 넣고 대강 빻아 팥소를 만든다.  1)의 수숫가루를 익반죽해 조금씩 떼어 지름 5cm 크기로 동글납작하게 빚은 뒤 달군 팬에 식용유를 두르고 지진다. 한 면이 익으면 뒤집어서 소를 넣고 마주 붙인다.  뜨거울 때 설탕을 뿌려 접시에 담는다.,대두(콩),"콩기름:3.7|설탕, 백설탕:7.4|소금, 천일염, 가는소금:2.2|팥, 적색, 삶은것:51.8|수수, 찰수수, 도정, 생것:90.0",
D031039,메밀콧등치기,면 및 만두류,면류,1324.0,"냄비에 분량의 재료를 넣어 장국국물을 만든다.  메밀가루와 밀가루에 연한 소금물을 넣어 익반죽한 후 밀대로 두껍게 밀어 0.5cm 정도의 너비로 채 썬다.  애호박과 감자는 가늘게 채 썰고(5×0.2×0.2cm), 김은 구워 부숴 놓는다.  갓김치는 양념을 털어내고 적당한 크기로 썰어 고춧가루, 다진 파, 다진 마늘, 참기름, 깨소금으로 양념한다.  1)의 장국국물(6컵)에 2)의 국수와 감자를 넣어 국간장으로 색을 내고 소금으로 간하여 끓인다.  국수가 익으면 그릇에 담아내고 갓김치와 김 부순 것을 고명으로 올리고 간장을 곁들인다.",,"참깨, 흰색, 볶은것:12.0|참기름:14.0|마늘, 생것:12.0|파, 대파, 생것:9.0|고춧가루:6.0|간장, 개량, 양조:2.0|소금, 천일염, 가는소금:2.0|간장, 재래:15.0|김, 참김, 구운것:2.0|감자, 대지, 삶은것:300.0|호박, 애호박, 데친것:130.0|김치, 갓김치:300.0|밀, 중력밀가루:220.0|메밀, 도정, 가루:100.0",
D230047,"우메기떡(개성주악, 우매기)",떡류,떡류,280.1,"찹쌀가루와 멥쌀가루를 고루 섞어 중간체에 친 후 소금과 설탕을 섞는다.  1)의 가루에 막걸리를 넣어 섞은 후 끓는 물을 넣어 끈기가 나도록 오래 치대 반죽한다.  반죽을 떼어 지름 3cm, 두께 1cm의 동그란 모양으로 빚어 가운데, 위아래 부분을 살짝 눌어준다(드문드문 구멍을 뚤어도 된다).  180℃의 식용유에 3)의 반죽을 서로 붙지 않도록 넣어 지지면서 노릇하게 색을 내고 모양을 잡는다.  모양이 잡히면 150℃의 약한 불로 옮겨 은근히 속까지 익힌다.  조청과 물을 합하여 생강을 넣고 끓여 즙청액을 만든다.  기름을 잘 뺀 우메기를 6)의 즙청액에 담갔다가 건진다.  완성된 우메기 윗면에 작은 대추나 무정과를 장식한다.",,"생강, 뿌리줄기, 생것:1.8|조청, 쌀:36.0|대추, 말린것:1.8|콩기름:72.0|소금, 천일염, 가는소금:1.1|설탕, 백설탕:9.0|발효주, 탁주, 막걸리, 알코올 6%:18.0|멥쌀, 백미, 가루:27.0|찹쌀, 백미, 가루:90.0",
D180295,조림장(홍합초),장류,양념류,165.5,0추후 정보를 갱신 예정입니다.,,"후추, 검은색, 가루:0.5|물엿:20.0|배즙:75.0|간장, 개량, 양조:30.0|생강, 뿌리줄기, 생것:10.0|마늘, 생것:20.0|파, 대파, 생것:10.0",
D081042,고등어구이(간고등어구이),구이류,어패류구이,316.0,고등어는 싱싱한 것으로 골라서 비늘을 긁고 머리와 내장을 제거한 후 깨끗이 씻는다.  뼈를 중심으로 넓게 포를 뜬다.  소금을 골고루 뿌려 간이 고르게 배게 하여 꾸덕꾸덕하게 말린다.  석쇠를 잘 달구어 식용유를 바른 뒤 고등어를 노릇하게 굽는다.,대두(콩),"콩기름:15.0|소금, 천일염, 가는소금:1.0|고등어, 구운것:300.0",
D153005,미나리강회,회류,채소류회,136.0,"끓는 물에 소금을 넣고 미나리를 데친 후 찬물에 헹군다.  소고기는 끓는 물에 넣어 익힌 뒤 1×0.3×4cm 크기로 썬다.  지단은 황백을 나눠 부쳐 1×0.3×4cm 크기로 썬다.  홍고추는 0.3×3cm로 썬다.  편육, 백지단, 황지단, 홍고추의 순으로 놓고 데쳐 놓은 미나리로 감는다.  분량대로 섞어 초고추장을 만든다.","난류,밀","달걀, 부침(달걀프라이):50.0|고추, 빨간색, 생것:5.0|소금, 천일염, 가는소금:1.0|소고기, 한우(1등급), 사태(뒷사태), 생것:30.0|미나리, 물미나리, 데친것:50.0",
D180324,초고추장(미나리강회),장류,양념류,15.0,0추후 정보를 갱신 예정입니다.,,"설탕, 백설탕:5.0|식초, 감식초:5.0|고추장, 개량:5.0",
D093035,파전,전류,채소류전,385.0,"밀가루에 소금을 넣고 동량의 물을 부어 잘 섞는다.  달걀을 잘 풀어 둔다.  쪽파는 다듬어 씻어 15cm 길이로 썬다. 양파는 5cm 길이로 채 썰고, 홍고추는 2cm 길이로 가늘게 채 썰어 준비한다.  팬에 기름을 두르고 밀가루 반죽을 잘 편 뒤 쪽파를 올린다.  쪽파 위에 채 썰어 놓은 양파와 홍고추를 고루 올린 뒤 반죽이 반쯤 익으면 계란을 골고루 뿌리고 뒤집어 노릇하게 부친다.",대두(콩),"콩기름:3.0|소금, 천일염, 가는소금:2.0|달걀, 부침(달걀프라이):25.0|밀, 중력밀가루:80.0|고추, 빨간색, 생것:5.0|양파, 데친것:50.0|파, 쪽파, 생것:120.0",
D095026,비지전,전류,기타 전류,548.0,"홍고추는 동그랗게 송송 썰어 고명으로 준비한다.  배추김치, 양파, 돼지고기는 잘게 썰어서 준비한다.  콩비지와 달걀, 부침가루에 물을 넣고 농도를 맞춘 뒤 덩어리가 없도록 잘 섞는다.  위 3)번에 잘게 썬 재료를 넣고 소금으로 간을 한다.  달군 팬에 식용유를 두르고 반죽을 한 수저씩 떠 넣어 노릇하게 부친 후 홍고추를 얹어 살짝 익힌다.",대두(콩),"콩기름:2.0|소금, 천일염, 가는소금:1.0|달걀, 부침(달걀프라이):80.0|밀, 부침가루:100.0|고추, 빨간색, 생것:10.0|돼지고기, 등심, 구운것(팬):50.0|양파, 데친것:50.0|김치, 배추 김치:50.0|비지:200.0",
D065021,순두부찌개,찌개류,기타찌개류,363.1,"분량의 재료를 잘 섞어 양념장을 만들어 둔다.  김치는 잘게 다지고 대파, 풋고추, 홍고추는 어슷하게 썬다.  양파는 2cm 크기로 깍둑썰기한다. 느타리버섯은 먹기 좋게 뜯는다.  바지락은 소금물에 해감한 후 뜨거운 물에 삶아 육수를 만든다.  냄비에 참기름을 두르고 김치를 볶는다.  바지락 육수와 양념장을 넣어 끓인다. 물이 끓으면 양파, 바지락, 풋고추, 홍고추, 대파, 느타리버섯을 넣어 끓인다.  소금, 후추로 간을 한 뒤 순두부를 넣어 살짝 끓인 다음 계란으로 마무리한다.",,"참기름:2.0|후추, 검은색, 가루:0.1|소금, 천일염, 가는소금:1.0|달걀, 삶은것:30.0|파, 대파, 생것:20.0|느타리버섯, 데친것:40.0|양파, 데친것:50.0|고추, 빨간색, 생것:30.0|고추, 풋고추, 생것:30.0|김치, 배추 김치:10.0|바지락, 생것:50.0|두부, 순두부:100.0",
D180254,양념장(순두부찌개),장류,양념류,60.0,0추후 정보를 갱신 예정입니다.,,"마늘, 생것:12.0|간장, 개량, 양조:30.0|고춧가루:6.0|새우, 젓갈, 토굴육젓:12.0",
D053059,콩비지탕,국(탕)류,곰국 및 탕류,795.0,"돼지고기는 깍둑 썰고, 대파는 어슷하게 썬다.  김치는 속을 털어 내고 물에 헹군 뒤 송송 썬다.  냄비에 식용유를 살짝 두르고 돼지고기를 볶는다.  김치가 투명하게 볶아지면 물과 콩비지를 넣어 끓인다.  물을 보충하면서 30분 이상 뭉근하게 끓인다.  어슷하게 썬 대파, 다진 마늘, 소금으로 간을 맞춘 뒤 살짝 끓여 완성한다.",대두(콩),"콩기름:2.0|소금, 천일염, 가는소금:3.0|마늘, 생것:10.0|파, 대파, 생것:30.0|김치, 배추 김치:40.0|돼지고기, 목심, 구운것(팬):20.0|비지:90.0",
D180136,쇠고기양념(홍합초),장류,양념류,18.5,0추후 정보를 갱신 예정입니다.,,"후추, 검은색, 가루:0.5|참기름:5.0|마늘, 생것:3.0|설탕, 백설탕:2.0|파, 대파, 생것:3.0|간장, 개량, 양조:5.0",
D140031,백김치,김치류,김치류,335.0,"배추는 속이 노란 것을 골라 소금에 절인 후 씻어서 건진다.  무는 곱게 채 썰고(5×0.2×0.2cm), 미나리는 5cm 길이로 썬다.  갓, 쪽파도 5cm 길이로 썬다.  석이버섯은 따뜻한 물에 불려서 깨끗이 씻어 채 썬다.  밤은 납작하게 편 썰고 배와 마늘, 생강은 곱게 채 썬다.  양지머리는 푹 삶아서 국물을 면포에 밭쳐 맑게 준비한다.  찹쌀가루로 풀을 쑨 다음 육수를 섞어 소금으로 간한다.  준비해 둔 양념을 한꺼번에 버무려 배추 속 사이사이에 넣어 그릇에 담고 돌로 꽉 누른다.",,"찹쌀, 백미, 가루:10.0|양지국물:100.0|소금, 천일염, 굵은소금:15.0|밤, 생것:1.0|배, 신고, 생것:20.0|파, 쪽파, 생것:3.0|갓, 생것:3.0|미나리, 물미나리, 생것:3.0|무, 조선무, 생것:10.0|배추, 생것:70.0",
D180314,초간장(배추전),장류,양념류,22.0,0추후 정보를 갱신 예정입니다.,,"식초, 감식초:7.0|간장, 개량, 양조:15.0",
D051114,장국국물(메밀콧등치기),국(탕)류,맑은국류,1845.0,0추후 정보를 갱신 예정입니다.,,"생강, 뿌리줄기, 생것:10.0|파, 대파, 생것:10.0|고추, 청양고추, 생것:15.0|양파, 데친것:80.0|멸치, 대멸치, 삶아서 말린것:20.0|다시마, 말린것:10.0|무, 조선무, 생것:100.0",
D180229,양념장(마밥),장류,양념류,72.0,0추후 정보를 갱신 예정입니다.,,"참깨, 흰색, 볶은것:6.0|참기름:7.0|고추, 풋고추, 생것:6.0|고추, 빨간색, 생것:6.0|고춧가루:2.0|간장, 개량, 양조:45.0",
D170012,더덕장아찌,절임류,장아찌,759.0,"더덕은 껍질을 벗겨 방망이로 밀어 편평하게 한 후 물기 없이 꾸덕꾸덕하게 말린다.  더덕을 고추장에 박아 숙성시킨다.  먹을 때 꺼내어 다진 마늘, 다진 파, 참기름, 설탕으로 갖은 양념하여 무친다.",,"설탕, 백설탕:4.0|참기름:5.0|파, 대파, 생것:5.0|마늘, 생것:5.0|고추장, 개량:500.0|더덕, 뿌리, 생것:240.0",
D201014,안동식혜,음료류,기타 음료류,15555.0,"찹쌀(또는 멥쌀)은 깨끗이 씻어 30분 정도 불린 후 고두밥으로 쪄서 식힌다.  엿기름가루에 물을 넣고 고루 비빈 다음 체에 걸러 가라앉혀 맑은 윗물만 준비한다.  무는 깨끗이 씻어 채 썰어(5×0.2×0.2cm) 냉수에 헹궈 건진다.  생강은 다져 면포에 싸서 즙을 짠다.  냄비에 2)의 엿기름물을 붓고 따뜻하게 데우면서 고춧가루를 면포에 싸서 넣고 주물러 물을 곱게 들인다.  찹쌀밥(또는 멥쌀밥), 채 썬 무, 생강즙에 5)를 부어 40℃에서 3~4시간 삭힌 후 차가운 곳에서 보관한다.  먹을 때 기호에 따라 설탕을 넣고 채 썬 밤, 잣을 띄운다.",,"고춧가루:1.0|잣, 볶은것:1.0|밤, 생것:3.0|설탕, 백설탕:200.0|생강, 뿌리줄기, 생것:400.0|보리, 엿기름:1500.0|무, 조선무, 생것:850.0|찹쌀, 백미, 생것:1600.0",
D022015,모약과,과자 및 빵류,과자류,2075.0,"밀가루, 계핏가루, 소금, 참기름을 넣고 손으로 비빈 후 체에 내린다.  생강을 강판에 갈아 즙을 내고 청주와 섞는다.  1)과 2)를 섞어 손으로 뭉쳐질 정도로만 반죽한다.  반죽을 밀대로 0.5cm 두께로 밀고 가로세로 3cm로 네모지게 썬 후 가운데 구멍을 뚫거나 귀퉁이에 칼집을 내어 열전달이 잘 되도록 한다.  150℃에서 10분, 100℃ 15분, 150℃에서 5분의 순서로 식용유에 튀긴다.  물엿, 설탕, 물을 넣고 섞어 끓여 즙청액을 만든 후 튀긴 약과를 넣어 즙청한다.",,"설탕, 백설탕:24.0|물엿:400.0|잣, 볶은것:3.0|소금, 천일염, 가는소금:12.0|계피, 가루:16.0|참기름:100.0|콩기름:100.0|발효주, 청주, 알코올 16%:200.0|생강, 뿌리줄기, 생것:20.0|밀, 중력밀가루:1000.0",
D105019,콩나물잡채,볶음류,기타 볶음류,502.0,"콩나물은 머리와 꼬리를 떼고 끓는 물에 소금을 넣어서 데친다.  무는 곱게 채 썰어(5×0.2×0.2cm) 고춧가루를 약간 넣고 무쳐 색을 들인다.  고사리, 미나리는 5cm 길이 채 썰고 당근은 곱게 채 썰어(5×0.2×0.2cm) 끓는 물에 소금을 넣어 데친다.  다시마는 불려 5cm 길이로 곱게 채 썬다.  겨자가루에 미지근한 물을 넣어 되직하게 갠 다음 뚜껑을 덮어 따뜻한 곳에 두었다가 발효가 되면 설탕, 식초, 다진 마늘, 소금, 통깨를 넣어 양념을 만든다.  준비한 콩나물, 고사리, 당근, 미나리, 무, 다시마를 양념으로 무친다.",,"소금, 천일염, 가는소금:1.0|고춧가루:1.0|다시마, 생것:10.0|미나리, 물미나리, 데친것:50.0|당근, 뿌리, 데친것:80.0|고사리, 데친것:80.0|무, 조선무, 생것:80.0|콩나물, 삶은것:200.0",
D180183,양념(콩나물잡채),장류,양념류,115.0,0추후 정보를 갱신 예정입니다.,,"참깨, 흰색, 볶은것:7.0|소금, 천일염, 가는소금:12.0|겨자, 가루:8.0|마늘, 생것:24.0|설탕, 백설탕:12.0|식초, 양조:52.0",
D102035,언양불고기,볶음류,육류 및 난류볶음,693.0,쇠고기는 3×5cm 크기로 굵게 채 썬다.  배는 껍질과 속을 제거하고 강판에 갈아 채 썬 쇠고기를 넣어 30분 정도 재워 둔다.  2)의 쇠고기에 양념장을 넣어 버무린다.  가열된 석쇠에 물을 묻힌 한지를 얹고 그 위에 양념한 쇠고기를 올려 한지에 물을 묻혀가며 굽는다.  물을 묻힌 한지를 4)의 쇠고기 위에 올려 뒤집어 구워 통깨를 뿌린다.,,"참깨, 흰색, 볶은것:3.0|배, 신고, 생것:90.0|소고기, 한우, 등심, 구운것(팬):600.0",
D180257,양념장(언양불고기),장류,양념류,134.5,0추후 정보를 갱신 예정입니다.,,"후추, 검은색, 가루:0.5|참기름:14.0|물엿:7.0|꿀:20.0|마늘, 생것:12.0|파, 대파, 생것:18.0|설탕, 백설탕:18.0|간장, 재래:45.0",
D160018,벌떡게장,젓갈류,젓갈류,1520.0,"게는 솔로 깨끗이 씻어 항아리에 담는다.  간장, 국간장, 생강, 통마늘을 섞어 게가 잠길 만큼 부어 준다.  이틀 뒤 간장을 따라내어 끓인다. 거품과 불순물을 걷어 내고 끓여 식힌 후 다시 간장을 항아리에 붓는다.  같은 방법으로 이틀에 한번씩 간장을 따라 내어 다시 끓여 부어 주기를 2~3회 반복한다.",대두(콩),"간장, 재래:200.0|간장, 개량, 양조:200.0|생강, 뿌리줄기, 생것:60.0|마늘, 생것:60.0|게, 꽃게, 생것:1000.0",
D092011,돼지고기완자전,전류,육류전,295.0,"돼지고기는 다지고 두부는 면포에 싸서 물기를 없앤 후 으깬다. 양파와 당근은 잘게 다진다.  다진 고기와 으깬 두부를 합하여 다진 파, 다진 마늘을 넣어 골고루 섞는다.  2)에 소금, 참기름, 깨소금, 후춧가루, 다진 양파, 다진 당근을 넣고 골고루 섞어 치댄다.   지름 3cm 정도로 동글납작하게 완자를 만든다.  완자에 밀가루를 고루 묻힌 후 풀어 놓은 달걀에 담갔다가 식용유를 두른 팬에 지진다.",,"후추, 검은색, 가루:1.0|참기름:1.0|참깨, 흰색, 볶은것:2.0|소금, 천일염, 가는소금:5.0|콩기름:11.0|마늘, 생것:2.0|파, 대파, 생것:3.0|달걀, 부침(달걀프라이):50.0|밀, 중력밀가루:20.0|당근, 뿌리, 데친것:20.0|양파, 데친것:30.0|두부:50.0|돼지고기, 등심, 구운것(팬):100.0",
D133028,꼬막무침,무침류,어패류무침,983.0,꼬막은 문지르면서 깨끗이 씻은 후 소금물에 2시간 정도 담가 해감을 한다.  분량의 재료를 섞어 양념장을 준비한다.  꼬막을 끓는 물에 넣은 후 불을 줄이고 저어 가며 껍데기가 벌어지기 전에 건져서 체에 받친다.  꼬막 껍데기는 한쪽만 제거한 뒤 접시에 꼬막살이 위로 향하게 가지런히 담는다.  꼬막 위에 양념장을 약간씩 얹는다.,,"고추, 빨간색, 말린것:1.0|참깨, 흰색, 볶은것:1.0|참기름:2.0|설탕, 백설탕:4.0|생강, 뿌리줄기, 생것:6.0|마늘, 생것:12.0|파, 대파, 생것:18.0|고춧가루:6.0|간장, 개량, 양조:30.0|소금, 천일염, 가는소금:3.0|꼬막, 생것:400.0",
D014026,육회비빔밥,밥류,비빔밥 및 볶음밥류,549.0,"쇠고기는 결 반대 방향으로 얇게 저며 채 썰어(5×0.2×0.2cm) 참기름, 깨소금으로 무친다.  콩나물은 씻어 소금을 넣고 데친 다음 다진 파, 다진 마늘, 소금, 참기름을 넣고 무친다.  시금치는 데친 후 찬물로 헹궈 물기를 꼭 짜고 다진 파, 다진 마늘, 국간장, 참기름으로 무친다.  불린 고사리도 살짝 데쳐 다진 마늘, 국간장, 참기름, 깨소금을 넣고 볶는다.  애호박은 채 썰고(5×0.2×0.2cm), 송이버섯은 손으로 찢어 팬에서 소금, 참기름으로 볶고, 상추는 0.2cm 너비로 채 썰어 둔다.  무채는 고춧가루, 다진 마늘, 소금, 참기름, 깨소금을 넣고 무친다.  그릇에 밥을 담고 준비한 재료를 가지런히 올린 후 달걀노른자, 깨소금, 고추장, 김가루를 얹는다.",,"참깨, 흰색, 볶은것:3.0|참기름:5.0|간장, 재래:0.0|소금, 천일염, 가는소금:0.0|마늘, 생것:5.0|파, 대파, 생것:5.0|고춧가루:6.0|고추장, 개량:15.0|김, 참김, 구운것:5.0|달걀, 난황, 생것:20.0|상추, 잎상추, 축면상추, 적색, 생것:5.0|무, 조선무, 생것:35.0|송이버섯, 생것:35.0|호박, 애호박, 생것:35.0|고사리, 생것:35.0|시금치, 생것:35.0|콩나물, 생것:35.0|소고기, 한우(1등급), 우둔(우둔살), 생것:60.0|멥쌀, 백미, 밥:210.0",
D073010,호박잎쌈,찜류,채소류찜,90.0,"어린 호박잎을 씻은 후 밥물이 끓을 때 밥 위에 올려 찌거나, 물을 약간 부은 냄비에서 찐다.  풋고추를 다져서 된장, 고추장, 물엿, 다진 마늘, 통깨, 다시마 육수를 넣고 섞어서 쌈장을 만든 다음, 삶은 호박잎과 함께 먹는다. ★ 곁들이는 쌈장을 달리할 수도 있는데, 제주도에서는 멸치젓에 다진 풋고추와 고춧가루, 다진마늘, 깨소금을 넣기도 하고, 전남 지역에서는 살짝 익힌 풋고추를 다져 된장, 간장, 참기름을 넣은 쌈장을 곁들이기도 함.",,"참깨, 흰색, 볶은것:1.0|다시마 육수:2.0|마늘, 생것:1.0|물엿:2.0|고추장, 개량:5.0|된장, 개량:22.0|고추, 풋고추, 생것:2.0|호박, 잎, 데친것:55.0",
D093028,배추전,전류,채소류전,226.3,"배춧잎은 칼등으로 끊어지지 않을 정도로 두드려서 소금에 절인다.  밀가루, 부침가루, 물, 소금, 참기름을 넣어 반죽한다. ★ 전통적인 반죽물에는 밀가루, 간장, 소금, 물이 들어감.  배추에 밀가루를 뿌리고 반죽을 골고루 묻힌다.  가열된 팬에 식용유를 두르고 앞뒤로 노릇노릇하게 지진다.  배추전을 먹기 좋은 크기로 썰어서 그릇에 담고 초간장을 곁들인다.",밀,"밀, 부침가루:6.0|참기름:0.3|콩기름:28.0|소금, 천일염, 가는소금:2.0|밀, 중력밀가루:64.0|배추, 데친것:69.0",
D040052,호두죽,죽류,죽류,296.0,쌀을 씻어 물에 불렸다가 곱게 갈아 물을 1/4 정도 부어 잘 풀어 놓는다.  호두는 따뜻한 물에 10분 가량 담갔다가 곱게 갈아서 체에 걸러 밭친다.  솥에 분량의 물을 붓고 끓으면 1)을 넣고 잘 저어준다. 쌀이 퍼지면 호두 간 것을 넣고 저으면서 윤이 나게 쑨다.  알맞게 잘 끓여지면 소금으로 간을 하고 설탕이나 꿀을 함께 낸다. ★ 호두를 데쳐낸 후 속 껍질을 벗기면 쌉싸름한 맛이 제거되어 죽 맛이 좋음.,,"설탕, 백설탕:3.0|소금, 천일염, 가는소금:2.0|멥쌀, 백미, 밥:29.0|호두, 볶은것:19.0",
D012034,보리고구마밥,밥류,잡곡밥류,158.0,"보리를 깨끗이 씻어 1시간 이상 물에 불린 다음 솥에 안치고 물을 충분히 부어 푹 삶는다.  고구마는 껍질을 벗겨 굵게 썰어 놓는다(2×2×1cm). ★ 고구마의 폐기율은 약 14% 내외임.  밥솥에 삶은 보리, 쌀을 넣고 고루 섞은 다음 위에 고구마를 얹어 밥을 짓는다.",,"멥쌀, 백미, 밥:70.0|고구마, 찐것:63.0|보리, 쌀보리, 도정, 생것:25.0",https://www.nongsaro.go.kr/cms_contents/mgnNew/978-89-480-6205-2/978-89-480-6205-2_B_103.jpg
D180240,양념장(버섯밥),장류,양념류,18.9,0추후 정보를 갱신 예정입니다.,,"설탕, 백설탕:0.5|참깨, 흰색, 볶은것:2.0|식초, 양조:0.2|파, 대파, 생것:4.0|고춧가루:0.2|간장, 개량, 양조:10.0",
D013012,무밥,밥류,채소밥류,287.5,"쌀은 깨끗이 씻어 30분 정도 불린다.  무는 굵게 채 썬다(5×0.5×0.5cm).  냄비에 무채를 깔고 불린 쌀을 얹어 밥을 짓는다. ★ 무에 수분이 많으므로 밥을 지을 때는 물을 적게 넣음.  양념장을 만들어 곁들인다. ★ 쇠고기를 채썰어 생강, 간장으로 밑간하여 함께 밥을 지으면 영양과 기호면에서 우수함.",,"참깨, 흰색, 볶은것:0.5|고춧가루:0.3|참기름:0.4|마늘, 생것:0.3|파, 대파, 생것:1.0|간장, 개량, 양조:5.0|무, 조선무, 생것:70.0|멥쌀, 백미, 밥:210.0",
D180208,양념장(김치밥),장류,양념류,11.5,0추후 정보를 갱신 예정입니다.,,"파, 쪽파, 생것:0.5|고춧가루:0.3|참기름:0.3|참깨, 흰색, 볶은것:0.4|간장, 개량, 양조:9.0",
D180130,쇠고기양념(김치밥),장류,양념류,10.6,0추후 정보를 갱신 예정입니다.,,"후추, 검은색, 가루:0.1|마늘, 생것:2.0|파, 대파, 생것:3.0|참깨, 흰색, 볶은것:0.1|참기름:0.4|설탕, 백설탕:2.0|간장, 개량, 양조:3.0",
D022019,인삼정과,과자 및 빵류,과자류,365.0,인삼(수삼)은 솔로 닦아 깨끗이 씻어서 푹 삶는다.   냄비에 삶은 인삼을 넣고 인삼 삶은 물을 자작하게 부은 다음 설탕을 넣어(인삼 : 설탕 = 2 : 1) 서서히 조린다. 설탕물이 끓는 도중에 휘저으면 나중에 식었을 때 녹았던 설탕이 재결정되어 하얗게 엉기므로 젓지 않는다.   설탕물이 반쯤 졸아들었을 때 물엿을 넣고 약한 불에서 계속 조린다. 이때도 역시 젓지 말아야 한다.   설탕물이 거의 졸아들고 인삼의 빛깔이 발그레하면서 투명하게 윤기가 나면 꿀을 넣고 저어 건져 낸다.,,"꿀:7.0|물엿:40.0|설탕, 백설탕:78.0|인삼, 수삼, 생것:60.0",
D230038,송기떡(송구떡),떡류,떡류,436.6,송기는 중조를 넣고 1시간 정도 삶아 찬물에 우려내고 송기가 부드러워질 때까지 2번 더 반복한다.   1)과 찹쌀가루에 소금을 넣고 곱게 갈아 설탕을 넣어 잘 섞는다.   시루에 면포를 깔고 콩고물(200g)을 깐 후 2)를 위에 부어 찐다.   쪄진 반죽을 차지게 치댄다.   치댄 반죽을 적당한 크기로 잘라 둥글게 굴린 후 콩고물(300g)을 전체적으로 묻힌다.,,"소금, 천일염, 가는소금:0.6|설탕, 백설탕:16.0|찹쌀떡, 인절미, 콩고물:30.0|찹쌀, 백미, 가루:90.0",
D230035,빙떡,떡류,떡류,200.6,"메밀가루는 미지근한 물로 아주 묽게 소금 간하여 반죽한다.   무는 굵게 채 썰어(5×0.3×0.3cm) 푹 삶은 후 물을 꼭 짜두고, 쪽파는 송송 썬다(0.3cm).   2)에 참기름, 소금, 깨소금을 넣어 살짝 무쳐 소를 만든다.   팬에 식용유를 둘러 약한 불에서 메밀 반죽을 지름 20㎝ 크기로 얇게 지져 낸다.   접시에 4)를 펴고 3)의 소를 한쪽에 가지런히 놓고 김밥 마는 것처럼 돌돌 말아 양끝을 손으로 꾹 누른다.",대두(콩),"콩기름:0.4|참기름:0.8|참깨, 흰색, 볶은것:0.2|소금, 천일염, 가는소금:0.2|파, 쪽파, 생것:3.0|무, 조선무, 생것:70.0|메밀, 도정, 가루:30.0",
D093032,칡전,전류,채소류전,731.0,"칡 전분에 밀가루, 물을 넣어 묽게 반죽한 후 체에 내려 곱게 만든다.   애호박은 굵게 채 썰고(5×0.3×0.3cm), 붉은 고추, 풋고추는 어슷하게 썰어(0.3cm) 반죽과 함께 섞는다.   달군 팬에 식용유를 두르고 반죽을 얇게 펴서 앞뒤로 노릇하게 지져 낸다.",대두(콩),"콩기름:5.0|소금, 천일염, 가는소금:1.0|호박, 애호박, 데친것:80.0|고추, 빨간색, 생것:15.0|고추, 풋고추, 생것:15.0|밀, 중력밀가루:55.0|전분, 칡뿌리, 가루:160.0",
D053057,추어탕,국(탕)류,곰국 및 탕류,1319.6,"끓는 물에 양파와 생강을 썰어 넣고 미꾸라지를 넣어 푹 끓인다.  미꾸라지가 무르게 익었으면 체에 건져 내어 비벼가며 살을 발라 둔다(분쇄기에 곱게 갈아 쓰기도 한다). 양파와 생강은 건져 내어 미꾸라지 삶은 물을 따로 준비해 둔다.   대파는 어슷하게 썰고(0.3cm) 무청 시래기는 불려 끓는 물에 한번 데치고 송송 썰어서 분량의 양념에 무친다.   미꾸라지 삶은 물에 양념된 시래기를 넣고 미꾸라지살과 함께 푹 끓인다.   들깻가루, 다진 마늘을 넣은 후 국간장, 소금으로 간을 맞추고, 후춧가루와 어슷하게 썬 대파를 넣는다.   산초가루와 고추 다진 양념을 곁들인다.",,"소금, 천일염, 가는소금:1.0|산초, 가루:0.5|후추, 검은색, 가루:0.1|간장, 재래:10.0|마늘, 생것:24.0|들깨, 말린것:24.0|파, 대파, 생것:20.0|생강, 뿌리줄기, 생것:20.0|양파, 데친것:40.0|무청, 조선무, 생것:80.0|미꾸리, 생것:300.0",
D053055,초교탕,국(탕)류,곰국 및 탕류,6367.5,"닭은 기름기를 떼어 내고 손질해서 생강, 마늘, 양파를 넣고 삶아 건진다. 껍질은 벗기고 살을 건져 찢고 뼈는 국물에 넣고 다시 끓여 기름을 걷어 내고 국물만 밭쳐 육수를 만들어 놓는다.  생도라지는 가늘게 찢은 다음 소금으로 주물러 씻어 쓴맛을 빼고, 미나리는 다듬어 3cm길이로 잘라 끓는 물에 데친다. 죽순은 얇게 썰어 데친 후 볶아 식히고 붉은 고추는 채썬다(3×0.3×0.3cm).  닭살과 도라지, 미나리를 합하여 닭살 양념으로 무친다.  쇠고기는 다지고 표고는 물에 불려 기둥을 떼고 0.3cm 두께로 채 썬 후 쇠고기 양념으로 무친다.  양념한 것을 모두 합해 밀가루와 달걀을 넣고 잘 섞은 다음 실파를 넣어 으깨지지 않도록 고루 주무른다.   육수에 국간장, 액젓, 소금으로 간을 맞춰 끓이다가 5)의 반죽한 건더기를 한 숟가락씩 넣어 떠오르면 불을 끄고 참기름과 후춧가루를 넣는다.",,"양파, 데친것:100.0|마늘, 생것:30.0|생강, 뿌리줄기, 생것:20.0|후추, 검은색, 가루:0.5|소금, 천일염, 가는소금:3.0|멸치, 액젓:5.0|간장, 재래:12.0|참기름:7.0|닭 육수:2000.0|표고버섯, 참나무재배, 말린것, 삶은것:10.0|소고기, 한우, 양지, 삶은것:100.0|고추, 빨간색, 생것:10.0|파, 쪽파, 생것:30.0|달걀, 삶은것:100.0|밀, 중력밀가루:110.0|대나무순(죽순), 삶은것:100.0|미나리, 물미나리, 데친것:50.0|도라지, 뿌리, 생것:80.0|닭고기, 영계, 삶은것:1000.0",
D180071,닭살양념(초교탕),장류,양념류,30.1,0추후 정보를 갱신 예정입니다.,,"후추, 흰색, 가루:0.1|참기름:7.0|생강, 뿌리줄기, 생것:5.0|마늘, 생것:6.0|파, 대파, 생것:9.0|소금, 천일염, 가는소금:3.0",
D132055,양하꽃대무침(양애깐무침),무침류,숙채,500.0,양하는 껍질을 벗기고 끓는 물에 살짝 데쳐 물기를 뺀다.   데친 양하는 큰 것은 2~4등분 하고 작은 것은 그대로 쓴다.   분량의 재료를 섞어 양념을 만든다.   양하에 양념을 넣고 버무린다.,,"양하, 생것:500.0",
D081043,낙지호롱구이,구이류,어패류구이,1122.0,"낙지는 소금을 넣어 골고루 주물러서 흐르는 물로 씻는다.   볏짚을 가지런히 손질해 적당한 크기로 자르고 반으로 접어서 낙지 머리에 끼운 후 볏짚을 축으로 세워 낙지다리를 가지런히 말아 내린다.   간장, 다진 파, 다진 마늘, 통깨, 참기름을 넣고 양념장을 만든다.   달걀은 황백지단을 부처 곱게 채 썬다(2×0.2×0.2cm).   짚불 위에 석쇠를 놓고 낙지를 올려 애벌구이 한다(또는 팬에 식용유를 두르고 굽는다).   낙지를 서서히 뒤집으면서 구운 뒤 양념장을 발라가며 뒤집어 굽는다.   접시에 가지런히 담고 고명으로 황백지단을 올린다.",,"참기름:2.0|참깨, 흰색, 볶은것:7.0|마늘, 생것:12.0|파, 대파, 생것:15.0|간장, 개량, 양조:30.0|소금, 천일염, 가는소금:6.0|달걀, 부침(달걀프라이):50.0|낙지, 세발낙지, 생것:1000.0",
D123007,가죽부각(가죽자반튀김),튀김류,채소류튀김,1787.0,"냄비에 물과 찹쌀가루를 넣고 끓인다.   1)에 들깻가루, 고춧가루, 고추장을 넣고 잘 섞은 후 국간장을 넣고 저으면서 걸쭉하게 끓인다.   끓는 물에 소금을 넣고 가죽순을 살짝 데친 후 물기를 뺀다.   2)의 찹쌀풀에 가죽순을 넣어 골고루 두껍지 않게 무친 후 채반에 널어 바짝 말린다.   먹을 때 가죽순을 170℃의 식용유에서 재빨리 튀겨 낸다.",대두(콩),"콩기름:200.0|소금, 천일염, 가는소금:1.0|고추장, 개량:20.0|고춧가루:6.0|간장, 재래:15.0|들깨, 말린것:45.0|찹쌀, 백미, 가루:100.0|참죽나물, 순, 데친것:1000.0",
D040043,인삼어죽,죽류,죽류,3475.0,"쌀은 깨끗이 씻어 30분가량 물에 불린 다음 소쿠리에 건져 물기를 빼고, 밀가루는 수제비 반죽을 해서 젖은 면포나 비닐로 덮어 놓는다.   인삼(수삼)은 얇게 편 썰고(0.2cm), 쑥갓은 5cm 길이로 썬다.   민물고기는 내장을 빼고 끓는 물에 푹 삶아서 체에 밭쳐 뼈를 제거한다.   3)에 된장, 고추장, 고춧가루를 푼 다음 40분간 끓여 놓는다.   4)에 불린 쌀, 인삼(수삼), 쑥갓, 다진 파, 다진 마늘을 넣고 센 불에서 끓이다가 약한 불에서 서서히 끓인다. 이때 눌지 않도록 나무주걱으로 저어 준다.   충분히 끓여 쌀알이 퍼지면 수제비, 국수를 넣고 더 끓이면서 소금으로 간을 한다.",,"마늘, 생것:60.0|파, 대파, 생것:45.0|고춧가루:9.0|고추장, 개량:10.0|된장, 개량:30.0|소금, 천일염, 가는소금:1.0|쑥갓, 데친것:50.0|국수, 소면, 말린것, 삶은것:80.0|멥쌀, 백미, 죽:360.0|쏘가리, 생것:400.0|인삼, 수삼, 생것:30.0",
D135027,호두고추장무침,무침류,생채(샐러드),458.0,"호두는 껍질을 벗겨 달군 팬에 넣어 노릇노릇하게 볶아 내어, 뜨거울 때 속껍질을 문질러 벗긴다.  고추장에 꿀, 설탕, 통깨를 섞어 양념장을 만든다.  깐 호두에 양념을 넣어 무친 다음 참기름을 넣어 살짝 버무린다.",,"참깨, 흰색, 볶은것:2.0|설탕, 백설탕:12.0|꿀:30.0|고추장, 개량:100.0|참기름:14.0|호두, 볶은것:300.0",
D093025,미나리전,전류,채소류전,653.0,"미나리는 20cm 길이로 자른다.  풋고추, 붉은 고추는 0.2cm 두께로 어슷썰기 한다.  달걀에 물을 넣어 푼다.  밀가루와 쌀가루를 체에 내린 후 소금으로 간을 하여 3)의 달걀물과 함께 섞어 반죽한다.  다진 쇠고기는 양념하여 팬에서 반 정도만 익힌다.  달군 팬에 식용유를 두르고 미나리를 올린 후 4)의 반죽을 골고루 끼얹는다.  6)에 5)의 쇠고기와 풋고추, 붉은 고추를 올려 지진다.",대두(콩),"콩기름:20.0|소금, 천일염, 가는소금:3.0|고추, 풋고추, 생것:30.0|밀, 중력밀가루:55.0|멥쌀, 백미, 가루:75.0|소고기, 한우, 등심, 구운것(팬):70.0|달걀, 부침(달걀프라이):100.0|미나리, 물미나리, 데친것:200.0",
D071037,서대찜,찜류,어패류찜,525.0,소금을 뿌려 말린 서대를 물로 씻은 후 마른 면포로 물기를 닦는다.  서대에 솔로 참기름을 바른다.  2)의 서대를 찜솥에 넣고 김이 오를 때까지 10분간 쪄낸다.  김이 오르면 잘게 썬 대파와 실고추를 서대 위에 올리고 뚜껑을 덮고 한 김 오르면 불을 끈다.,,"고추, 빨간색, 말린것:1.0|참기름:14.0|파, 대파, 생것:10.0|서대, 참서대, 생것:500.0",
D132044,가지나물,무침류,숙채,434.0,"가지는 꼭지 부분을 떼어내고 2등분 한다.  1)을 찜통에 넣어 찐 후 식힌다.  식힌 가지는 손으로 가늘게 찢어 간장, 다진 마늘, 다진 파, 참기름, 깨소금을 넣어 양념한다.",,"참깨, 흰색, 볶은것:6.0|참기름:14.0|파, 대파, 생것:12.0|마늘, 생것:12.0|간장, 개량, 양조:30.0|가지, 데친것:360.0",
D140039,오이소박이,김치류,김치류,110.0,"오이는 너무 크지 않은 것을 골라 소금으로 껍질을 문질러 씻어서 6~7cm 길이로 썬 후, 가운데에 열십자로 칼집을 넣어 연한 소금물에 담가 절인다.  오이가 알맞게 절여지면 건져서 물기를 꼭 짠다.  부추는 깨끗이 다듬어 씻어 3㎝ 길이로 썰어 놓는다.  고춧가루는 더운물에 불려 놓는다.  그릇에 불린 고춧가루와 다진 마늘, 다진 생강, 새우젓, 소금을 넣고 고루 섞은 다음 부추를 버무려 놓는다.  오이의 칼집을 벌려서 5)의 양념을 넣은 후 항아리에 담아 서늘한 곳에서 익힌다.",,"소금, 천일염, 가는소금:1.0|새우, 젓갈, 토굴육젓:1.0|생강, 뿌리줄기, 생것:0.5|마늘, 생것:0.5|고춧가루:1.5|부추, 재래종, 생것:5.5|오이, 다다기, 생것:40.0",
D053042,밀국낙지탕,국(탕)류,곰국 및 탕류,4591.0,"낙지는 먹물을 빼고 깨끗이 씻는다.  무는 나박 썰고(2.5×2.5×0.3cm), 풋고추와 붉은 고추는 어슷 썬다(0.3cm).  대파의 일부는 어슷 썰고 일부는 다진다.  냄비에 물을 붓고 무를 넣어 끓으면 풋고추, 붉은 고추, 어슷 썬 파, 다진 마늘, 다진 파를 넣고 소금 간을 한다.  한소끔 끓으면 낙지를 넣어 살짝 익힌 다음 칼국수를 넣고 끓인다.",,"낙지, 세발낙지, 생것:2500.0|소금, 천일염, 가는소금:1.0|마늘, 생것:10.0|파, 대파, 생것:20.0|고추, 빨간색, 생것:30.0|고추, 풋고추, 생것:30.0|무, 조선무, 생것:200.0|칼국수면, 생것, 삶은것:200.0",
D040041,옥수수채소죽,죽류,죽류,2015.0,옥수수는 완전히 익히지 않고 알알이 따서 분쇄기에 되직하게 간다.  솥에 물을 넣고 끓기 시작하면 1)을 숟가락으로 떠서 넣는다.  애호박과 풋고추를 채 썰어(5×0.2×0.2cm) 넣는다.  국간장으로 간을 맞춘다.,대두(콩),"간장, 재래:15.0|고추, 풋고추, 생것:100.0|호박, 애호박, 데친것:300.0|옥수수, 찰옥수수, 삶은것:1000.0",
D040022,녹두죽,죽류,죽류,3972.0,녹두는 물을 붓고 삶은 다음 물을 부으면서 체에 내린다. 껍질은 버리고 체에 내린 물을 그대로 가라앉혀 윗물과 앙금을 각각 분리해 둔다.  쌀은 씻어서 2시간 이상 물에 불린 다음 채반에 건져 물기를 빼놓는다.  냄비에 불린 쌀과 1)의 윗물만 붓고 끓인다.  죽이 다 쑤어지면 나머지 앙금을 넣고 한 번 더 끓인다.  소금으로 간을 한다.,,"소금, 천일염, 가는소금:12.0|멥쌀, 백미, 죽:360.0|녹두, 삶은것:400.0",
D013007,김치밥,밥류,채소밥류,365.0,"김치는 국물을 꼭 짠 후에 1cm 폭으로 송송 썰어 참기름, 깨소금, 설탕을 넣어 무친다.  쇠고기는 0.3cm로 얇게 채를 썰어 양념한다.  쌀은 씻어서 불렸다가 건져 물기를 뺀다.  솥에 기름을 두르고 김치를 넣어 잠깐 볶다가 고기를 얹어 볶는다.  4)에 쌀을 넣고 밥물을 보통 밥 짓듯이 부어 밥을 한다. 끓어 오르면 불을 줄여 뜸을 잘 들인 후 고루 섞어서 그릇에 담는다.  밥이 뜨거울 때 양념장을 넣어 비벼 먹는다.",대두(콩),"콩기름:5.0|소고기, 한우, 등심, 구운것(팬):20.0|김치, 배추 김치:40.0|멥쌀, 백미, 밥:140.0",
D012043,조감자밥,밥류,잡곡밥류,300.0,조를 씻어 30분간 물에 불린다.  감자를 씻어 껍질을 벗긴다.  솥에 불린 조와 물을 붓고 감자를 얹어 밥을 짓는다.  감자가 익으면 약한 불로 뜸을 들인다.  밥을 풀 때 감자를 으깨어 고루 섞은 후 그릇에 밥을 담는다.,,"조, 차조, 도정, 생것:20.0|감자, 대지, 삶은것:280.0",
D180086,된장찌개장,장류,양념류,200.0,"된장에 고춧가루와 멸치분말을 넣고 잘 섞어준다.  1)에 다진 마늘, 다진 파를 넣는다.   청주, 멸치분말을 넣어 농도와 맛을 조절한다.",,"멸치, 중멸치, 삶아서 말린것:6.0|마늘, 생것:17.0|고춧가루:8.0|발효주, 청주, 알코올 16%:25.0|파, 대파, 생것:30.0|된장, 개량:114.0",
D180318,초고추장,장류,양념류,200.0,식초와 설탕을 넣은 후 설탕이 잘 녹도록 골고루 섞는다.  1)에 고추장과 꿀을 넣어 농도를 맞춘 후 양념장을 마무리한다.  준비된 양념장을 병에 넣어 사용한다.,,"꿀:14.0|식초, 양조:44.0|설탕, 백설탕:30.0|고추장, 개량:112.0",
D104013,궁중떡볶이,볶음류,곡류 및 두류볶음,409.0,"가래떡은 끓는 물에 데쳐 찬물에 헹군 후 물기를 빼고 유장(간장 : 참기름=1 : 1)에 버무려 놓는다.  소고기, 표고버섯은 양념장 ¼ 정도를 사용하여 버무려 재워놓는다  달걀은 황백지단을 부쳐 모양대로 썰어 놓는다.  팬을 달구어 식용유 1큰술을 두르고 소고기와 표고버섯을 먼저 넣어 볶는다.  재료가 익으면 채 썬 오이, 양파, 당근을 넣고 나머지 양념장을 넣어 볶는다.  재료가 어우러지면 유장 처리한 떡을 넣어 잠시 더 볶아서 그릇에 담고 황백지단을 얹어낸다.",대두(콩),"콩기름:14.0|참기름:4.0|간장, 개량, 양조:4.0|달걀, 부침(달걀프라이):50.0|양파, 데친것:20.0|당근, 뿌리, 데친것:30.0|오이, 다다기, 생것:30.0|표고버섯, 참나무재배, 말린것, 삶은것:7.0|소고기, 한우, 등심, 구운것(팬):50.0|멥쌀떡, 가래떡:200.0|콩기름:14.0|참기름:4.0|간장, 개량, 양조:4.0|달걀, 부침(달걀프라이):50.0|양파, 데친것:20.0|당근, 뿌리, 데친것:30.0|오이, 다다기, 생것:30.0|표고버섯, 참나무재배, 말린것, 삶은것:7.0|소고기, 한우, 등심, 구운것(팬):50.0|멥쌀떡, 가래떡:200.0",
D031045,비빔국수,면 및 만두류,면류,386.5,"국수는 삶아서 물기를 뺀다.  오이와 양배추는 채로 썬다.  당근, 양파는 채 썰어 볶고, 지단은 황백으로 나누어 부쳐서 채 썰어 놓는다.  삶은 국수에 준비된 채소와 양념장, 참기름, 깨소금을 넣고 비벼서 달걀지단을 얹는다.",대두(콩),"콩기름:19.0|참깨, 흰색, 볶은것:4.0|참기름:3.5|달걀, 부침(달걀프라이):50.0|양파, 데친것:20.0|당근, 뿌리, 데친것:20.0|양배추, 생것:30.0|오이, 다다기, 생것:40.0|국수, 소면, 말린것, 삶은것:200.0",
D132066,탕평채,무침류,숙채,237.5,"청포묵은 채 썰어 끓는 물에 데친 후 찬물에 헹궈 물기를 빼고 소금, 참기름으로 밑간을 해둔다.  숙주와 미나리, 당근도 데쳐 소금과 참기름으로 밑간을 해놓는다.  소고기는 간장양념장을 약간(소고기 : 양념장 = 10 : 1) 사용하여 버무렸다가 식용유를 두른 팬에 볶아 식힌다(소고기는 생략 가능).  모든 재료가 준비되면 초간장을 넣어 고루 버무린 후 김을 고명으로 얹어낸다.",대두(콩),"콩기름:14.0|참기름:1.5|소금, 천일염, 가는소금:1.5|김, 참김, 구운것:0.5|당근, 뿌리, 데친것:20.0|미나리, 물미나리, 생것:30.0|숙주나물, 데친것:40.0|소고기, 한우, 등심, 구운것(팬):30.0|녹두묵:100.0",
D114013,두부조림,조림류,기타 조림류,226.0,"팬에 식용유를 두르고 두부를 먼저 노릇하게 지진다.  냄비에 지진 두부와 양념장, 물을 넣고 약한 불에서 양념장을 끼얹어 가며 졸인다.  대파는 다 졸여지면 두부 위에 얹어서 약간 더 졸여서 완성한다.",대두(콩),"콩기름:14.0|파, 대파, 생것:2.0|두부:160.0",
D081048,북어구이,구이류,어패류구이,75.0,북어는 물에 씻은 후 손으로 짜서 물기를 제거하고 먹기 좋게 5~6cm 정도로 자른다.  양념장과 고춧가루를 먼저 잘 섞어 준다.  팬을 달구어 식용유를 두르고 양념한 북어를 가지런히 놓아 한쪽 면이 익으면 뒤집어서 뒷면을 익힌다.,대두(콩),"콩기름:14.0|고춧가루:1.0|명태, 북어, 말린것:60.0",
D072010,갈비찜,찜류,육류찜,707.0,"소갈비는 찬물에 3~4시간 정도 담가 핏물을 제거한다.  갈비가 잠길 정도의 물을 부은 뒤 양파, 대파, 마늘을 넣고 20분 정도 잘 익도록 삶는다.  삶은 갈비는 찬물에 헹구어 물기를 빼고 기름기를 제거하여 칼집을 고루 넣는다.  양념장의 ⅔ 정도를 먼저 넣은 후, 갈비가 반쯤 잠기도록 물을 더 부어주어 끓인다.  국물이 다시 끓기 시작하면 약한 불로 은근히 끓인다.  국물이 졸아들면 나머지 양념장, 무, 당근, 표고버섯을 넣고 약한 불에서 국물이 자작해질 때까지 계속 끓인다. 갈비가 다 익으면 은행을 올려 완성한다.",,"파, 대파, 생것:30.0|마늘, 생것:10.0|양파, 데친것:100.0|은행, 삶은것:10.0|표고버섯, 참나무재배, 말린것, 삶은것:7.0|당근, 뿌리, 데친것:50.0|무, 조선무, 생것:100.0|소고기, 한우, 갈비, 생것:400.0",
D014019,비빔밥,밥류,비빔밥 및 볶음밥류,500.0,"소고기는 5cm 길이, 0.3cm 두께로 채를 썰고 파인애플 즙을 넣어 버무린 후 2시간 동안 재운다.  연육한 소고기에 한식간장, 설탕, 다진 마늘, 참기름을 섞은 양념장을 넣고 골고루 양념한다.  중간 불(100℃)로 가열한 팬에 소고기를 잘 펼쳐서 양념이 타지 않게 볶는다.  다 볶은 소고기를 접시에 담는다.  무는 껍질을 벗기고 깨끗이 씻어 칼로 5cm 길이에 맞춰 자른다. 채칼을 이용해 0.3cm 두께로 채 썬다.  채 썬 무를 볼에 담고 소금을 골고루 뿌려 10분간 절인 뒤 손으로 물기를 꼭 짠다.  고춧가루를 뿌려 색을 입히고 설탕, 다진 마늘, 참기름, 깨소금을 넣고 간을 한다.  양념한 무를 접시에 담는다.  애호박은 껍질째 깨끗이 씻어 칼로 끝부분을 조금 잘라내고 채칼을 이용해 0.3cm 두께로 채 썬다. 길이가 4~5cm 되도록 조절한다.  채 썬 애호박에 소금을 골고루 뿌려 10분간 절인 뒤 손으로 물기를 꼭 짠다.  팬에 식용유를 두르고 채 썬 애호박을 넣어 중간 불(80℃)로 2분간 볶으면서 다진 마늘, 깨소금, 참기름, 소금을 넣고 간을 한다.  다 볶은 애호박을 접시에 담는다.  껍질 벗긴 당근을 깨끗이 씻어 칼로 끝부분을 조금 잘라내고 채칼을 이용해 0.2cm 두께로 채 썬다. 길이가 4~5cm 되도록 조절한다.  팬에 식용유를 두르고 채 썬 당근을 넣어 중간 불(80℃)로 5분간 볶는다.  볶는 동안 소금을 뿌려 간을 한다.  다 볶은 당근을 접시에 담는다.  볼에 달걀을 깨뜨리고 소금을 넣어 잘 풀어준다.  팬에 식용유를 살짝 두르고 키친타올로 닦은 뒤 약한 불에 달걀을 부어 지단을 부친다.  익힌 달걀지단을 식힌 후 5cm 길이, 0.3cm 두께로 채 썬다.  채 썬 달걀지단을 접시에 담는다.  쌀을 여러 번 씻은 후 깨끗한 물에 담가 2시간 동안 불린다.  불린 쌀을 체에 밭친다.  불린 쌀에 물 1과 ¼컵을 넣어 밥솥에 밥을 짓는다. *기호에 따라 물의 양을 조절한다.  다 익은 밥과 준비한 재료들을 그릇에 담고 양념장을 얹는다.",대두(콩),"고추장, 개량:15.0|멥쌀, 백미, 밥:210.0|달걀, 생것:80.0|당근, 뿌리, 생것:35.0|콩기름:15.0|호박, 애호박, 생것:35.0|참깨, 흰색, 볶은것:3.0|소금, 천일염, 가는소금:0.0|고춧가루:2.0|무, 조선무, 생것:35.0|참기름:5.0|마늘, 생것:5.0|설탕, 백설탕:0.0|간장, 재래:0.0|소고기, 한우, 등심, 생것:60.0",
D065019,삼채 김치찌개,찌개류,기타찌개류,847.0,"배추김치는 먹기 좋은 크기로 썬다.  삼채 뿌리는 깨끗이 씻어 물기를 뺀다.   대파와 청양고추는 어슷하게 썬다.   배추김치, 돼지고기, 삼채와 양파를 넣고 물을 자작하게 부어 같이 끓인다.  새우젓을 넣어 간을 맞춘 후 대파와 청양고추를 넣는다.",새우,"새우, 젓갈, 토굴육젓:9.0|양파, 데친것:80.0|고추, 청양고추, 생것:10.0|파, 대파, 생것:18.0|삼채, 잎줄기, 데친것:30.0|돼지고기, 사태, 삶은것:100.0|김치, 배추 김치:600.0",
D135020,삼채 샐러드,무침류,생채(샐러드),160.0,"삼채 뿌리는 씻어서 물기를 빼고 5cm 길이로 자른다.  양상추와 새싹채소는 씻어서 물기를 빼고, 양상추는 먹기 좋은 크기로 잘라 둔다.  샐러드 소스를 섞어서 준비한다.  넓은 샐러드 그릇에 양상추를 깔고 삼채 뿌리와 새싹채소를 얹어준다.  샐러드 소스를 골고루 뿌려서 마무리한다.",,"무순, 싹, 생것:10.0|상추, 결구(양상추), 녹색, 생것:50.0|삼채, 뿌리, 생것:100.0",
D201009,미숫가루,음료류,기타 음료류,245.0,"보리쌀과 찹쌀은 각각 씻어 불린 후 푹 쪄서 말려 볶는다.  콩은 깨끗이 씻어 말린 후 볶아서 키 바닥에 놓고 문질러 껍질을 제거한다.  들깨는 깨끗이 씻어 말린 후 문질러서 껍질을 날린 후 볶고, 참깨는 깨끗이 씻어 볶는다.  율무도 씻은 후 푹 쪄서 말려 볶는다.  준비된 재료를 곱게 갈아 따로 담아 둔다.  기호에 따라 가루를 배합하여 설탕물이나 꿀물에 타서 시원하게 마신다.",,"설탕, 백설탕:25.0|율무, 도정, 생것:41.0|참깨, 흰색, 볶은것:30.0|들깨, 볶은것:28.0|대두, 노란색, 삶은것:40.0|보리, 가루:38.0|멥쌀, 백미, 가루:43.0",
D201022,호박식혜,음료류,기타 음료류,249.0,"엿기름 가루는 찬물에 하루 정도 충분히 우려낸 후 밭쳐 앙금을 가라 앉힌 다음 맑은 윗물만 따라 낸다.  찹쌀을 씻어 충분히 불려 고두밥을 찐다.  단호박, 늙은 호박을 삶은 후 곱게 으깬다.  늙은 호박, 단호박, 뜨거운 찰밥을 엿기름물에 섞어 50~60℃에서 5시간쯤 삭힌다.  밥알이 삭아서 떠오르면 설탕을 넣어 한 번 끓인다.  5)를 식혀서 먹기 직전에 잣을 띄운다.",잣,"잣, 볶은것:2.0|설탕, 백설탕:18.0|보리, 엿기름:23.0|찹쌀, 백미, 생것:20.0|호박, 단호박, 찐것:13.0|호박, 늙은호박, 삶은것:23.0",
D081054,장어구이,구이류,어패류구이,313.0,"장어는 머리와 등뼈를 발라 내고 깨끗이 씻어 물기를 뺀다.  장어머리와 뼈는 깨끗이 씻어 냄비에 참기름을 두르고 볶다가 물을 부어 끓여 육수를 만든다.  냄비에 육수(1/2컵)를 붓고 고추장, 다진 생강, 다진 마늘, 정종, 참기름, 물엿을 넣어 끓인 후 국간장으로 간을 하여 양념장을 만든다.  장어를 팬에서 초벌구이를 한 후 양념장을 발라 다시 굽는다.",대두(콩),"간장, 재래:4.0|참기름:1.0|생강, 뿌리줄기, 생것:3.0|마늘, 생것:4.0|발효주, 청주, 알코올 16%:4.0|물엿:8.0|고추장, 개량:19.0|장어, 뱀장어, 구운것:120.0",
D095025,버섯전,전류,기타 전류,29.0,"표고버섯과 느타리버섯, 석이버섯은 물에 불린 다음 곱게 채 썰어 분량의 재료로 양념하여 무친다.  1)의 양념한 버섯을 밀가루에 버무려 달걀을 넣고 잘 섞는다.  팬에 식용유를 넉넉히 두르고 한 숟가락씩 떠 놓아 부친다.",대두(콩),"콩기름:3.0|달걀, 부침(달걀프라이):13.0|밀, 중력밀가루:4.0|석이버섯, 말린것:1.0|느타리버섯, 데친것:3.0|표고버섯, 참나무재배, 말린것, 삶은것:5.0",
D111049,홍합초,조림류,어패류조림,115.0,"홍합은 살만 발라 끓는 소금물에 살짝 데쳐 물기를 뺀다.  쇠고기는 길이로 채썰어 분량의 양념으로 무친 후 볶아 식힌다.  대파의 흰 부분과 생강은 2cm의 길이로 곱게 채썰고, 마늘은 0.2cm 두께로 편으로 썬다. 팬을 달궈 살짝 두른 후 파채, 마늘편, 생강채를 볶다가 조림장을 넣어 반 정도 조린다.  조림장에 홍합살을 넣어 조리다가 쇠고기를 넣어 자작하게 조린 후 전분을 물에 개어 붓고 골고루 섞는다. 꿀과 참기름으로 마무리하고 잣을 얹어 낸다.",,"생강, 뿌리줄기, 생것:3.0|마늘, 생것:5.0|파, 대파, 생것:3.0|잣, 볶은것:2.0|전분, 감자, 가루:4.0|참기름:2.5|꿀:3.5|소고기, 한우(1등급), 우둔(우둔살), 생것:13.0|담치, 참담치(홍합), 생것:75.0",
D132060,죽순채,무침류,숙채,454.0,"생죽순은 뾰족한 끝을 5cm 정도 어슷하게 자르고 길이로 밑둥에 칼집을 넣어 냄비에 쌀뜨물과 마른 고추를 함께 넣어 1시간 정도 삶아서 그대로 식힌다.  삶은 죽순을 껍질을 벗겨 반을 갈라서 빗살모양으로 납작하게 썬다.  쇠고기는 채(5×0.2×0.2cm) 썰고, 건표고버섯은 물에 불려 기둥을 떼어 내고 0.2cm 너비로 채 썰어 쇠고기와 합하여 고기 양념으로 무쳐서 팬에 기름을 두른 후 볶아서 식힌다.  미나리는 잎을 떼어 다듬어 4cm 길이로 자르고, 숙주는 머리와 꼬리를 다듬어서 끓는 물에 소금을 약간 넣어 데친다.  달걀은 황백으로 나누어 풀어 지단을 부쳐서 채 썰고(4×0.2×0.2cm) 볶은 죽순과 볶은 쇠고기와 표고버섯, 미나리, 숙주, 고추채를 한 데 모아서 죽순채 양념을 넣어 고루 섞어서 무친다.  그릇에 담고 황백지단을 올린다.","난류,밀","달걀, 부침(달걀프라이):13.0|고추, 빨간색, 생것:15.0|표고버섯, 참나무재배, 말린것, 삶은것:5.0|고추, 빨간색, 말린것:3.0|대나무순(죽순), 삶은것:150.0|숙주나물, 데친것:25.0|미나리, 물미나리, 데친것:13.0|소고기, 한우(1등급), 우둔(우둔살), 생것:30.0",
D180197,양념장(가지나물),장류,양념류,4.8,0추후 정보를 갱신 예정입니다.,,"참깨, 흰색, 볶은것:0.3|참기름:0.5|마늘, 생것:1.0|파, 대파, 생것:1.0|간장, 개량, 양조:2.0",
D133033,대하잣즙무침,무침류,어패류무침,320.3,큰 새우는 껍질째 깨끗이 씻어 등쪽의 내장을 꼬치로 빼고 소금을 뿌려 찜통에 7~8분 정도 쪄서 둥글게 오므라 들도록 한다.  새우가 익으면 머리를 떼고 껍질을 벗겨 어슷하게 3cm 폭으로 저며 썬다.  사태는 미리 삶아서 편육을 만들어 납작하게 썬다.  오이는 길이로 반갈라 어슷썰어(0.3cm) 소금에 절였다가 물기를 꼭 짜 식용유에 살짝 볶아 식힌다.  삶은 죽순은 반 갈라 빗살모양으로 얇게 썰어서 소금과 흰 후춧가루로 간을 하고 식용유에 볶아 넓은 그릇에 펴서 식힌다.  도마에 넓은 종이를 펴고 잣을 곱게 다져서 잣가루를 만든다.  분량의 재료를 넣어 잣즙을 만들어서 위에서 준비한 재료를 한 데 담고 소금과 흰 후춧가루를 살짝 뿌린 다음 잣즙을 넣어 가볍게 무친다.,,"소금, 천일염, 가는소금:0.3|콩기름:7.0|대나무순(죽순), 삶은것:25.0|오이, 다다기, 생것:38.0|소고기, 한우(1등급), 사태(뒷사태), 생것:50.0|새우, 대하, 생것:200.0",
D063026,청국장찌개,찌개류,된장찌개류,320.0,"두부는 깍둑썰고(사방 2cm), 배추김치는 3~4cm 폭으로 썰고, 풋고추는 어슷썬다(0.3cm). 쇠고기는 잘게 썰어 소금, 다진 파, 다진 마늘로 넣고 양념한다.  뚝배기에 쌀뜨물을 붓고 쇠고기와 김치를 함께 넣어 끓인다.  한소끔 끓으면 청국장을 풀어 넣고 풋고추와 두부를 넣어 끓이다가 고춧가루와 소금으로 간을 맞춘다.",,"소금, 천일염, 가는소금:1.0|고춧가루:1.0|마늘, 생것:3.0|파, 대파, 생것:3.0|고추, 풋고추, 생것:11.0|김치, 배추 김치:50.0|두부:63.0|소고기, 한우, 양지, 삶은것:13.0|청국장:25.0",
D053062,토란탕,국(탕)류,곰국 및 탕류,672.0,냄비에 쇠고기를 넣고 물을 부어 푹 삶은 다음 고기는 잘게 찢어 양념을 하고 고기 삶은 물은 따로 둔다.  토란은 껍질을 벗겨 큰 것은 2등분을 하고 쌀뜨물에 소금을 약간 넣고 살짝 삶아 헹궈 둔다.  들깨와 쌀은 고기 삶은 물을 부어가며 분쇄기에 곱게 간다.  3)을 체에 거르고 여기에 데친 토란과 양념한 고기를 넣고 끓인다.  소금으로 간을 한다.,,"소금, 천일염, 가는소금:1.0|멥쌀, 백미, 밥:8.0|들깨, 볶은것:13.0|소고기, 한우, 양지, 삶은것:25.0|토란, 삶은것:100.0",
D180124,쇠고기 양념(토란탕),장류,양념류,6.1,0추후 정보를 갱신 예정입니다.,,"후추, 검은색, 가루:0.1|참기름:1.0|마늘, 생것:1.0|파, 대파, 생것:2.0|간장, 재래:2.0",
D053038,낙지연포탕,국(탕)류,곰국 및 탕류,670.0,"낙지는 깨끗이 손질하여 씻고 물기를 뺀다.  쪽파는 씻어 3cm 길이로 썬다.  냄비에 멸치장국 국물을 붓고 낙지를 통째로 넣어 삶아 낙지가 익으면 꺼내어 4cm 길이로 썰어 넣는다.  3)에 쪽파, 다진 마늘, 참기름, 깨소금을 넣고 소금으로 간을 하여 한소끔 더 끓인다.",,"참깨, 흰색, 볶은것:1.0|참기름:2.0|소금, 천일염, 가는소금:1.0|마늘, 생것:3.0|멸치 육수:400.0|파, 쪽파, 생것:13.0|낙지, 세발낙지, 생것:250.0",
D051096,매생이국,국(탕)류,맑은국류,545.0,"매생이는 물에 서너 번 헹궈 고운 체에 밭쳐 물기를 뺀다.  굴에 소금을 넣고 으깨지지 않도록 살살 주무른 후 물로 서너 번 헹궈 체에 받쳐 둔다.  두꺼운 냄비에 참기름을 두르고, 굴과 다진 마늘을 넣고 볶는다.  굴의 향이 우러나면 매생이를 넣고 물을 부어 살짝 끓인 다음 국간장으로 간을 한다.",,"참기름:2.0|마늘, 생것:10.0|간장, 재래:8.0|굴, 참굴, 양식, 생것:25.0|매생이, 생것:100.0",
D052059,들깨우거지국,국(탕)류,된장국류,485.0,"들깨는 깨끗이 씻어 물기를 뺀 후 분쇄기에 간다.  대파는 어슷썰고(0.3cm), 우거지는 5cm 길이로 썬다.  냄비에 물을 붓고 된장을 풀어 우거지를 넣어 끓인다.  들깻가루, 어슷썬 대파, 다진 마늘을 넣고 한소끔 더 끓여 국간장으로 간을 한다.",대두(콩),"간장, 재래:7.0|마늘, 생것:4.0|된장, 개량:9.0|파, 대파, 생것:5.0|들깨, 볶은것:10.0|배추, 시래기, 말린것, 삶은것:100.0",
D012037,양주밤밥,밥류,잡곡밥류,186.0,멥쌀과 찹쌀을 깨끗이 씻어서 30분 정도 소쿠리에 건져 놓는다.  밤은 하루 정도 미지근한 물에 충분히 불려 껍질을 벗기고 큰 것은 2등분한다.  껍질 벗긴 은행은 달군 팬에 기름을 약간 둘러 살짝 볶은 후 마른 수건이나 깨끗한 면보로 살살 비벼 속껍질은 벗긴다.  밥솥에 불린 쌀을 넣고 그 위에 밤과 은행을 얹어 물을 부어 밥을 짓는다.,,"밤, 삶은것:70.0|은행, 삶은것:10.0|찹쌀, 백미, 보람찰, 밥:20.0|멥쌀, 백미, 밥:86.0",
D013014,버섯밥,밥류,채소밥류,250.5,"쌀은 깨끗이 씻어 30분 정도 불린다.  송이버섯은 5×0.3×0.3cm 크기로 썰고, 느타리버섯은 한 가닥씩 찢는다.  건표고버섯은 물에 불려서 4등분하여 끓는 물에 데치고, 애호박은 굵게 채 썬다(5×0.3×0.3cm).  솥에 불린 쌀을 넣고 그 위에 느타리버섯, 표고버섯, 송이버섯 3/4, 호박을 얹은 다음 물을 부어 밥을 짓는다. 송이버섯 1/4은 팬에 참기름을 두르고 볶다가 소금 간을 한다.  밥이 다 됐으면 따로 볶은 송이버섯을 섞은 후 양념장을 만들어 함께 곁들인다.",,"소금, 천일염, 가는소금:0.2|참기름:0.3|찹쌀, 백미, 보람찰, 밥:20.0|호박, 애호박, 데친것:10.0|느타리버섯, 데친것:10.0|송이버섯, 데친것:10.0|표고버섯, 참나무재배, 말린것, 삶은것:10.0|멥쌀, 백미, 밥:190.0",
D013010,마밥,밥류,채소밥류,240.0,"마는 껍질을 벗겨 깍둑썰기하여 1시간 정도 촛물에 담근 후 물기를 뺀다.  쌀은 깨끗이 씻어 30분 정도 물에 불린다.  솥에 1), 2)와 물을 넣어 밥을 짓다가 밥이 끓으면 중불로 줄이고 쌀알이 퍼지면 불을 약하게 하여 뜸을 들인 후 잘 섞는다.  3)의 밥을 고루 섞어 담고 양념장을 곁들인다.",,"마, 장마, 삶은것:50.0|멥쌀, 백미, 밥:190.0",
D291011,촛물(마밥),원재료,조미로류,107.0,0추후 정보를 갱신 예정입니다.,,"식초, 감식초:7.0",
D180306,초간장,장류,양념류,40.0,"볼(bowl)에 물, 간장, 식초, 설탕을 넣고 설탕이 잘 녹도록 골고루 섞어준다.",,"설탕, 백설탕:6.0|식초, 감식초:10.0|간장, 개량, 양조:13.0",
D180289,젓갈양념장,장류,양념류,20.0,"볼(bowl)에 새우젓을 넣고, 다진 파, 다진 마늘을 넣어 섞어준다.  참기름을 넣어 마무리한다.",,"참기름:1.0|파, 대파, 생것:4.0|마늘, 생것:2.0|새우, 젓갈, 토굴육젓:13.0",
D180059,김치양념장,장류,양념류,121.0,"찹쌀가루와 물을 넣고 끓여 찹쌀풀을 만든다.  생강은 흐르는 물에 껍질을 씻어 제거한 후 곱게 다진다.  볼(bowl)에 멸치액젓, 새우젓, 고춧가루를 넣어 섞는다.  3)에 다진 마늘, 다진 생강을 추가로 넣어 섞은 후 찹쌀풀, 설탕을 넣어 양념장을 마무리 한다.",,"찹쌀, 백미, 가루:51.0|소금, 천일염, 굵은소금:2.0|참깨, 흰색, 볶은것:3.0|설탕, 백설탕:3.0|생강, 뿌리줄기, 생것:3.0|마늘, 생것:8.0|고춧가루:28.0|새우, 젓갈, 토굴육젓:6.0|멸치, 액젓:17.0",
D180052,고추장찌개장,장류,양념류,172.0,"생강은 껍질을 흐르는 물에 제거해주고 곱게 다져둔다.  볼(bowl)에 조선간장과 청주, 설탕을 넣어 설탕이 녹도록 잘 섞어준다.  2)에 고추장, 고춧가루를 넣고 섞는다.  준비한 다진 대파, 다진 마늘, 다진 생강에 참기름를 첨가하여 잘 섞어준다.  약불에 볼을 올려 재료가 골고루 잘 섞이도록 저어준다.  양념장은 식힌 후 사용한다.",,"발효주, 청주, 알코올 16%:11.0|파, 대파, 생것:22.0|소금, 천일염, 가는소금:6.0|마늘, 생것:22.0|참기름:7.0|고춧가루:15.0|설탕, 백설탕:5.0|간장, 재래:40.0|생강, 뿌리줄기, 생것:4.0|고추장, 개량:40.0",
D114019,찰옥수수 알감자 조림,조림류,기타 조림류,879.1,"찰옥수수는 잎과 수염을 떼어낸 뒤 알맹이만 분리하여 삶아내고, 마늘은 반으로 썰고, 꽈리고추는 꼬치로 찔러 구멍을 낸다.  알감자는 깨끗이 씻어 냄비에 넣고 잠길 만큼 물을 부어 중간 불로 끓여 반 정도 익힌다. 젓가락으로 찔렀을 때 살짝 뻑뻑하게 들어갈 정도로 익혀주세요.  중간 불로 달군 팬에 식용유를 두른 뒤 익힌 감자와 마늘을 넣어 2분간 볶는다.  물(1컵)을 붓고 설탕, 맛술, 간장을 넣어 5분간 끓인다.  삶은 찰옥수수를 넣고 양념이 1/3로 줄어들 때까지 조린다.  감자가 거의 다 익으면 꽈리고추, 물엿, 후춧가루를 넣고 윤기 나게 조린 뒤 참깨를 뿌려 마무리한다. 감자를 젓가락으로 찔러 푹 들어갈 때까지 익혀주세요.",,"참깨, 흰색, 볶은것:1.0|후추, 검은색, 가루:0.1|물엿:20.0|간장, 개량, 양조:52.0|맛술:15.0|설탕, 백설탕:12.0|콩기름:14.0|마늘, 생것:15.0|고추, 꽈리고추, 생것:50.0|감자, 대지, 삶은것:500.0|옥수수, 찰옥수수, 삶은것:200.0",
D287030,소스(삼채 샐러드),원재료,소스류,183.5,0추후 정보를 갱신 예정입니다.,,"소금, 천일염, 가는소금:1.5|참기름:7.0|레몬 착즙:15.0|유자청:160.0",
D012029,귀리밥,밥류,잡곡밥류,190.0,0추후 정보를 갱신 예정입니다.,,"귀리, 쌀귀리, 도정, 밥:50.0|찹쌀, 백미, 보람찰, 밥:140.0",
D180018,간장양념장,장류,양념류,20.0,0추후 정보를 갱신 예정입니다.,,"후추, 검은색, 가루:0.1|참기름:0.5|참깨, 흰색, 볶은것:0.4|마늘, 생것:1.5|파, 대파, 생것:2.0|설탕, 백설탕:3.5|간장, 개량, 양조:6.5",
D012027,귀리누룽지,밥류,잡곡밥류,70.0,분량의 물로 불린 귀리와 쌀로 밥을 짓는다.  누룽지기계에 밥을 넣고 5~6분간 가열하여 눌린다.,,"즉석밥, 누룽지:60.0|귀리, 쌀귀리, 도정, 생것:10.0",
D040049,팥죽,죽류,죽류,486.0,"찹쌀가루에 소금을 넣고 익반죽하여 새알심 빚기  새알심은 끓는 물에 삶아 건져 찬물에 담가두기  불린 팥은 물을(팥의 5배) 넣고 끓이다가 새알심을 넣고 끓이기, 소금이나 설탕으로 간하기",,"소금, 천일염, 가는소금:1.0|찹쌀, 백미, 가루:50.0|팥, 적색, 삶은것:420.0",
D022012,깨엿강정,과자 및 빵류,과자류,184.0,"참깨는 씻어서 체에 받쳐 물기를 제거  엿강정 시럽(물, 설탕, 물엿)을 중불에서 끓이다가 깨를 넣고 섞으면서 버무리기  강정 틀 위에 비닐을 깔아 식용유를 바르고 시럽에 버무린 깨를 붓고 밀대로 밀어 적당한 크기로 자르기",,"물엿:4.0|설탕, 백설탕:12.0|콩기름:5.0|참깨, 흰색, 볶은것:160.0",
D230050,증편,떡류,떡류,224.5,"멥쌀은 하루 불려 씻은 후 소금을 약간 넣고 곱게 빻아 따뜻한 물과 막걸리, 설탕을 넣어 묽게 반죽 후 하룻밤 발효시키기  씨를 제거한 대추와 불린 석이버섯은 채썰기  찜솥에 면포를 깔고 발효시킨 반죽을 붓고 그 위에 채썬 대추와 석이버섯, 통깨를 고명으로 얹어 찌기",,"석이버섯, 말린것:2.4|대추, 말린것:1.5|소금, 천일염, 가는소금:0.6|설탕, 백설탕:10.0|발효주, 탁주, 막걸리, 알코올 6%:40.0|멥쌀, 백미, 가루:90.0",
D032011,채만두,면 및 만두류,만두류,874.0,"메밀가루는 익반죽하고 밀어서 만두피 만들기  갓김치는 송송 썰고, 묵나물은 삶아 썰어 다진파, 다진마늘, 소금, 참기름, 후춧가루를 넣어 만두소 만들어 만두피에 넣어서 빚기  김이 오른 찜통에 면포를 깔고 20분간 찐 후 들기름 바르기",,"후추, 검은색, 가루:2.0|참기름:5.0|소금, 천일염, 가는소금:3.0|마늘, 생것:5.0|파, 대파, 생것:5.0|들기름:4.0|취나물, 참취, 삶아서 말린것, 데친것:200.0|김치, 갓김치:200.0|메밀, 도정, 가루:300.0",
D114020,콩자반,조림류,기타 조림류,738.0,"콩을 씻어 체에 받쳐 물기 제거  냄비에 콩과 간장, 물, 설탕을 넣고 센 불에 3분정도 올려 끓인 뒤, 중불로 낮춰 30분정도 끓이기  콩이 익으면 물엿을 넣고 약한 불로 졸이기(10분)  통깨를 넣고 섞기",,"참깨, 흰색, 볶은것:2.0|물엿:7.0|설탕, 백설탕:24.0|간장, 개량, 양조:5.0|대두, 검은색, 서리태, 삶은것:200.0",
D190010,잡곡 쉐이크,우유 및 유제품류,우유 및 유제품류,221.0,"믹서기에 우유(혹은 두유)와 선식 가루 및 설탕을 넣는다.  선식 가루가 잘 풀릴 때까지 믹서기를 돌린다.  각 얼음을 몇 개 넣고 얼음이 갈릴 때까지 믹서기를 돌린 후, 예쁜 컵에 담아낸다.",,"꿀:5.0|우유:150.0|잡곡, 현미, 찹쌀, 현미찹쌀, 보리 등, 생것:36.0",
D153002,부추강회,회류,채소류회,114.0,,,"참기름:1.0|식초, 양조:1.0|간장, 재래:2.0|오징어, 구운것:40.0|부추, 재래종, 데친것:70.0",
D132110,냉이파강회,무침류,숙채,193.4,,,"설탕, 백설탕:5.0|식초, 감식초:5.0|고추장, 개량:15.0|생수:0.0|소고기, 한우(1등급), 앞다리(부채살), 생것:20.0|소금, 천일염, 가는소금:0.4|콩기름:2.0|잣, 생것:3.0|달걀, 생것:30.0|고추, 빨간색, 녹광, 생것:3.0|파, 쪽파, 생것:60.0|냉이, 생것:50.0|설탕, 백설탕:5.0|식초, 감식초:5.0|고추장, 개량:15.0|생수:0.0|소고기, 한우(1등급), 앞다리(부채살), 생것:20.0|소금, 천일염, 가는소금:0.4|콩기름:2.0|잣, 생것:3.0|달걀, 생것:30.0|고추, 빨간색, 녹광, 생것:3.0|파, 쪽파, 생것:60.0|냉이, 생것:50.0",
D152001,양회,회류,육류회,38.0,,,"후추, 검은색, 가루:1.0|마늘, 생것:1.0|파, 쪽파, 생것:2.0|참기름:2.0|소금, 천일염, 가는소금:2.0|소 부산물, 양(위), 생것:30.0",
D133025,홍어회무침(초고추장),무침류,어패류무침,140.0,,,"소금, 천일염, 가는소금:1.0|마늘, 생것:1.0|고춧가루:1.0|간장, 개량, 양조:1.0|식초, 감식초:3.0|고추장, 개량:3.0|파, 쪽파, 생것:10.0|양파, 생것:10.0|미나리, 물미나리, 생것:10.0|오이, 다다기, 생것:20.0|무, 조선무, 생것:30.0|홍어, 생것:50.0|소금, 천일염, 가는소금:1.0|마늘, 생것:1.0|고춧가루:1.0|간장, 개량, 양조:1.0|식초, 감식초:3.0|고추장, 개량:3.0|파, 쪽파, 생것:10.0|양파, 생것:10.0|미나리, 물미나리, 생것:10.0|오이, 다다기, 생것:20.0|무, 조선무, 생것:30.0|홍어, 생것:50.0",
D152002,육회,회류,육류회,38.0,,,"후추, 검은색, 가루:1.0|마늘, 생것:1.0|파, 대파, 생것:2.0|참기름:2.0|소금, 천일염, 가는소금:2.0|소고기, 한우(1등급), 우둔(우둔살), 생것:30.0",
D151008,해삼회,회류,어패류회,100.0,,,"파, 쪽파, 생것:1.0|탄산 음료, 사이다:1.0|고춧가루:1.0|고추냉이, 페이스트:1.0|식초, 감식초:2.0|설탕, 백설탕:2.0|마늘, 생것:2.0|고추장, 개량:5.0|간장, 개량, 양조:5.0|해삼, 생것:80.0",
D151006,오징어숙회,회류,어패류회,90.0,,,"파, 쪽파, 생것:1.0|탄산 음료, 사이다:1.0|고춧가루:1.0|고추냉이, 페이스트:1.0|식초, 감식초:2.0|설탕, 백설탕:2.0|마늘, 생것:2.0|고추장, 개량:5.0|간장, 개량, 양조:5.0|오징어, 구운것:70.0",
D151007,한치회,회류,어패류회,70.0,,,"한치, 생것:70.0",
D151005,소라회,회류,어패류회,80.0,,"어패류(굴, 전복, 홍합 포함)","소라, 생것:80.0",
D151017,생선회,회류,어패류회,382.0,,,"마늘, 생것:6.0|설탕, 백설탕:12.0|식초, 감식초:14.0|고추장, 개량:36.0|후추, 검은색, 가루:1.0|고추, 빨간색, 생것:8.0|잣, 볶은것:1.0|참기름:4.0|가리비, 관자, 생것:100.0|민어, 생것:200.0",
D151004,문어회,회류,어패류회,70.0,,,"문어, 생것:70.0",
D151003,멍게회,회류,어패류회,80.0,,,"멍게, 양식, 생것:80.0",
D151002,낙지회,회류,어패류회,70.0,,,"낙지, 세발낙지, 생것:70.0",
D151001,굴회,회류,어패류회,80.0,,"어패류(굴, 전복, 홍합 포함)","굴, 참굴, 양식, 생것:80.0",
D125007,파래튀김,튀김류,해조류튀김,25.0,,,"파래, 말린것:2.0|소금, 천일염, 가는소금:3.0|콩기름:5.0|밀, 튀김가루:5.0|달걀, 부침(달걀프라이):10.0",
D125006,미역튀김,튀김류,해조류튀김,12.0,,,"설탕, 백설탕:1.0|소금, 천일염, 가는소금:2.0|미역 튀각:4.0|콩기름:5.0",
D125005,미역부각,튀김류,해조류튀김,30.0,,,"참깨, 흰색, 볶은것:1.0|찹쌀, 백미, 가루:2.0|콩기름:3.0|설탕, 백설탕:4.0|미역 튀각:20.0",
D125004,다시마튀김,튀김류,해조류튀김,16.0,,대두(콩),"콩기름:5.0|설탕, 백설탕:5.0|다시마 튀각:6.0",
D125003,다시마부각,튀김류,해조류튀김,22.0,,,"참깨, 흰색, 볶은것:2.0|찹쌀, 백미, 가루:4.0|콩기름:5.0|설탕, 백설탕:5.0|다시마 튀각:6.0",
D125002,김부각,튀김류,해조류튀김,20.0,,,"참깨, 흰색, 볶은것:1.0|김, 참김, 구운것:2.0|콩기름:3.0|설탕, 백설탕:4.0|찹쌀, 백미, 가루:10.0",
D125001,김말이튀김,튀김류,해조류튀김,77.0,,,"소금, 천일염, 가는소금:2.0|김, 참김, 구운것:3.0|고추, 빨간색, 생것:3.0|당면, 고구마, 삶은것:6.0|콩기름:8.0|달걀, 부침(달걀프라이):15.0|어묵, 게맛살 첨가:20.0|밀, 중력밀가루:20.0",
D123019,풋고추 새우살 튀김,튀김류,채소류튀김,154.15,,대두(콩),"간장, 개량, 양조:3.0|식초, 감식초:2.0|설탕, 백설탕:2.0|콩기름:12.0|후추, 검은색, 가루:0.05|소금, 천일염, 가는소금:0.1|전분, 감자, 가루:1.0|파, 쪽파, 생것:2.0|양파, 생것:10.0|밀, 빵가루:6.0|생수:24.0|밀, 튀김가루:12.0|새우, 중하, 생것:40.0|고추, 풋고추, 생것:40.0",
D123018,참깨소스를 곁들인 찹쌀더덕튀김,튀김류,채소류튀김,97.1,,,"꿀:3.0|마요네즈:3.0|두유, 대두:12.0|간장, 개량, 양조:2.0|소금, 천일염, 가는소금:0.1|참깨, 흰색, 볶은것:2.0|콩기름:8.0|밀, 튀김가루:15.0|찹쌀, 백미, 생것:12.0|더덕, 뿌리, 생것:40.0",
D123006,오이튀김,튀김류,채소류튀김,33.0,,,"소금, 천일염, 가는소금:2.0|콩기름:5.0|밀, 튀김가루:6.0|달걀, 부침(달걀프라이):10.0|오이, 취청, 생것:10.0",
D123017,단호박고기튀김,튀김류,채소류튀김,149.3,,,"물엿:6.0|겨자 페이스트:3.0|후추, 검은색, 가루:0.2|소금, 천일염, 가는소금:0.1|콩기름:10.0|밀, 빵가루:4.0|달걀, 생것:30.0|밀, 박력밀가루:6.0|양배추, 생것:20.0|베이컨:30.0|호박, 단호박, 생것:40.0",
D123003,깻잎튀김,튀김류,채소류튀김,36.0,,,"소금, 천일염, 가는소금:1.0|콩기름:5.0|밀, 튀김가루:10.0|들깻잎, 데친것:20.0",
D123005,연근튀김,튀김류,채소류튀김,96.0,,,"소금, 천일염, 가는소금:1.0|콩기름:5.0|밀, 튀김가루:10.0|달걀, 부침(달걀프라이):20.0|연근, 생것:60.0",
D123016,깻잎 부각,튀김류,채소류튀김,64.3,,대두(콩),"콩기름:5.0|참깨, 흰색, 말린것:1.0|소금, 천일염, 가는소금:0.3|생수:40.0|찹쌀, 백미, 생것:8.0|들깻잎, 생것:10.0",
D123004,도라지튀김,튀김류,채소류튀김,86.0,,,"소금, 천일염, 가는소금:1.0|콩기름:5.0|밀, 튀김가루:10.0|달걀, 부침(달걀프라이):20.0|도라지, 뿌리, 데친것:50.0",
D123015,고추부각,튀김류,채소류튀김,137.0,,대두(콩),"콩기름:18.0|소금, 천일염, 가는소금:3.0|밀, 중력밀가루:16.0|고추, 풋고추, 생것:100.0",
D123002,고추튀김,튀김류,채소류튀김,61.0,,,"설탕, 백설탕:1.0|소금, 천일염, 가는소금:2.0|콩기름:8.0|밀, 중력밀가루:10.0|고추, 풋고추, 생것:40.0",
D122015,햄커틀릿,튀김류,육류튀김,85.0,,,"후추, 검은색, 가루:1.0|소금, 천일염, 가는소금:1.0|콩기름:5.0|밀, 중력밀가루:6.0|밀, 빵가루:10.0|달걀, 부침(달걀프라이):22.0|햄, 등심햄:40.0",
D123001,가지튀김,튀김류,채소류튀김,113.0,,,"파, 대파, 생것:2.0|마늘, 생것:2.0|소금, 천일염, 가는소금:5.0|전분, 감자, 가루:6.0|밀, 중력밀가루:8.0|콩기름:10.0|두부:10.0|돼지고기, 등심, 구운것(팬):20.0|가지, 데친것:50.0",
D122013,양념통닭,튀김류,육류튀김,125.0,,,"후추, 검은색, 가루:1.0|생강, 뿌리줄기, 생것:1.0|고추, 빨간색, 생것:1.0|마늘, 생것:2.0|땅콩, 볶은것:2.0|콩기름:5.0|발효주, 청주, 알코올 16%:5.0|고추장, 개량:5.0|고추, 풋고추, 생것:5.0|토마토 소스:8.0|전분, 감자, 가루:10.0|물엿:10.0|달걀, 부침(달걀프라이):10.0|닭고기, 전체, 튀긴것:60.0",
D122019,움파목살강정,튀김류,육류튀김,72.35,,,"참깨, 흰색, 볶은것:0.3|물엿:2.0|간장, 개량, 산분해:2.0|설탕, 백설탕:2.0|후추, 검은색, 가루:0.05|마늘, 생것:3.0|맛술:3.0|간장, 개량, 양조:2.0|콩기름:5.0|전분, 감자, 가루:3.0|돼지고기, 목심, 생것:40.0|파, 대파, 생것:10.0",
D122014,탕수육,튀김류,육류튀김,152.0,,,"후추, 검은색, 가루:1.0|마늘, 생것:3.0|간장, 개량, 양조:3.0|토마토 케첩:5.0|콩기름:5.0|설탕, 백설탕:5.0|양파, 데친것:10.0|당근, 뿌리, 데친것:10.0|달걀, 부침(달걀프라이):10.0|전분, 감자, 가루:20.0|오이, 다다기, 생것:20.0|돼지고기, 등심, 구운것(팬):60.0",
D122021,아몬드치킨볼,튀김류,육류튀김,316.0,,,"양파, 생것:10.0|닭뼈 육수:90.0|마늘, 생것:15.0|브로콜리, 생것:15.0|들깨, 볶은것:30.0|우유:50.0|밀, 중력밀가루:10.0|아몬드, 볶은것:5.0|닭고기, 가슴, 생것:50.0|닭고기, 다리(넓적다리), 생것:30.0|버터, 무가염:1.0|양송이버섯, 생것:10.0",
D122018,쌀 치킨텐더,튀김류,육류튀김,142.0,,,"유자청:3.0|식초, 감식초:3.0|꿀:3.0|겨자 페이스트:1.0|마요네즈:6.0|할라페뇨, 통조림:4.0|발효주, 청주, 알코올 16%:4.0|간장, 개량, 양조:5.0|달걀, 생것:12.0|전분, 감자, 가루:11.0|콩기름:10.0|닭고기, 가슴, 생것:60.0|멥쌀, 백미, 밥:20.0",
D122012,소시지튀김,튀김류,육류튀김,95.0,,,"후추, 검은색, 가루:1.0|소금, 천일염, 가는소금:1.0|콩기름:5.0|밀, 중력밀가루:6.0|전분, 감자, 가루:10.0|밀, 빵가루:10.0|달걀, 부침(달걀프라이):22.0|소시지, 위너(비엔나)소시지:40.0",
D122011,소고기튀김,튀김류,육류튀김,97.0,,,"후추, 검은색, 가루:1.0|소금, 천일염, 가는소금:1.0|콩기름:5.0|토마토 케첩:10.0|밀, 중력밀가루:10.0|달걀, 부침(달걀프라이):10.0|소고기, 한우, 등심, 구운것(팬):60.0",
D122010,비프커틀릿,튀김류,육류튀김,107.0,,,"후추, 검은색, 가루:1.0|소금, 천일염, 가는소금:1.0|콩기름:5.0|밀, 중력밀가루:10.0|밀, 빵가루:10.0|달걀, 부침(달걀프라이):20.0|소고기, 한우, 등심, 구운것(팬):60.0",
D122017,새우유자마요,튀김류,육류튀김,131.4,,땅콩,"땅콩, 볶은것:3.0|우유:8.0|유자청:6.0|마요네즈:8.0|콩기름:2.0|전분, 감자, 가루:5.0|달걀, 난백, 생것:6.0|소금, 천일염, 가는소금:0.4|새우, 중하, 생것:40.0|상추, 결구(양상추), 녹색, 생것:8.0|브로콜리, 생것:30.0|파인애플, 생것:15.0",
D122020,불고기미니볼,튀김류,육류튀김,515.0,,,"생수:30.0|오미자청:15.0|딸기, 잼:30.0|참깨, 흰색, 볶은것:1.0|마늘, 다진것:1.0|후추, 흰색, 가루:1.0|생강청:15.0|간장, 개량, 양조:6.0|참기름:5.0|로즈메리, 말린것:1.0|감자, 대지, 생것:25.0|호박, 단호박, 생것:25.0|콩기름:200.0|밀, 중력밀가루:15.0|달걀, 생것:60.0|밀, 빵가루:30.0|양파, 생것:15.0|소고기, 한우(1++등급), 양지, 생것:40.0",
D122009,베이컨튀김,튀김류,육류튀김,82.0,,,"후추, 검은색, 가루:1.0|소금, 천일염, 가는소금:1.0|콩기름:5.0|전분, 감자, 가루:5.0|달걀, 부침(달걀프라이):10.0|베이컨:60.0",
D122008,라조기,튀김류,육류튀김,124.0,,,"후추, 검은색, 가루:1.0|고추, 빨간색, 생것:1.0|마늘, 생것:2.0|땅콩, 볶은것:2.0|콩기름:5.0|발효주, 청주, 알코올 16%:5.0|고추장, 개량:5.0|고추, 풋고추, 생것:5.0|토마토 케첩:8.0|전분, 감자, 가루:10.0|물엿:10.0|달걀, 부침(달걀프라이):10.0|닭고기, 살코기, 튀긴것(튀김옷):60.0",
D122007,돼지고기튀김,튀김류,육류튀김,82.0,,,"후추, 검은색, 가루:1.0|소금, 천일염, 가는소금:1.0|콩기름:5.0|전분, 감자, 가루:5.0|달걀, 부침(달걀프라이):10.0|돼지고기, 등심, 구운것(팬):60.0",
D122006,돼지고기강정,튀김류,육류튀김,102.0,,,"후추, 검은색, 가루:1.0|생강, 뿌리줄기, 생것:1.0|간장, 개량, 양조:5.0|콩기름:8.0|달걀, 부침(달걀프라이):10.0|밀, 중력밀가루:17.0|돼지고기, 등심, 구운것(팬):60.0",
D122005,돈저냐,튀김류,육류튀김,75.0,,,"후추, 검은색, 가루:1.0|참기름:1.0|파, 대파, 생것:2.0|소금, 천일염, 가는소금:2.0|마늘, 생것:4.0|당근, 뿌리, 데친것:4.0|양파, 데친것:6.0|콩기름:7.0|밀, 중력밀가루:8.0|두부:10.0|달걀, 부침(달걀프라이):10.0|돼지고기, 등심, 구운것(팬):20.0",
D122003,닭튀김,튀김류,육류튀김,93.0,,,"후추, 검은색, 가루:1.0|소금, 천일염, 가는소금:1.0|콩기름:5.0|밀, 중력밀가루:6.0|밀, 빵가루:10.0|달걀, 부침(달걀프라이):10.0|닭고기, 살코기, 튀긴것(튀김옷):60.0",
D287001,돈가스 소스,원재료,소스류,20.0,,,포크커틀릿 소스:20.0|포크커틀릿 소스:20.0,
D122002,닭강정,튀김류,육류튀김,111.0,,,"후추, 검은색, 가루:1.0|설탕, 백설탕:1.0|생강, 뿌리줄기, 생것:1.0|마늘, 생것:1.0|소금, 천일염, 가는소금:2.0|콩기름:5.0|발효주, 청주, 알코올 16%:5.0|고추장, 개량:5.0|전분, 감자, 가루:10.0|물엿:10.0|달걀, 부침(달걀프라이):10.0|닭고기, 살코기, 튀긴것(튀김옷):60.0",
D122023,단호박 생선탕수,튀김류,육류튀김,303.0,,,"식초, 사과식초:15.0|목이버섯, 생것:3.0|생수:10.0|밀, 튀김가루:10.0|달걀, 생것:60.0|전분, 감자, 가루:30.0|양파, 생것:15.0|오이, 다다기, 생것:15.0|당근, 뿌리, 생것:15.0|호박, 단호박, 생것:10.0|명태, 동태, 냉동:120.0",
D122022,과일먹은 닭탕수,튀김류,육류튀김,747.2,,대두(콩),"간장, 개량, 양조:5.0|생수:200.0|소금, 천일염, 가는소금:2.0|후추, 흰색, 가루:0.2|발효주, 청주, 알코올 16%:10.0|레몬, 생것:70.0|설탕, 가루:20.0|전분, 감자, 가루:80.0|파인애플, 생것:15.0|사과, 생것:30.0|포도, 캠벨얼리, 생것:15.0|닭고기, 다리(넓적다리), 생것:300.0",
D121041,청어튀김,튀김류,어패류튀김,103.0,,,"소금, 천일염, 가는소금:3.0|콩기름:5.0|달걀, 부침(달걀프라이):10.0|밀, 튀김가루:15.0|청어, 생것:70.0",
D121039,참치강정,튀김류,어패류튀김,98.0,,,"고춧가루:1.0|참기름:2.0|소금, 천일염, 가는소금:2.0|콩기름:5.0|물엿:5.0|고추장, 개량:5.0|밀, 중력밀가루:8.0|다랑어, 참다랑어, 구운것:70.0",
D121042,황새치튀김,튀김류,어패류튀김,103.0,,,"소금, 천일염, 가는소금:3.0|콩기름:5.0|달걀, 부침(달걀프라이):10.0|밀, 튀김가루:15.0|조기(참조기), 생것:70.0",
D122001,깐풍기,튀김류,육류튀김,124.0,,,"후추, 검은색, 가루:1.0|고추, 빨간색, 생것:1.0|마늘, 생것:2.0|땅콩, 볶은것:2.0|콩기름:5.0|발효주, 청주, 알코올 16%:5.0|고추장, 개량:5.0|고추, 풋고추, 생것:5.0|토마토 케첩:8.0|전분, 감자, 가루:10.0|물엿:10.0|달걀, 부침(달걀프라이):10.0|닭고기, 살코기, 튀긴것(튀김옷):60.0",
D121038,쥐포튀김,튀김류,어패류튀김,40.0,,,"파, 쪽파, 생것:1.0|당근, 뿌리, 데친것:1.0|콩기름:5.0|밀, 튀김가루:15.0|쥐치, 포, 말린것:18.0",
D121040,참치튀김,튀김류,어패류튀김,103.0,,,"소금, 천일염, 가는소금:3.0|콩기름:5.0|달걀, 부침(달걀프라이):10.0|밀, 튀김가루:15.0|다랑어, 참다랑어, 구운것:70.0",
D121037,조기튀김,튀김류,어패류튀김,93.0,,,"소금, 천일염, 가는소금:3.0|콩기름:5.0|밀, 튀김가루:5.0|달걀, 부침(달걀프라이):10.0|조기(참조기), 생것:70.0",
D121036,장어튀김,튀김류,어패류튀김,70.0,,밀,"밀, 중력밀가루:5.0|콩기름:10.0|밀, 튀김가루:15.0|장어, 뱀장어, 생것:40.0",
D121035,임연수어튀김,튀김류,어패류튀김,103.0,,,"소금, 천일염, 가는소금:3.0|콩기름:5.0|달걀, 부침(달걀프라이):10.0|밀, 튀김가루:15.0|임연수어, 생것:70.0",
D121034,우럭튀김,튀김류,어패류튀김,103.0,,,"소금, 천일염, 가는소금:3.0|콩기름:5.0|달걀, 부침(달걀프라이):10.0|밀, 튀김가루:15.0|볼락, 조피볼락(우럭), 생것:70.0",
D121033,오징어튀김,튀김류,어패류튀김,93.0,,,"소금, 천일염, 가는소금:3.0|콩기름:5.0|밀, 튀김가루:5.0|달걀, 부침(달걀프라이):10.0|오징어, 구운것:70.0",
D121032,오징어탕수,튀김류,어패류튀김,142.0,,대두(콩),"간장, 개량, 양조:1.0|식초, 양조:2.0|소금, 천일염, 가는소금:2.0|설탕, 백설탕:3.0|참기름:4.0|토마토 케첩:5.0|콩기름:5.0|전분, 감자, 가루:5.0|당근, 뿌리, 데친것:5.0|파인애플, 통조림, 고형물:10.0|오이, 다다기, 생것:10.0|양파, 데친것:10.0|달걀, 부침(달걀프라이):10.0|오징어, 구운것:70.0",
D121031,연어튀김,튀김류,어패류튀김,103.0,,,"소금, 천일염, 가는소금:3.0|콩기름:5.0|달걀, 부침(달걀프라이):10.0|밀, 튀김가루:15.0|연어, 생것:70.0",
D121030,어묵튀김,튀김류,어패류튀김,85.0,,밀,"밀, 튀김가루:5.0|콩기름:15.0|달걀, 부침(달걀프라이):15.0|어묵:50.0",
D121029,생선뼈튀김(장어),튀김류,어패류튀김,48.0,,대두(콩),"콩기름:8.0|장어, 붕장어, 뼈, 튀긴것:40.0",
D121028,생선가스,튀김류,어패류튀김,85.0,,대두(콩),"콩기름:5.0|밀, 중력밀가루:10.0|대구, 구운것:70.0",
D121027,새치튀김,튀김류,어패류튀김,70.0,,밀,"밀, 중력밀가루:5.0|콩기름:10.0|밀, 튀김가루:15.0|황새치, 구운것:40.0",
D031126,새우튀김우동,면 및 만두류,면류,186.0,,,"김, 참김, 구운것:1.0|다시마, 말린것:1.0|파, 대파, 생것:2.0|혼합식물성유:2.0|멸치, 대멸치, 삶아서 말린것:5.0|어묵:15.0|다랑어, 가다랑어 육수:30.0|새우 튀김용, 튀긴것(빵가루):50.0|우동면, 생것:80.0|김, 참김, 구운것:1.0|다시마, 말린것:1.0|파, 대파, 생것:2.0|혼합식물성유:2.0|멸치, 대멸치, 삶아서 말린것:5.0|어묵:15.0|다랑어, 가다랑어 육수:30.0|새우 튀김용, 튀긴것(빵가루):50.0|우동면, 생것:80.0",
D121025,삼치튀김,튀김류,어패류튀김,83.0,,,"소금, 천일염, 가는소금:3.0|콩기름:5.0|밀, 중력밀가루:5.0|삼치, 생것:70.0",
D121023,북어강정,튀김류,어패류튀김,53.0,,,"고춧가루:1.0|참기름:2.0|소금, 천일염, 가는소금:2.0|콩기름:5.0|물엿:5.0|고추장, 개량:5.0|밀, 중력밀가루:8.0|명태, 북어, 말린것:25.0",
D121024,북어튀김,튀김류,어패류튀김,70.0,,밀,"밀, 중력밀가루:5.0|콩기름:10.0|밀, 튀김가루:15.0|명태, 북어, 말린것:40.0",
D121022,볼락튀김(장문볼락),튀김류,어패류튀김,70.0,,밀,"밀, 중력밀가루:5.0|콩기름:10.0|밀, 튀김가루:15.0|장문볼락, 생것:40.0",
D121020,볼락튀김,튀김류,어패류튀김,70.0,,밀,"밀, 중력밀가루:5.0|콩기름:10.0|밀, 튀김가루:15.0|볼락, 생것:40.0",
D121021,볼락튀김(불볼락),튀김류,어패류튀김,70.0,,밀,"밀, 중력밀가루:5.0|콩기름:10.0|밀, 튀김가루:15.0|볼락, 불볼락, 생것:40.0",
D121019,병어튀김,튀김류,어패류튀김,88.0,,,"소금, 천일염, 가는소금:3.0|콩기름:5.0|밀, 중력밀가루:10.0|병어, 생것:70.0",
D121018,뱅어포튀김,튀김류,어패류튀김,21.0,,대두(콩),"콩기름:5.0|뱅어, 포, 말린것:8.0|밀, 중력밀가루:8.0",
D121017,방어튀김,튀김류,어패류튀김,70.0,,밀,"밀, 중력밀가루:5.0|콩기름:10.0|밀, 튀김가루:15.0|방어, 생것:40.0",
D121016,방게튀김,튀김류,어패류튀김,70.0,,밀,"밀, 중력밀가루:5.0|콩기름:10.0|밀, 튀김가루:15.0|게, 방게, 생것:40.0",
D121013,망둑어튀김,튀김류,어패류튀김,70.0,,밀,"밀, 중력밀가루:5.0|콩기름:10.0|밀, 튀김가루:15.0|문절망둑, 생것:40.0",
D121015,민어튀김,튀김류,어패류튀김,93.0,,,"소금, 천일염, 가는소금:3.0|콩기름:5.0|밀, 튀김가루:5.0|달걀, 부침(달걀프라이):10.0|민어, 생것:70.0",
D031103,멸치튀김잔치국수,면 및 만두류,면류,146.52,,,"후추, 흰색, 가루:0.02|고추, 빨간색, 말린것:0.5|마늘, 다진것:1.0|멸치, 대멸치, 삶아서 말린것:1.0|전분, 감자, 가루:1.0|콩기름:1.0|다시마, 말린것:2.0|바지락, 생것:3.0|당근, 뿌리, 생것:7.0|멸치, 잔멸치, 삶아서 말린것:10.0|양파, 생것:20.0|호박, 애호박, 생것:30.0|국수, 소면, 말린것:70.0|후추, 흰색, 가루:0.02|고추, 빨간색, 말린것:0.5|마늘, 다진것:1.0|멸치, 대멸치, 삶아서 말린것:1.0|전분, 감자, 가루:1.0|콩기름:1.0|다시마, 말린것:2.0|바지락, 생것:3.0|당근, 뿌리, 생것:7.0|멸치, 잔멸치, 삶아서 말린것:10.0|양파, 생것:20.0|호박, 애호박, 생것:30.0|국수, 소면, 말린것:70.0",
D121044,두부해물완자,튀김류,어패류튀김,152.0,,대두(콩),"간장, 개량, 양조:5.0|양파, 생것:10.0|파, 생것:2.0|마늘, 생것:2.0|새우, 꽃새우, 삶아서 말린것:5.0|꿀:5.0|달걀, 생것:20.0|밀, 부침가루:10.0|전분, 감자, 가루:15.0|새우, 흰다리새우, 생것:14.0|오징어, 생것:14.0|두부:50.0",
D121012,동태튀김(튀김옷),튀김류,어패류튀김,97.0,,,"후추, 검은색, 가루:1.0|소금, 천일염, 가는소금:1.0|콩기름:10.0|밀, 중력밀가루:15.0|달걀, 부침(달걀프라이):20.0|명태, 동태, 냉동:50.0",
D121011,동태튀김(녹말가루),튀김류,어패류튀김,66.0,,,"후추, 검은색, 가루:1.0|소금, 천일염, 가는소금:2.0|전분, 감자, 가루:5.0|콩기름:8.0|명태, 동태, 냉동:50.0",
D121010,도미튀김,튀김류,어패류튀김,103.0,,,"소금, 천일염, 가는소금:3.0|콩기름:5.0|달걀, 부침(달걀프라이):10.0|밀, 튀김가루:15.0|돔, 참돔, 구운것:70.0",
D121043,다시마튀각,튀김류,어패류튀김,68.0,,대두(콩),"콩기름:12.0|참깨, 흰색, 볶은것:7.0|설탕, 백설탕:9.0|다시마, 말린것:40.0",
D121009,대구튀김,튀김류,어패류튀김,103.0,,,"소금, 천일염, 가는소금:3.0|콩기름:5.0|달걀, 부침(달걀프라이):10.0|밀, 튀김가루:15.0|대구, 구운것:70.0",
D121008,농어튀김,튀김류,어패류튀김,70.0,,밀,"밀, 중력밀가루:5.0|콩기름:10.0|밀, 튀김가루:15.0|농어, 구운것:40.0",
D121007,꽁치튀김,튀김류,어패류튀김,103.0,,,"소금, 천일염, 가는소금:3.0|콩기름:5.0|달걀, 부침(달걀프라이):10.0|밀, 튀김가루:15.0|꽁치, 구운것:70.0",
D121006,굴비튀김,튀김류,어패류튀김,100.0,,대두(콩),"콩기름:5.0|달걀, 부침(달걀프라이):10.0|밀, 튀김가루:15.0|조기(참조기), 굴비, 소금에 절여 말린것:70.0",
D121005,광어튀김,튀김류,어패류튀김,93.0,,,"소금, 천일염, 가는소금:3.0|콩기름:5.0|밀, 튀김가루:5.0|달걀, 부침(달걀프라이):10.0|넙치(광어), 생것:70.0",
D121004,고등어튀김,튀김류,어패류튀김,93.0,,,"소금, 천일염, 가는소금:3.0|콩기름:5.0|밀, 튀김가루:5.0|달걀, 부침(달걀프라이):10.0|고등어, 구운것:70.0",
D121045,고등어카레탕수,튀김류,어패류튀김,930.0,,,"꿀:15.0|사과, 생것:25.0|양파, 생것:20.0|토마토, 방울토마토, 생것:25.0|호박, 애호박, 생것:25.0|감자, 대지, 생것:50.0|카레 소스, 가루:20.0|우유:200.0|콩기름:200.0|전분, 감자, 가루:50.0|고등어, 생것:300.0",
D124015,인절미튀김,튀김류,기타 튀김류,60.0,,대두(콩),"콩기름:10.0|찹쌀떡, 인절미, 콩고물:50.0",
D124016,콩튀김,튀김류,기타 튀김류,140.0,,밀,"밀, 중력밀가루:10.0|당근, 뿌리, 데친것:10.0|달걀, 부침(달걀프라이):20.0|대두, 검은색, 흑태, 말린것:20.0|감자 튀김, 튀긴것:20.0|옥수수, 통조림, 가당:20.0|밀, 튀김가루:20.0|콩기름:20.0",
D121003,게맛살튀김,튀김류,어패류튀김,70.0,,밀,"밀, 중력밀가루:5.0|콩기름:10.0|밀, 튀김가루:15.0|게맛살, 어육함량이 낮은것:40.0",
D121002,갈치튀김,튀김류,어패류튀김,82.0,,,"소금, 천일염, 가는소금:2.0|콩기름:5.0|밀, 튀김가루:5.0|갈치, 생것:70.0",
D121001,가자미튀김,튀김류,어패류튀김,85.0,,,"소금, 천일염, 가는소금:2.0|콩기름:5.0|밀, 중력밀가루:8.0|가자미, 생것:70.0",
D124014,옥수수튀김,튀김류,기타 튀김류,105.0,,,"표고버섯, 참나무재배, 말린것, 삶은것:5.0|콩기름:5.0|밀, 튀김가루:5.0|피망, 초록색, 데친것:10.0|양파, 데친것:10.0|밀, 중력밀가루:20.0|옥수수, 통조림, 가당:50.0",https://www.nongsaro.go.kr/cms_contents/mgnNew/978-89-480-6205-2/978-89-480-6205-2_B_073.jpg
D124020,옥수수맛탕,튀김류,기타 튀김류,125.1,,,"소금, 천일염, 가는소금:0.1|설탕, 백설탕:1.0|물엿:15.0|땅콩, 볶은것:5.0|콩기름:18.0|달걀, 생것:10.0|밀, 중력밀가루:3.0|전분, 감자, 가루:3.0|옥수수, 단옥수수, 생것:70.0",
D124013,식빵튀김,튀김류,기타 튀김류,58.0,,,"설탕, 백설탕:3.0|콩기름:5.0|빵, 식빵, 버터 첨가:50.0",
D124021,연어주먹밥튀김,튀김류,기타 튀김류,595.0,,,"참깨, 흰색, 볶은것:5.0|올리브유:20.0|꿀:10.0|마늘, 다진것:10.0|간장, 개량, 양조:10.0|레몬 착즙:15.0|비타민채(다채), 어린잎, 생것:50.0|밀, 빵가루:60.0|달걀, 생것:40.0|데리야끼 소스:15.0|식초, 사과식초:20.0|연어, 통조림:130.0|마요네즈:20.0|멥쌀, 백미, 신동진, 밥:100.0|양파, 생것:30.0|피망, 빨간색, 생것:30.0|당근, 뿌리, 생것:30.0",
D124019,소시지강정,튀김류,기타 튀김류,93.0,,,"생수:10.0|물엿:5.0|간장, 개량, 양조:1.0|콩기름:3.0|땅콩, 볶은것:4.0|소시지, 위너(비엔나)소시지:20.0|멥쌀떡, 가래떡:50.0",
D124012,스카치에크,튀김류,기타 튀김류,287.0,,,"후추, 검은색, 가루:1.0|소금, 천일염, 가는소금:1.0|우유:15.0|버터, 가염:15.0|밀, 중력밀가루:15.0|콩기름:20.0|양파, 데친것:40.0|소고기, 한우, 등심, 구운것(팬):40.0|밀, 빵가루:40.0|달걀, 부침(달걀프라이):100.0",
D124010,밤튀김,튀김류,기타 튀김류,63.0,,,"소금, 천일염, 가는소금:3.0|콩기름:5.0|밀, 튀김가루:5.0|달걀, 부침(달걀프라이):10.0|밤, 생것:40.0",
D124011,사과튀김,튀김류,기타 튀김류,73.0,,,"소금, 천일염, 가는소금:3.0|콩기름:5.0|밀, 튀김가루:5.0|달걀, 부침(달걀프라이):10.0|사과, 아오리, 생것:50.0",
D124009,메추리알튀김,튀김류,기타 튀김류,83.0,,,"소금, 천일염, 가는소금:3.0|콩기름:5.0|밀, 튀김가루:5.0|달걀, 부침(달걀프라이):10.0|메추리알, 삶은것:60.0",
D124008,만두튀김,튀김류,기타 튀김류,252.0,,,"소금, 천일염, 가는소금:3.0|마늘, 생것:4.0|콩기름:5.0|파, 쪽파, 생것:10.0|당면, 고구마, 삶은것:10.0|숙주나물, 데친것:40.0|돼지고기, 등심, 구운것(팬):40.0|밀, 중력밀가루:60.0|두부:80.0",
D124007,만두탕수,튀김류,기타 튀김류,387.0,,,"식초, 감식초:3.0|소금, 천일염, 가는소금:3.0|설탕, 백설탕:3.0|당근, 뿌리, 데친것:3.0|콩기름:5.0|전분, 감자, 가루:5.0|완두, 삶은것:5.0|옥수수, 통조림, 가당:5.0|양파, 데친것:5.0|만두, 군만두:150.0",
D124006,두부튀김(소고기),튀김류,기타 튀김류,114.0,,,"후추, 검은색, 가루:1.0|소금, 천일염, 가는소금:2.0|파슬리, 생것:3.0|밀, 중력밀가루:3.0|콩기름:10.0|양파, 데친것:10.0|밀, 튀김가루:10.0|두부:20.0|달걀, 부침(달걀프라이):25.0|소고기, 한우, 등심, 구운것(팬):30.0",
D124005,두부튀김(간장포함),튀김류,기타 튀김류,108.0,,,"마늘, 생것:1.0|고춧가루:1.0|설탕, 백설탕:4.0|콩기름:5.0|간장, 개량, 양조:7.0|전분, 감자, 가루:10.0|두부:80.0",
D124004,고구마튀김(당근),튀김류,기타 튀김류,102.0,,대두(콩),"콩기름:10.0|당근, 뿌리, 데친것:20.0|고구마, 점질(호박) 고구마, 구운것:30.0|밀, 중력밀가루:42.0",
D124002,고구마맛탕,튀김류,기타 튀김류,157.0,,,"참깨, 흰색, 볶은것:1.0|물엿:2.0|콩기름:10.0|설탕, 백설탕:44.0|고구마, 점질(호박) 고구마, 구운것:100.0",
D124022,검은깨라면크로켓,튀김류,기타 튀김류,365.0,,,"올리브유:5.0|식초, 발사믹:15.0|설탕, 흑설탕:20.0|물엿:20.0|조청, 쌀:10.0|생강, 뿌리줄기, 생것:10.0|계피, 가루:20.0|토마토, 방울토마토, 생것:20.0|비타민채(다채), 어린잎, 생것:2.0|땅콩, 볶은것:5.0|소고기, 한우(1++등급), 안심, 생것:40.0|전분, 감자, 가루:15.0|달걀, 생것:45.0|라면, 말린것:50.0|밀, 빵가루:80.0|참깨, 검은색, 볶은것:8.0",
D124003,고구마튀김,튀김류,기타 튀김류,120.0,,대두(콩),"콩기름:10.0|전분, 감자, 가루:10.0|고구마, 점질(호박) 고구마, 구운것:100.0",
D124001,감자튀김,튀김류,기타 튀김류,137.0,,,"소금, 천일염, 가는소금:2.0|콩기름:5.0|감자 튀김, 튀긴것:130.0",
D073007,풋고추찜,찜류,채소류찜,43.0,,,"마늘, 생것:1.0|소금, 천일염, 가는소금:2.0|파, 대파, 생것:5.0|밀, 중력밀가루:5.0|고추, 풋고추, 생것:30.0",
D073006,콩나물찜,찜류,채소류찜,131.0,,,"후추, 검은색, 가루:1.0|참기름:1.0|생강, 뿌리줄기, 생것:1.0|마늘, 생것:1.0|발효주, 청주, 알코올 16%:2.0|설탕, 백설탕:2.0|콩기름:3.0|파, 대파, 생것:5.0|찹쌀, 백미, 가루:5.0|고춧가루:5.0|간장, 개량, 양조:5.0|조개, 살조개, 생것:10.0|미나리, 물미나리, 데친것:20.0|콩나물, 삶은것:70.0",
D073027,콩나물소고기찜,찜류,채소류찜,258.1,,,"생수:60.0|후추, 검은색, 가루:0.1|마늘, 생것:5.0|간장, 개량, 양조:12.0|설탕, 백설탕:6.0|토마토, 방울토마토, 생것:30.0|피망, 초록색, 생것:15.0|소고기, 한우, 등심, 생것:60.0|콩나물, 생것:70.0",
D073026,층층배추찜,찜류,채소류찜,173.6,,,"고추기름:2.0|생수:12.0|식초, 감식초:12.0|설탕, 백설탕:8.0|굴 소스:2.0|참깨, 흰색, 볶은것:0.5|참기름:3.0|소금, 천일염, 가는소금:0.1|마늘, 생것:3.0|간장, 개량, 양조:6.0|고추, 풋고추, 생것:3.0|고추, 빨간색, 생것:4.0|파, 쪽파, 생것:8.0|두부:40.0|배추, 생것:70.0",
D073025,움파찜,찜류,채소류찜,65.0,,,"참깨, 흰색, 볶은것:0.5|참기름:2.0|마늘, 생것:3.0|간장, 개량, 양조:4.0|고춧가루:0.5|설탕, 백설탕:1.0|밀, 중력밀가루:4.0|파, 대파, 생것:50.0",
D073014,오이선,찜류,채소류찜,552.0,,,"소금, 천일염, 가는소금:20.0|설탕, 백설탕:16.0|식초, 감식초:20.0|후추, 검은색, 가루:1.0|참깨, 흰색, 볶은것:3.0|참기름:4.0|마늘, 생것:6.0|파, 대파, 생것:3.0|간장, 개량, 양조:9.0|고추, 빨간색, 말린것:1.0|콩기름:8.0|달걀, 생것:50.0|표고버섯, 배지재배, 말린것:3.0|소고기, 한우(1등급), 우둔, 생것:50.0|오이, 취청, 생것:150.0",
D073022,양파두부찜,찜류,채소류찜,187.85,,,"식초, 감식초:8.0|설탕, 백설탕:3.0|후추, 검은색, 가루:0.05|참깨, 흰색, 볶은것:0.5|참기름:3.0|파, 대파, 생것:5.0|마늘, 생것:3.0|간장, 개량, 양조:6.0|맛술:5.0|소금, 천일염, 가는소금:0.3|고추, 빨간색, 생것:2.0|파, 쪽파, 생것:2.0|새우, 중하, 생것:40.0|두부:40.0|양파, 생것:70.0",
D073024,연근찹쌀찜,찜류,채소류찜,133.25,,,"식초, 감식초:2.0|간장, 개량, 양조:3.0|설탕, 백설탕:1.0|후추, 검은색, 가루:0.05|소금, 천일염, 가는소금:0.2|치자꽃, 생것:0.0|돼지고기, 안심, 생것:30.0|연근, 생것:40.0|생수:35.0|찹쌀, 백미, 생것:22.0",
D073023,연근쌈,찜류,채소류찜,125.2,,,"매실청:4.0|간장, 개량, 양조:3.0|겨자 페이스트:1.0|파인애플, 생것:15.0|설탕, 백설탕:1.0|소금, 천일염, 가는소금:0.2|식초, 감식초:7.0|무순, 싹, 생것:4.0|게맛살, 어육함량이 높은것:30.0|오이, 취청, 생것:20.0|치자꽃, 생것:0.0|부추, 재래종, 생것:10.0|연근, 생것:30.0",
D073012,양배추찜,찜류,채소류찜,70.8,,,"참기름:4.0|마늘, 생것:1.6|파, 쪽파, 생것:4.1|간장, 개량, 양조:4.1|양배추, 찐것:57.0|참기름:4.0|마늘, 생것:1.6|파, 쪽파, 생것:4.1|간장, 개량, 양조:4.1|양배추, 찐것:57.0",
D073017,맛양념장을 곁들인 애호박찜,찜류,채소류찜,95.2,,,"고추, 빨간색, 생것:2.0|고추, 초록색, 녹광, 생것:2.0|참기름:2.0|겨자 페이스트:1.0|식초, 감식초:5.0|마늘, 생것:2.0|매실청:5.0|다시마 육수:10.0|들깻잎, 생것:6.0|다시마, 말린것:1.0|맛술:4.0|간장, 개량, 양조:5.0|소금, 천일염, 가는소금:0.2|호박, 애호박, 생것:50.0|고추, 빨간색, 생것:2.0|고추, 초록색, 녹광, 생것:2.0|참기름:2.0|겨자 페이스트:1.0|식초, 감식초:5.0|마늘, 생것:2.0|매실청:5.0|다시마 육수:10.0|들깻잎, 생것:6.0|다시마, 말린것:1.0|맛술:4.0|간장, 개량, 양조:5.0|소금, 천일염, 가는소금:0.2|호박, 애호박, 생것:50.0",
D073021,양배추소시지찜,찜류,채소류찜,160.7,,,"월계수, 잎, 말린것:0.2|후추, 검은색, 가루:0.1|생수:50.0|식초, 감식초:10.0|소금, 천일염, 가는소금:0.4|소시지, 위너(비엔나)소시지:30.0|양배추, 생것:70.0",
D073013,애호박선,찜류,채소류찜,594.0,,,"소금, 천일염, 가는소금:18.0|후추, 검은색, 가루:1.0|참기름:4.0|설탕, 백설탕:6.0|마늘, 생것:6.0|파, 대파, 생것:6.0|간장, 개량, 양조:17.0|달걀, 생것:50.0|표고버섯, 배지재배, 말린것:6.0|소고기, 한우(1등급), 우둔, 생것:80.0|호박, 애호박, 생것:200.0",
D073020,미나리들깨찜,찜류,채소류찜,169.0,,,"생수:30.0|전분, 감자, 가루:1.0|참깨, 검은색, 볶은것:1.0|간장, 개량, 양조:8.0|들깨, 볶은것:5.0|팽이버섯, 생것:15.0|당근, 뿌리, 생것:15.0|표고버섯, 참나무재배, 말린것:3.0|다시마, 말린것:1.0|콩나물, 생것:30.0|무, 조선무, 생것:20.0|미나리, 돌미나리, 생것:40.0",
D073019,묵은지들깨찜,찜류,채소류찜,155.0,,대두(콩),"된장, 개량:2.0|파, 대파, 생것:4.0|고추, 풋고추, 생것:5.0|다시마, 말린것:1.0|멸치 육수:60.0|들깨, 볶은것:3.0|돼지고기, 등심, 생것:30.0|김치, 배추 김치:50.0",
D073003,무찜,찜류,채소류찜,90.0,,,"설탕, 백설탕:1.0|마늘, 생것:1.0|표고버섯, 참나무재배, 말린것, 삶은것:5.0|파, 대파, 생것:5.0|간장, 개량, 양조:8.0|당근, 뿌리, 데친것:10.0|소고기, 한우, 갈비, 생것:20.0|무, 조선무, 생것:40.0",
D073018,무 선,찜류,채소류찜,144.2,,,"소금, 천일염, 가는소금:0.1|고추, 빨간색, 말린것:0.1|참깨, 흰색, 볶은것:1.0|참기름:3.0|파, 대파, 생것:4.0|설탕, 백설탕:4.0|간장, 개량, 양조:6.0|석이버섯, 말린것:1.0|마늘, 생것:4.0|콩기름:2.0|달걀, 생것:15.0|표고버섯, 참나무재배, 말린것:4.0|당근, 뿌리, 생것:10.0|소고기, 한우(1등급), 우둔, 생것:20.0|무, 조선무, 생것:70.0",
D072036,해초갈비찜,찜류,육류찜,391.0,,,"참깨, 흰색, 볶은것:1.0|과당:15.0|참기름:3.0|후추, 흰색, 가루:1.0|생강청:15.0|파, 대파, 생것:5.0|마늘, 다진것:5.0|간장, 개량, 양조:12.0|메추리알, 삶은것:25.0|당근, 뿌리, 생것:20.0|대추, 말린것:4.0|고추, 빨간색, 생것:15.0|고추, 초록색, 녹광, 생것:15.0|양파, 생것:25.0|감자, 대지, 생것:20.0|미역, 줄기, 생것:10.0|돼지고기, 갈비, 생것:200.0",
D073016,단호박닭찜,찜류,채소류찜,211.05,,,"후추, 검은색, 가루:0.05|물엿:3.0|고추장, 개량:7.0|생강, 뿌리줄기, 생것:1.0|마늘, 생것:3.0|맛술:3.0|간장, 개량, 양조:4.0|고춧가루:1.0|설탕, 백설탕:3.0|치즈, 모차렐라, 슈레드타입:15.0|콩기름:3.0|피망, 빨간색, 생것:10.0|피망, 초록색, 생것:10.0|파, 대파, 생것:3.0|호박, 단호박, 생것:70.0|멥쌀떡, 가래떡:30.0|양파, 생것:15.0|닭고기, 가슴, 생것:30.0",
D073001,가지찜,찜류,채소류찜,113.0,,,"후추, 검은색, 가루:1.0|참기름:1.0|마늘, 생것:1.0|파, 대파, 생것:4.0|밀, 중력밀가루:4.0|고추, 빨간색, 생것:4.0|간장, 개량, 양조:5.0|소고기, 한우, 양지, 삶은것:18.0|가지, 데친것:75.0",
D073002,깻잎찜,찜류,채소류찜,17.0,,,"파, 쪽파, 생것:1.0|참기름:1.0|마늘, 생것:1.0|고추, 빨간색, 생것:1.0|간장, 개량, 양조:2.0|고춧가루:3.0|들깻잎, 찐것:8.0",
D073015,가지선,찜류,채소류찜,140.0,,,"매실청:3.0|마늘, 생것:2.0|식초, 감식초:3.0|간장, 개량, 양조:6.0|고춧가루:0.5|참깨, 흰색, 볶은것:0.5|부추, 재래종, 생것:30.0|당근, 뿌리, 생것:10.0|양파, 생것:15.0|가지, 생것:70.0",
D072009,편육(돼지고기),찜류,육류찜,164.0,,,"파, 대파, 생것:1.0|고춧가루:1.0|마늘, 생것:2.0|참깨, 흰색, 볶은것:2.0|새우, 젓갈, 토굴육젓:18.0|돼지 부산물, 머리고기, 삶은것:140.0",
D072034,토란 사태찜,찜류,육류찜,270.5,,,"발효주, 청주, 알코올 16%:5.0|배즙:10.0|간장, 개량, 양조:10.0|생수:60.0|달걀, 생것:20.0|잣, 생것:1.0|은행, 생것:5.0|대추, 말린것:5.0|밤, 생것:10.0|소금, 천일염, 가는소금:0.3|후추, 검은색, 가루:0.2|마늘, 생것:8.0|파, 대파, 생것:16.0|우엉, 생것:20.0|소고기, 한우(1등급), 사태, 생것:60.0|토란, 생것:40.0",
D072035,족발수육,찜류,육류찜,968.0,,,"참깨, 흰색, 볶은것:3.0|참기름:15.0|김치, 백김치:50.0|발효주, 맥주, 알코올 4.5%:400.0|가지, 생것:150.0|고구마, 생것:150.0|돼지 부산물, 족발, 조미, 삶은것:200.0",
D072033,조미트볼찜,찜류,육류찜,126.1,,,"매실청:2.0|식초, 감식초:3.0|간장, 개량, 양조:6.0|들깻잎, 생것:8.0|후추, 검은색, 가루:0.1|마늘, 생것:4.0|발효주, 청주, 알코올 16%:3.0|돼지고기, 등심, 생것:60.0|파프리카, 빨간색, 생것:15.0|브로콜리, 생것:10.0|조, 메조, 도정, 생것:15.0",
D072032,오색미등갈비찜,찜류,육류찜,170.05,,,"참기름:2.0|꿀:5.0|맛술:5.0|굴 소스:3.0|간장, 개량, 양조:4.0|후추, 검은색, 가루:0.05|마늘, 생것:8.0|파, 대파, 생것:10.0|전분, 감자, 가루:3.0|즉석밥, 잡곡밥(멥쌀, 찹쌀, 흑미, 팥, 기장, 찰수수):40.0|돼지고기, 삼겹살(등갈비), 생것:90.0",
D072029,애호박 소고기찜,찜류,육류찜,117.1,,대두(콩),"간장, 개량, 양조:5.0|고춧가루:1.0|콩기름:3.0|후추, 검은색, 가루:0.1|맛술:3.0|마늘, 생것:5.0|소고기, 한우, 등심, 생것:30.0|호박, 애호박, 생것:70.0",
D072019,사태편육,찜류,육류찜,1538.0,,잣,"잣, 볶은것:2.0|설탕, 백설탕:3.0|식초, 감식초:8.0|간장, 개량, 양조:20.0|마늘, 생것:30.0|파, 대파, 생것:15.0|소금, 천일염, 가는소금:10.0|소고기, 한우(1등급), 사태, 생것:240.0",
D072031,오리고기찜,찜류,육류찜,140.0,,대두(콩),"쌈장:10.0|양파, 생것:30.0|오리고기, 살코기, 생것:60.0|부추, 재래종, 생것:40.0",
D072030,오겹와인구이찜,찜류,육류찜,179.5,,,"조청, 쌀:2.0|참깨, 흰색, 볶은것:0.5|참기름:2.0|된장, 개량:3.0|양파, 생것:10.0|부추, 재래종, 생것:30.0|생수:15.0|조청, 쌀:8.0|간장, 개량, 양조:6.0|발효주, 과실주, 포도주, 백포도주, 쇼비뇽블랑:30.0|파, 대파, 생것:8.0|마늘, 생것:5.0|돼지고기, 삼겹살, 생것:60.0",
D072020,쇠고기떡찜,찜류,육류찜,455.0,,,"후추, 검은색, 가루:1.0|참깨, 흰색, 볶은것:1.0|참기름:2.0|생강, 뿌리줄기, 생것:2.0|설탕, 백설탕:6.0|파, 대파, 생것:6.0|마늘, 생것:1.0|물엿:8.0|배즙:14.0|간장, 개량, 양조:20.0|밤, 생것:14.0|당근, 뿌리, 생것:30.0|멥쌀떡, 가래떡:110.0|소고기, 한우(1등급), 우둔, 생것:240.0",
D072007,소갈비찜(재래간장),찜류,육류찜,99.0,,,"발효주, 청주, 알코올 16%:1.0|고추, 풋고추, 생것:1.0|고추, 빨간색, 생것:1.0|설탕, 백설탕:2.0|마늘, 생것:2.0|대추, 말린것:3.0|참기름:4.0|간장, 재래:5.0|양파, 데친것:10.0|배, 신고, 생것:10.0|소고기, 한우, 갈비, 생것:60.0",
D072008,소꼬리찜,찜류,육류찜,238.0,,,"후추, 검은색, 가루:1.0|설탕, 백설탕:3.0|된장, 개량:3.0|생강, 뿌리줄기, 생것:4.0|마늘, 생것:8.0|간장, 재래:9.0|물엿:10.0|소 부산물, 꼬리, 생것:200.0",
D072038,소고기표고찜,찜류,육류찜,161.0,,,"유자청:3.0|오렌지 주스:50.0|두부:10.0|파프리카, 노란색, 생것:6.0|양파, 생것:5.0|마늘, 다진것:1.0|파, 생것:1.0|소고기, 한우(1++등급), 살코기, 생것:15.0|오이 피클:10.0|호박, 단호박, 생것:7.0|대추, 생것:1.0|잣, 생것:2.0|달걀, 생것:30.0|밀, 중력밀가루:5.0|표고버섯, 배지재배, 생것:15.0",
D072006,소갈비찜(양조간장),찜류,육류찜,196.0,,,"후추, 검은색, 가루:1.0|참깨, 흰색, 볶은것:1.0|참기름:2.0|설탕, 백설탕:3.0|마늘, 생것:3.0|파, 대파, 생것:6.0|간장, 개량, 양조:10.0|양파, 데친것:20.0|소고기, 한우, 갈비, 생것:150.0",
D072028,사태찜,찜류,육류찜,235.6,,,"후추, 검은색, 가루:0.1|참깨, 흰색, 볶은것:0.5|참기름:2.0|마늘, 생것:4.0|파, 대파, 생것:5.0|설탕, 백설탕:4.0|배즙:10.0|간장, 개량, 양조:10.0|달걀, 생것:15.0|고추, 빨간색, 생것:4.0|은행, 생것:5.0|잣, 생것:1.0|미나리, 돌미나리, 생것:10.0|대추, 말린것:5.0|밤, 생것:10.0|표고버섯, 참나무재배, 말린것:5.0|당근, 뿌리, 생것:15.0|무, 조선무, 생것:40.0|소고기, 한우(1++등급), 사태, 생것:90.0",
D072027,봄동오리쌈,찜류,육류찜,240.2,,우유,"요구르트, 액상(농후), 플레인, 식이섬유 첨가:30.0|굴 소스:4.0|올리브유:3.0|레몬 착즙:3.0|후추, 검은색, 가루:0.1|소금, 천일염, 가는소금:0.1|오리고기, 조미훈제:60.0|토마토, 생것:40.0|배추, 봄동, 생것:40.0|피망, 빨간색, 생것:15.0|피망, 초록색, 생것:15.0|파프리카, 노란색, 생것:15.0|양파, 생것:15.0",
D072018,닭고기찜,찜류,육류찜,120.0,,,"후추, 검은색, 가루:0.82|설탕, 백설탕:0.82|마늘, 생것:0.82|콩기름:1.63|발효주, 청주, 알코올 16%:1.63|피망, 초록색, 데친것:4.08|표고버섯, 참나무재배, 말린것, 삶은것:4.08|생강, 뿌리줄기, 생것:4.08|간장, 개량, 양조:4.08|양파, 데친것:8.16|당근, 뿌리, 데친것:16.33|감자, 대지, 삶은것:24.49|닭고기, 영계, 삶은것:48.98|후추, 검은색, 가루:0.82|설탕, 백설탕:0.82|마늘, 생것:0.82|콩기름:1.63|발효주, 청주, 알코올 16%:1.63|피망, 초록색, 데친것:4.08|표고버섯, 참나무재배, 말린것, 삶은것:4.08|생강, 뿌리줄기, 생것:4.08|간장, 개량, 양조:4.08|양파, 데친것:8.16|당근, 뿌리, 데친것:16.33|감자, 대지, 삶은것:24.49|닭고기, 영계, 삶은것:48.98",
D072026,미나리삼겹살찜,찜류,육류찜,118.1,,,"매실청:5.0|간장, 개량, 양조:5.0|들깨, 말린것:2.0|고춧가루:1.0|후추, 검은색, 가루:0.1|맛술:5.0|마늘, 생것:4.0|고추, 빨간색, 생것:3.0|들깻잎, 생것:8.0|돼지고기, 삼겹살, 생것:40.0|미나리, 돌미나리, 생것:30.0|표고버섯, 참나무재배, 생것:15.0",
D072024,돼지고기 찜,찜류,육류찜,210.6,,,"생수:50.0|설탕, 백설탕:1.0|생강, 뿌리줄기, 생것:2.0|발효주, 청주, 알코올 16%:4.0|조청, 쌀:8.0|간장, 개량, 양조:7.0|후추, 검은색, 가루:0.1|마늘, 생것:5.0|양파, 생것:30.0|커피, 원두:0.5|파, 대파, 생것:10.0|된장, 개량:3.0|돼지고기, 삼겹살, 생것:90.0",
D072037,베이컨밀푀유,찜류,육류찜,1202.0,,,"과당:15.0|칠리 소스:30.0|레몬 착즙:30.0|고추냉이, 페이스트:10.0|간장, 개량, 양조:12.0|멸치 육수, 티백, 채소 포함:480.0|송이버섯, 생것:25.0|청경채, 생것:80.0|숙주나물, 생것:120.0|무, 조선무, 생것:100.0|베이컨:80.0|들깻잎, 생것:20.0|배추, 생것:200.0",
D072003,돼지갈비찜(고추장),찜류,육류찜,134.0,,,"참기름:1.0|생강, 뿌리줄기, 생것:1.0|마늘, 생것:1.0|고춧가루:1.0|소금, 천일염, 가는소금:2.0|설탕, 백설탕:3.0|파, 쪽파, 생것:5.0|고추장, 개량:5.0|간장, 개량, 양조:5.0|양파, 데친것:20.0|감자, 대지, 삶은것:30.0|돼지고기, 갈비, 삶은것:60.0",
D072025,마늘소스수육,찜류,육류찜,210.7,,,"식초, 감식초:9.0|꿀:14.0|참깨, 흰색, 볶은것:0.5|참기름:3.0|까나리, 액젓:1.0|간장, 개량, 양조:2.0|고춧가루:1.0|설탕, 백설탕:4.0|된장, 개량:5.0|월계수, 잎, 말린것:0.2|파, 대파, 생것:13.0|양파, 생것:20.0|마늘, 생것:21.0|미나리, 돌미나리, 생것:20.0|무말랭이, 말린것:7.0|돼지고기, 뒷다리, 생것:90.0",
D072005,돼지족발찜,찜류,육류찜,239.0,,,"후추, 검은색, 가루:1.0|월계수, 잎, 말린것:1.0|설탕, 백설탕:3.0|된장, 개량:3.0|생강, 뿌리줄기, 생것:4.0|마늘, 생것:8.0|간장, 개량, 양조:9.0|물엿:10.0|돼지 부산물, 족발, 삶은것:200.0",
D072004,돼지고기찜,찜류,육류찜,129.0,,,"설탕, 백설탕:2.0|생강, 뿌리줄기, 생것:3.0|파, 대파, 생것:4.0|마늘, 생것:5.0|된장, 개량:5.0|간장, 개량, 양조:10.0|돼지고기, 사태, 삶은것:100.0",
D072039,돈수육과 해물냉채,찜류,육류찜,265.0,,,"후추, 검은색, 가루:15.0|된장, 개량:15.0|겨자, 가루:5.0|설탕, 가루:5.0|식초, 사과식초:5.0|맛술:5.0|생강, 뿌리줄기, 생것:10.0|마늘, 생것:10.0|파, 대파, 생것:10.0|오이, 다다기, 생것:5.0|당근, 뿌리, 생것:5.0|양파, 생것:5.0|파프리카, 주황색, 생것:5.0|파프리카, 노란색, 생것:5.0|파프리카, 빨간색, 생것:5.0|주꾸미, 생것:25.0|새우, 대하, 생것:15.0|오징어, 생것:15.0|돼지고기, 삼겹살, 생것:100.0",
D072002,도가니수육,찜류,육류찜,72.0,,,"후추, 검은색, 가루:1.0|소금, 천일염, 가는소금:1.0|파, 대파, 생것:5.0|마늘, 생것:5.0|소고기, 한우(1등급), 설도(도가니살), 생것:30.0|소고기, 한우, 양지, 삶은것:30.0",
D072023,단호박 영양닭찜,찜류,육류찜,179.6,,,"후추, 검은색, 가루:0.1|참깨, 흰색, 볶은것:0.5|참기름:1.0|파, 대파, 생것:3.0|마늘, 생것:4.0|설탕, 백설탕:4.0|간장, 개량, 양조:8.0|호두, 말린것:3.0|잣, 생것:2.0|양송이버섯, 생것:10.0|은행, 생것:4.0|대추, 말린것:5.0|당근, 뿌리, 생것:10.0|양파, 생것:15.0|밤, 생것:10.0|닭고기, 다리(넓적다리), 생것:60.0|호박, 단호박, 생것:40.0",
D072021,가래떡소고기찜,찜류,육류찜,316.3,,,"후추, 검은색, 가루:0.1|참기름:3.0|파, 대파, 생것:3.0|마늘, 생것:4.0|발효주, 청주, 알코올 16%:3.0|맛술:3.0|간장, 개량, 양조:10.0|매실청:5.0|설탕, 백설탕:5.0|고추, 빨간색, 말린것:0.2|밤, 생것:20.0|미나리, 돌미나리, 생것:20.0|양파, 적색, 생것:10.0|치커리, 잎, 생것:20.0|파, 쪽파, 생것:5.0|생수:100.0|소고기, 한우(1등급), 우둔, 생것:30.0|표고버섯, 참나무재배, 말린것, 삶은것:5.0|멥쌀떡, 가래떡:70.0",
D071026,홍어찜,찜류,어패류찜,146.0,,,"참기름:1.0|마늘, 생것:1.0|참깨, 흰색, 볶은것:1.0|고춧가루:3.0|쑥갓, 데친것:5.0|간장, 개량, 양조:5.0|콩나물, 삶은것:10.0|양파, 데친것:10.0|미나리, 물미나리, 데친것:10.0|무, 조선무, 생것:30.0|홍어, 생것:70.0",
D072022,늙은 호박 영양찜닭,찜류,육류찜,224.1,,,"생강, 뿌리줄기, 생것:2.0|물엿:6.0|설탕, 백설탕:3.0|후추, 검은색, 가루:0.1|맛술:5.0|마늘, 생것:5.0|간장, 개량, 양조:10.0|콩기름:2.0|은행, 생것:3.0|표고버섯, 참나무재배, 말린것, 삶은것:10.0|당근, 뿌리, 생것:15.0|대추, 말린것:5.0|파, 대파, 생것:8.0|양파, 생것:20.0|호박, 늙은호박, 생것:40.0|닭고기, 성계, 생것:90.0",
D071025,코다리찜,찜류,어패류찜,88.0,,,"마늘, 생것:1.0|고춧가루:1.0|파, 대파, 생것:2.0|설탕, 백설탕:3.0|간장, 개량, 양조:9.0|무, 조선무, 생것:20.0|명태, 코다리, 반건조, 구운것:52.0",
D071049,코다리맑은찜,찜류,어패류찜,460.0,,,"참깨, 흰색, 볶은것:10.0|겨자 페이스트:7.0|마늘, 다진것:15.0|레몬 착즙:5.0|발효주, 청주, 알코올 16%:15.0|후추, 흰색, 가루:1.0|생강청:15.0|간장, 개량, 양조:15.0|소금, 가공염, 퉁퉁마디(함초):2.0|무, 조선무, 생것:30.0|갯나물, 퉁퉁마디(함초), 하우스, 생것:25.0|미나리, 물미나리, 생것:20.0|콩나물, 생것:50.0|명태, 코다리, 반건조:250.0",
D071023,우럭찜,찜류,어패류찜,146.0,,,"참기름:1.0|마늘, 생것:1.0|참깨, 흰색, 볶은것:1.0|고춧가루:3.0|쑥갓, 데친것:5.0|간장, 개량, 양조:5.0|콩나물, 삶은것:10.0|양파, 데친것:10.0|미나리, 물미나리, 데친것:10.0|무, 조선무, 생것:30.0|볼락, 조피볼락(우럭), 생것:70.0",
D071024,조기찜,찜류,어패류찜,84.0,,,"참기름:1.0|마늘, 생것:1.0|참깨, 흰색, 볶은것:1.0|소금, 천일염, 가는소금:2.0|고춧가루:2.0|파, 대파, 생것:3.0|간장, 개량, 양조:4.0|조기(참조기), 생것:70.0",
D071046,장어찜,찜류,어패류찜,505.8,,대두(콩),"간장, 개량, 양조:2.8|고추, 빨간색, 생것:15.0|고추, 초록색, 녹광, 생것:17.0|양파, 생것:40.0|팽이버섯, 생것:15.0|미나리, 물미나리, 생것:20.0|인삼, 백삼, 말린것:20.0|우엉, 생것:25.0|후추, 흰색, 가루:1.0|우유:100.0|장어, 뱀장어, 생것:250.0",
D071048,오징어콩순대,찜류,어패류찜,491.0,,,"레몬 착즙:15.0|밀, 중력밀가루:15.0|참기름:15.0|마늘, 다진것:5.0|후추, 흰색, 가루:1.0|카레 소스, 가루:25.0|양파, 생것:25.0|파, 대파, 생것:10.0|피망, 초록색, 생것:20.0|미니파프리카, 노란색, 생것:20.0|당근, 뿌리, 생것:20.0|강낭콩, 생것:20.0|귀리, 쌀귀리, 도정, 밥:50.0|옥수수, 찰옥수수, 생것:30.0|오징어, 생것:220.0",
D071022,오징어찜,찜류,어패류찜,135.0,,,"설탕, 백설탕:1.0|마늘, 생것:1.0|참깨, 흰색, 볶은것:1.0|고춧가루:1.0|소금, 천일염, 가는소금:2.0|간장, 개량, 양조:4.0|파, 쪽파, 생것:5.0|미나리, 물미나리, 데친것:10.0|미더덕, 생것:20.0|콩나물, 삶은것:30.0|오징어, 구운것:60.0",
D071021,오징어순대,찜류,어패류찜,151.0,,,"후추, 검은색, 가루:1.0|소금, 천일염, 가는소금:2.0|마늘, 생것:4.0|간장, 개량, 양조:4.0|피망, 초록색, 데친것:5.0|파, 쪽파, 생것:5.0|양파, 데친것:10.0|부추, 재래종, 데친것:10.0|미나리, 물미나리, 데친것:10.0|두부:30.0|오징어, 구운것:70.0",
D071020,알찜(대구),찜류,어패류찜,85.0,,,"참기름:1.0|참깨, 흰색, 볶은것:1.0|마늘, 생것:4.0|간장, 개량, 양조:4.0|파, 쪽파, 생것:5.0|양파, 데친것:20.0|대구, 알, 생것:20.0|무, 조선무, 생것:30.0",
D074013,버섯새우찜,찜류,기타 찜류,111.2,,,"물엿:2.0|굴 소스:2.0|간장, 개량, 양조:2.0|고춧가루:1.0|밀, 중력밀가루:8.0|전분, 감자, 가루:5.0|후추, 검은색, 가루:0.1|소금, 천일염, 가는소금:0.1|고추, 빨간색, 생것:3.0|고추, 풋고추, 생것:3.0|달걀, 난백, 생것:15.0|새우, 중하, 생것:40.0|큰느타리버섯(새송이버섯), 생것:30.0|물엿:2.0|굴 소스:2.0|간장, 개량, 양조:2.0|고춧가루:1.0|밀, 중력밀가루:8.0|전분, 감자, 가루:5.0|후추, 검은색, 가루:0.1|소금, 천일염, 가는소금:0.1|고추, 빨간색, 생것:3.0|고추, 풋고추, 생것:3.0|달걀, 난백, 생것:15.0|새우, 중하, 생것:40.0|큰느타리버섯(새송이버섯), 생것:30.0",
D071018,숭어찜,찜류,어패류찜,146.0,,,"참기름:1.0|마늘, 생것:1.0|참깨, 흰색, 볶은것:1.0|고춧가루:3.0|쑥갓, 데친것:5.0|간장, 개량, 양조:5.0|콩나물, 삶은것:10.0|양파, 데친것:10.0|미나리, 물미나리, 데친것:10.0|무, 조선무, 생것:30.0|숭어, 생것:70.0",
D071044,어선,찜류,어패류찜,534.0,,,"겨자 페이스트:5.0|식초, 감식초:14.0|간장, 개량, 양조:46.0|후추, 검은색, 가루:1.0|참깨, 흰색, 볶은것:2.0|참기름:6.0|설탕, 백설탕:4.0|마늘, 생것:6.0|파, 대파, 생것:5.0|표고버섯, 배지재배, 말린것:5.0|콩기름:8.0|후추, 흰색, 가루:1.0|소금, 천일염, 가는소금:6.0|전분, 감자, 가루:15.0|달걀, 생것:50.0|오이, 취청, 생것:50.0|당근, 뿌리, 생것:50.0|석이버섯, 말린것:2.0|소고기, 한우(1등급), 우둔, 생것:50.0|민어, 생것:200.0",
D071014,복찜,찜류,어패류찜,146.0,,,"참기름:1.0|마늘, 생것:1.0|참깨, 흰색, 볶은것:1.0|고춧가루:3.0|쑥갓, 데친것:5.0|간장, 개량, 양조:5.0|콩나물, 삶은것:10.0|양파, 데친것:10.0|미나리, 물미나리, 데친것:10.0|무, 조선무, 생것:30.0|복어, 검복, 생것:70.0",
D071019,아구찜,찜류,어패류찜,146.0,,,"참기름:1.0|마늘, 생것:1.0|참깨, 흰색, 볶은것:1.0|고춧가루:3.0|쑥갓, 데친것:5.0|간장, 개량, 양조:5.0|콩나물, 삶은것:10.0|양파, 데친것:10.0|미나리, 물미나리, 데친것:10.0|무, 조선무, 생것:30.0|아귀, 생것:70.0",
D071015,북어찜,찜류,어패류찜,132.0,,,"참기름:1.0|참깨, 흰색, 볶은것:2.0|고춧가루:2.0|설탕, 백설탕:3.0|마늘, 생것:6.0|간장, 개량, 양조:13.0|파, 대파, 생것:25.0|명태, 북어, 말린것:80.0",
D071045,수삼전복찜,찜류,어패류찜,98.6,,,"식초, 감식초:4.0|꿀:6.0|소금, 천일염, 가는소금:0.6|대추, 말린것:3.0|전복, 둥근전복, 생것:70.0|인삼, 수삼, 생것:15.0",
D071013,미더덕찜,찜류,어패류찜,132.0,,,"소금, 천일염, 가는소금:1.0|설탕, 백설탕:1.0|들깨, 볶은것:1.0|찹쌀, 백미, 가루:2.0|마늘, 생것:2.0|고춧가루:2.0|파, 쪽파, 생것:3.0|미나리, 물미나리, 데친것:5.0|간장, 개량, 양조:5.0|대합, 북방대합, 생것:10.0|콩나물, 삶은것:20.0|미더덕, 생것:80.0",
D071047,모듬해물찜,찜류,어패류찜,680.0,,,"생수:200.0|후추, 흰색, 가루:1.0|참기름:15.0|과당:15.0|간장, 개량, 양조:12.0|할라페뇨, 통조림:2.0|양파, 생것:50.0|피망, 빨간색, 생것:15.0|고추, 빨간색, 생것:15.0|고추, 초록색, 녹광, 생것:15.0|파, 대파, 생것:15.0|마늘, 생것:20.0|소라, 생것:45.0|새우, 중하, 생것:60.0|전복, 북방전복, 생것:200.0",
D071012,망둑어찜,찜류,어패류찜,146.0,,,"참기름:1.0|마늘, 생것:1.0|참깨, 흰색, 볶은것:1.0|고춧가루:3.0|쑥갓, 데친것:5.0|간장, 개량, 양조:5.0|콩나물, 삶은것:10.0|양파, 데친것:10.0|미나리, 물미나리, 데친것:10.0|무, 조선무, 생것:30.0|문절망둑, 생것:70.0",
D071011,동태찜,찜류,어패류찜,146.0,,,"참기름:1.0|마늘, 생것:1.0|참깨, 흰색, 볶은것:1.0|고춧가루:3.0|쑥갓, 데친것:5.0|간장, 개량, 양조:5.0|콩나물, 삶은것:10.0|양파, 데친것:10.0|미나리, 물미나리, 데친것:10.0|무, 조선무, 생것:30.0|명태, 동태, 냉동:70.0",
D071008,대구찜,찜류,어패류찜,146.0,,,"참기름:1.0|마늘, 생것:1.0|참깨, 흰색, 볶은것:1.0|고춧가루:3.0|쑥갓, 데친것:5.0|간장, 개량, 양조:5.0|콩나물, 삶은것:10.0|양파, 데친것:10.0|미나리, 물미나리, 데친것:10.0|무, 조선무, 생것:30.0|대구, 구운것:70.0",
D074017,닭가슴살 두부선,찜류,기타 찜류,214.2,,,"소금, 천일염, 가는소금:0.2|설탕, 가루:1.0|식초, 사과식초:0.5|요구르트, 호상, 플레인:15.0|참깨, 검은색, 볶은것:3.0|참기름:1.5|마늘, 생것:2.0|비타민채(다채), 어린잎, 생것:1.0|시금치, 생것:10.0|비트, 뿌리, 생것:10.0|두부:120.0|닭고기, 가슴, 생것:50.0",
D064011,야채전골,찌개류,전골류,62.0,,,"후추, 검은색, 가루:1.0|파, 대파, 생것:1.0|소금, 천일염, 가는소금:1.0|생강, 뿌리줄기, 생것:1.0|다시마 육수:1.0|고추, 빨간색, 생것:1.0|멸치 육수:2.0|간장, 개량, 양조:2.0|표고버섯, 참나무재배, 말린것, 삶은것:3.0|마늘, 생것:4.0|시금치, 데친것:20.0|달걀, 삶은것:25.0",
D071007,꽃게찜,찜류,어패류찜,171.0,,,"소금, 천일염, 가는소금:2.0|마늘, 생것:4.0|간장, 개량, 양조:5.0|파, 쪽파, 생것:10.0|게, 꽃게, 찐것:150.0",
D074016,해산물두부샌드,찜류,기타 찜류,250.0,,,"참깨, 검은색, 볶은것:5.0|꿀:15.0|두유, 대두:40.0|완두, 삶은것:30.0|비타민채(다채), 어린잎, 생것:20.0|파프리카, 노란색, 생것:20.0|가리비, 관자, 생것:20.0|새우, 대하, 생것:20.0|두부:80.0",
D074015,뿌리채소두부선,찜류,기타 찜류,655.0,,,"참깨, 흰색, 볶은것:2.0|땅콩, 가루:30.0|마요네즈:15.0|과당:5.0|식초, 양조:30.0|들기름:15.0|미소:15.0|콩기름:30.0|고추, 빨간색, 생것:15.0|고추, 초록색, 녹광, 생것:10.0|감자, 대지, 생것:30.0|인삼, 백삼, 말린것:15.0|우엉, 생것:30.0|후추, 흰색, 가루:3.0|달걀, 생것:60.0|전분, 감자, 가루:50.0|두부:300.0",
D095042,토마토 채소 계란찜,전류,기타 전류,148.2,,,"후추, 흰색, 가루:0.1|마늘, 생것:0.1|크림, 생크림:20.0|치즈, 파르메산(파마산):3.0|달걀, 생것:80.0|완두, 생것:10.0|브로콜리, 생것:10.0|양파, 생것:5.0|토마토, 방울토마토, 생것:20.0|후추, 흰색, 가루:0.1|마늘, 생것:0.1|크림, 생크림:20.0|치즈, 파르메산(파마산):3.0|달걀, 생것:80.0|완두, 생것:10.0|브로콜리, 생것:10.0|양파, 생것:5.0|토마토, 방울토마토, 생것:20.0|후추, 흰색, 가루:0.1|마늘, 생것:0.1|크림, 생크림:20.0|치즈, 파르메산(파마산):3.0|달걀, 생것:80.0|완두, 생것:10.0|브로콜리, 생것:10.0|양파, 생것:5.0|토마토, 방울토마토, 생것:20.0",
D071010,도미찜,찜류,어패류찜,146.0,,,"참기름:1.0|마늘, 생것:1.0|참깨, 흰색, 볶은것:1.0|고춧가루:3.0|쑥갓, 데친것:5.0|간장, 개량, 양조:5.0|콩나물, 삶은것:10.0|양파, 데친것:10.0|미나리, 물미나리, 데친것:10.0|무, 조선무, 생것:30.0|돔, 참돔, 삶은것:70.0",
D071009,대합찜,찜류,어패류찜,115.0,,,"후추, 검은색, 가루:1.0|참기름:1.0|참깨, 흰색, 볶은것:1.0|소금, 천일염, 가는소금:2.0|설탕, 백설탕:5.0|마늘, 생것:5.0|고춧가루:5.0|간장, 재래:5.0|파, 쪽파, 생것:10.0|대합, 북방대합, 생것:80.0",
D071043,대하찜,찜류,어패류찜,500.0,,,"후추, 검은색, 가루:1.0|발효주, 청주, 알코올 16%:15.0|소금, 천일염, 가는소금:2.0|고추, 빨간색, 생것:10.0|석이버섯, 말린것:2.0|미나리, 돌미나리, 생것:20.0|달걀, 생것:50.0|새우, 대하, 생것:400.0",
D071005,고등어찜(자반고등어),찜류,어패류찜,129.0,,,"파, 쪽파, 생것:1.0|발효주, 청주, 알코올 16%:2.0|마늘, 생것:2.0|간장, 개량, 양조:4.0|쑥갓, 데친것:5.0|고추, 풋고추, 생것:5.0|양파, 데친것:10.0|무, 조선무, 생것:30.0|고등어, 자반고등어:70.0",
D064030,차돌박이전골,찌개류,전골류,147.1,,,"소금, 천일염:0.1|마늘, 생것:1.0|마늘, 다진것:1.0|설탕, 백설탕:1.0|간장, 개량, 양조:1.0|고춧가루:1.0|멸치, 대멸치, 삶아서 말린것:2.0|다시마, 말린것:2.0|팽이버섯, 생것:3.0|파, 대파, 생것:3.0|고추장, 개량:3.0|당근, 뿌리, 생것:5.0|송이버섯, 생것:5.0|미나리, 물미나리, 생것:5.0|느타리버섯, 생것:7.0|배추, 생것:7.0|표고버섯, 배지재배, 생것:10.0|쑥갓, 생것:10.0|양파, 생것:15.0|호박, 애호박, 생것:15.0|무, 조선무, 생것:20.0|소고기, 한우(1등급), 사태, 생것:30.0",
D064023,쑥갓부대찌개,찌개류,전골류,268.5,,대두(콩),"고추장, 개량:5.0|마늘, 다진것:5.0|고춧가루:1.0|설탕, 가루:0.5|쑥갓, 생것:7.0|다시마, 말린것:5.0|김치, 배추 김치:65.0|고추, 청양고추, 생것:10.0|팽이버섯, 생것:40.0|두부:40.0|호박, 애호박, 생것:35.0|햄, 통조림, 돼지고기와 닭고기 함유:55.0",
D064009,소고기전골,찌개류,전골류,129.0,,,"참기름:1.0|소금, 천일염, 가는소금:1.0|마늘, 생것:2.0|표고버섯, 참나무재배, 말린것, 삶은것:5.0|배추, 얼갈이배추, 생것:10.0|양파, 데친것:20.0|두부:20.0|소고기, 한우, 양지, 삶은것:30.0|무, 조선무, 생것:40.0",
D064029,샤브샤브전골,찌개류,전골류,172.2,,,"소금, 천일염:0.2|파, 대파, 생것:1.0|다시마, 말린것:1.0|간장, 개량, 양조:1.0|당근, 뿌리, 생것:3.0|쑥갓, 생것:3.0|미나리, 돌미나리, 생것:3.0|느타리버섯, 생것:5.0|팽이버섯, 생것:5.0|양파, 생것:10.0|배추, 생것:40.0|소고기, 한우(1등급), 목심, 생것:100.0",
D071003,갈치찜,찜류,어패류찜,146.0,,,"참기름:1.0|마늘, 생것:1.0|참깨, 흰색, 볶은것:1.0|고춧가루:3.0|쑥갓, 데친것:5.0|간장, 개량, 양조:5.0|콩나물, 삶은것:10.0|양파, 데친것:10.0|미나리, 물미나리, 데친것:10.0|무, 조선무, 생것:30.0|갈치, 생것:70.0",
D074004,옥수수(찐것),찜류,기타 찜류,100.0,,,"옥수수, 단옥수수, 찐것:100.0",
D074014,두부말이찜,찜류,기타 찜류,397.5,,,"식초, 사과식초:2.0|간장, 개량, 양조:0.5|레몬 착즙:3.0|설탕, 가루:2.0|참깨, 흰색, 볶은것:5.0|마늘, 다진것:10.0|파, 생것:10.0|참기름:5.0|들깻잎, 생것:10.0|톳, 생것:50.0|닭고기, 가슴, 생것:100.0|표고버섯, 배지재배, 데친것:50.0|두부:150.0",
D071006,꼬막찜,찜류,어패류찜,114.0,,,"참기름:1.0|참깨, 흰색, 볶은것:1.0|소금, 천일염, 가는소금:2.0|설탕, 백설탕:5.0|마늘, 생것:5.0|고춧가루:5.0|간장, 개량, 양조:5.0|파, 쪽파, 생것:10.0|꼬막, 생것:80.0",
D071004,고등어찜,찜류,어패류찜,146.0,,,"참기름:1.0|마늘, 생것:1.0|참깨, 흰색, 볶은것:1.0|고춧가루:3.0|쑥갓, 데친것:5.0|간장, 개량, 양조:5.0|콩나물, 삶은것:10.0|양파, 데친것:10.0|미나리, 물미나리, 데친것:10.0|무, 조선무, 생것:30.0|고등어, 삶은것:70.0",
D064021,표고버섯 된장전골,찌개류,전골류,456.0,,,"마늘, 생것:3.0|된장, 개량:18.0|양파, 생것:8.0|생수:300.0|다시마, 말린것:2.0|멸치, 대멸치, 삶아서 말린것:9.0|당면, 고구마, 말린것:10.0|고추, 빨간색, 생것:2.0|고추, 풋고추, 생것:2.0|파, 대파, 생것:4.0|쑥갓, 생것:8.0|닭고기, 가슴, 생것:30.0|배추, 생것:10.0|느타리버섯, 생것:20.0|표고버섯, 배지재배, 생것:30.0",
D071001,가오리찜,찜류,어패류찜,146.0,,,"참기름:1.0|마늘, 생것:1.0|참깨, 흰색, 볶은것:1.0|고춧가루:3.0|쑥갓, 데친것:5.0|간장, 개량, 양조:5.0|콩나물, 삶은것:10.0|양파, 데친것:10.0|미나리, 물미나리, 데친것:10.0|무, 조선무, 생것:30.0|가오리, 나비가오리, 생것:70.0",
D071002,가자미찜,찜류,어패류찜,146.0,,,"참기름:1.0|마늘, 생것:1.0|참깨, 흰색, 볶은것:1.0|고춧가루:3.0|쑥갓, 데친것:5.0|간장, 개량, 양조:5.0|콩나물, 삶은것:10.0|양파, 데친것:10.0|미나리, 물미나리, 데친것:10.0|무, 조선무, 생것:30.0|가자미, 생것:70.0",
D064027,어묵전골,찌개류,전골류,91.7,,,"맛술:0.1|소금, 천일염:0.3|후추, 흰색, 가루:0.3|설탕, 백설탕:1.0|발효주, 청주, 알코올 16%:1.0|파, 대파, 생것:2.0|간장, 개량, 양조:2.0|쑥갓, 생것:5.0|다랑어, 가다랑어 육수, 농축:5.0|무, 조선무, 생것:20.0|곤약(구약나물), 판형, 생것:25.0|어묵:30.0",
D015007,순대국밥,밥류,덮밥 및 국밥류,1053.5,,,"소금, 천일염, 가는소금:0.5|마늘, 생것:1.0|고추, 빨간색, 생것:2.0|파, 대파, 생것:10.0|소고기, 한우, 양지, 생것:10.0|무청, 시래기, 말린것, 삶은것:30.0|된장, 개량:10.0|당면, 고구마, 말린것:10.0|양파, 생것:20.0|소 부산물, 선지(피), 생것:20.0|소 부산물, 소장(곱창), 생것:30.0|멥쌀, 백미, 밥:210.0|소금, 천일염, 가는소금:0.5|마늘, 생것:1.0|고추, 빨간색, 생것:2.0|파, 대파, 생것:10.0|소고기, 한우, 양지, 생것:10.0|무청, 시래기, 말린것, 삶은것:30.0|된장, 개량:10.0|당면, 고구마, 말린것:10.0|양파, 생것:20.0|소 부산물, 선지(피), 생것:20.0|소 부산물, 소장(곱창), 생것:30.0|멥쌀, 백미, 밥:210.0",
D064008,샤부샤부,찌개류,전골류,136.0,,,"후추, 검은색, 가루:1.0|마늘, 생것:1.0|파, 대파, 생것:2.0|참기름:2.0|표고버섯, 참나무재배, 말린것, 삶은것:5.0|간장, 재래:5.0|배추, 얼갈이배추, 생것:10.0|시금치, 데친것:10.0|당근, 뿌리, 데친것:10.0|국수, 소면, 말린것, 삶은것:20.0|양송이버섯, 데친것:30.0|소고기, 한우(1등급), 채끝, 생것:40.0",
D064028,밀푀유나베,찌개류,전골류,216.0,,,"마늘, 다진것:2.0|팽이버섯, 생것:2.0|표고버섯, 배지재배, 생것:2.0|소금, 천일염, 가는소금:3.0|들깻잎, 생것:7.0|양지국물:20.0|배추, 생것:80.0|소고기, 한우, 등심, 생것:100.0",
D074010,두부찜,찜류,기타 찜류,39.9,,,"참기름:0.4|간장, 개량, 양조:0.4|소금, 천일염, 가는소금:1.0|파, 쪽파, 생것:2.4|당근, 뿌리, 데친것:2.4|달걀, 삶은것:9.5|두부:23.8|참기름:0.4|간장, 개량, 양조:0.4|소금, 천일염, 가는소금:1.0|파, 쪽파, 생것:2.4|당근, 뿌리, 데친것:2.4|달걀, 삶은것:9.5|두부:23.8",
D064022,맑은부대찌개,찌개류,전골류,375.2,,,"소금, 천일염, 가는소금:0.1|후추, 흰색, 가루:0.1|마늘, 다진것:5.0|생강, 가루:2.0|고추, 빨간색, 말린것:5.0|무, 조선무, 생것:30.0|파, 대파, 생것:30.0|양파, 생것:30.0|다시마, 말린것:3.0|멥쌀떡, 가래떡:30.0|당면, 고구마, 삶은것:10.0|소고기, 한우(1++등급), 안심, 생것:50.0|돼지고기, 살코기, 생것:50.0|미나리, 돌미나리, 생것:20.0|배추, 생것:40.0|콩나물, 생것:10.0|두부:50.0|느타리버섯, 생것:10.0",
D074012,녹두 달걀 버섯찜,찜류,기타 찜류,219.05,,새우,"새우, 젓새우, 젓갈:4.0|후추, 검은색, 가루:0.05|소금, 천일염, 가는소금:1.0|다시마 육수:100.0|파, 쪽파, 생것:4.0|양송이버섯, 생것:15.0|달걀, 생것:60.0|생수:20.0|녹두, 말린것:15.0",
D074011,고구마순프리타타,찜류,기타 찜류,163.05,,,"후추, 검은색, 가루:0.05|소금, 천일염, 가는소금:1.0|콩기름:2.0|양파, 생것:10.0|우유:20.0|달걀, 생것:60.0|고구마, 줄기, 생것:40.0|토마토, 방울토마토, 생것:30.0",
D064025,돼지수육맑은전골,찌개류,전골류,777.0,,,"참깨, 흰색, 볶은것:5.0|식초, 양조:15.0|겨자 페이스트:5.0|간장, 개량, 양조:15.0|마늘, 다진것:5.0|생수:300.0|조미료, 쇠고기맛, 가루:15.0|고추, 청양고추, 생것:20.0|숙주나물, 생것:25.0|호박, 애호박, 생것:25.0|청경채, 생것:20.0|배추, 생것:30.0|당근, 뿌리, 생것:20.0|팽이버섯, 생것:10.0|파, 대파, 생것:5.0|후추, 검은색, 가루:2.0|된장, 개량:10.0|돼지고기, 삼겹살, 생것:250.0",
D064020,오리고기전골,찌개류,전골류,523.0,,,"맛술:5.0|마늘, 생것:4.0|간장, 개량, 양조:16.0|고추장, 개량:12.0|고춧가루:1.0|설탕, 백설탕:3.0|당근, 뿌리, 생것:10.0|호박, 단호박, 생것:30.0|양파, 생것:15.0|느타리버섯, 생것:20.0|다시마, 말린것:2.0|멸치 육수:300.0|부추, 재래종, 생것:15.0|오리고기, 살코기, 생것:90.0",
D064031,소고기버섯전골,찌개류,전골류,127.0,,,"마늘, 생것:1.0|멸치, 대멸치, 삶아서 말린것:1.0|설탕, 백설탕:1.0|쑥갓, 생것:2.0|다시마, 말린것:2.0|간장, 개량, 양조:2.0|팽이버섯, 생것:3.0|파, 대파, 생것:3.0|송이버섯, 생것:5.0|느타리버섯, 생것:7.0|표고버섯, 배지재배, 생것:10.0|소고기, 한우(1등급), 설도, 생것:10.0|두부:10.0|배추, 생것:20.0|감자, 대지, 생것:50.0",
D064010,소고기전골(고추장),찌개류,전골류,150.0,,,"참기름:1.0|소금, 천일염, 가는소금:1.0|고춧가루:1.0|마늘, 생것:2.0|표고버섯, 참나무재배, 말린것, 삶은것:5.0|배추, 얼갈이배추, 생것:10.0|고추장, 개량:10.0|양파, 데친것:20.0|소고기, 한우, 양지, 삶은것:30.0|두부:30.0|무, 조선무, 생것:40.0",
D064007,불낙전골,찌개류,전골류,229.0,,,"소금, 천일염, 가는소금:2.0|참기름:3.0|마늘, 생것:4.0|파, 대파, 생것:5.0|쑥갓, 데친것:5.0|고춧가루:5.0|고추, 풋고추, 생것:5.0|미나리, 물미나리, 데친것:10.0|두부:20.0|호박, 애호박, 데친것:30.0|콩나물, 삶은것:30.0|소고기, 한우, 양지, 삶은것:40.0|낙지, 세발낙지, 생것:70.0",
D064019,불고기 만두 된장 전골,찌개류,전골류,528.1,,,"마늘, 생것:4.0|참기름:2.0|간장, 개량, 양조:6.0|후추, 검은색, 가루:0.1|된장, 개량:12.0|다시마, 말린것:2.0|멸치, 대멸치, 삶아서 말린것:9.0|생수:300.0|고추, 빨간색, 생것:4.0|고추, 청양고추, 생것:4.0|미나리, 돌미나리, 생것:20.0|만두, 고기 만두:60.0|파, 대파, 생것:10.0|느타리버섯, 생것:25.0|배추, 생것:30.0|양파, 생것:20.0|소고기, 한우, 등심, 생것:20.0",
D064006,버섯전골,찌개류,전골류,164.0,,,"참기름:1.0|소금, 천일염, 가는소금:1.0|마늘, 생것:2.0|표고버섯, 참나무재배, 말린것, 삶은것:5.0|양송이버섯, 데친것:5.0|팽이버섯, 데친것:10.0|배추, 얼갈이배추, 생것:10.0|느타리버섯, 데친것:10.0|간장, 개량, 양조:10.0|양파, 데친것:20.0|두부:20.0|소고기, 한우, 양지, 삶은것:30.0|무, 조선무, 생것:40.0",
D064016,낙지전골,찌개류,전골류,100.0,,,"소금, 천일염, 가는소금:0.8|참기름:1.2|마늘, 생것:1.61|파, 대파, 생것:2.01|쑥갓, 데친것:2.01|고춧가루:2.01|고추, 풋고추, 생것:2.01|미나리, 물미나리, 데친것:4.02|두부:8.03|국수, 소면, 말린것, 삶은것:8.03|호박, 애호박, 데친것:12.05|콩나물, 삶은것:12.05|소고기, 한우, 양지, 삶은것:16.06|낙지, 세발낙지, 생것:28.11|소금, 천일염, 가는소금:0.8|참기름:1.2|마늘, 생것:1.61|파, 대파, 생것:2.01|쑥갓, 데친것:2.01|고춧가루:2.01|고추, 풋고추, 생것:2.01|미나리, 물미나리, 데친것:4.02|두부:8.03|국수, 소면, 말린것, 삶은것:8.03|호박, 애호박, 데친것:12.05|콩나물, 삶은것:12.05|소고기, 한우, 양지, 삶은것:16.06|낙지, 세발낙지, 생것:28.11",
D064017,두부전골,찌개류,전골류,1129.0,,,"소금, 천일염, 가는소금:1.0|간장, 개량, 양조:17.0|콩기름:6.0|전분, 감자, 가루:10.0|잣, 볶은것:3.0|달걀, 생것:50.0|표고버섯, 배지재배, 말린것:12.0|양파, 생것:50.0|미나리, 돌미나리, 생것:50.0|파, 쪽파, 생것:30.0|숙주나물, 생것:100.0|당근, 뿌리, 생것:50.0|무, 조선무, 생것:50.0|소고기, 한우(1등급), 양지(양지머리), 생것:100.0|두부:200.0",
D064026,돼지머리수육맑은전골,찌개류,전골류,751.0,,대두(콩),"간장, 개량, 양조:6.0|고추, 청양고추, 생것:20.0|다랑어, 가다랑어 육수:300.0|무, 조선무, 생것:25.0|발효주, 청주, 알코올 16%:15.0|파, 대파, 생것:10.0|마늘, 다진것:10.0|미소:30.0|고추, 초록색, 녹광, 생것:15.0|미나리, 물미나리, 생것:20.0|우동면, 생것:100.0|돼지 부산물, 머리고기, 삶은것:200.0",
D064024,나가사키부대찌개,찌개류,전골류,810.0,,,"들깨, 볶은것:15.0|다시마, 말린것:5.0|멸치 육수:300.0|달걀, 난황, 생것:20.0|밀, 중력밀가루:10.0|소금, 천일염, 가는소금:1.0|후추, 흰색, 가루:1.0|마늘, 다진것:5.0|파, 대파, 생것:5.0|돼지고기, 살코기, 생것:20.0|쑥갓, 생것:10.0|들깻잎, 생것:3.0|호박, 애호박, 생것:30.0|두부:40.0|무, 조선무, 생것:30.0|감자, 대지, 생것:30.0|고추, 빨간색, 생것:5.0|고추, 청양고추, 생것:5.0|팽이버섯, 생것:30.0|표고버섯, 배지재배, 생것:10.0|느타리버섯, 생것:25.0|양파, 생것:30.0|곤약(구약나물), 국수형, 생것:50.0|우유:100.0|햄, 통조림, 돼지고기와 닭고기 함유:30.0",
D064004,"김치전골(돼지고기, 떡)",찌개류,전골류,217.0,,,"참기름:1.0|소금, 천일염, 가는소금:2.0|마늘, 생것:4.0|파, 쪽파, 생것:5.0|쑥갓, 데친것:5.0|멥쌀떡, 가래떡:10.0|당면, 고구마, 삶은것:10.0|양파, 데친것:20.0|시금치, 데친것:20.0|당근, 뿌리, 데친것:20.0|두부:30.0|돼지고기, 사태, 삶은것:30.0|김치, 배추 김치:60.0",
D064003,김치전골(돼지고기),찌개류,전골류,207.0,,,"참기름:1.0|소금, 천일염, 가는소금:2.0|마늘, 생것:4.0|파, 쪽파, 생것:5.0|쑥갓, 데친것:5.0|당면, 고구마, 삶은것:10.0|양파, 데친것:20.0|시금치, 데친것:20.0|당근, 뿌리, 데친것:20.0|두부:30.0|돼지고기, 사태, 삶은것:30.0|김치, 배추 김치:60.0",
D064018,굴림만두 전골,찌개류,전골류,524.1,,,"무, 조선무, 생것:40.0|청어, 말린것:10.0|밀, 중력밀가루:20.0|후추, 검은색, 가루:0.1|소금, 천일염, 가는소금:1.0|간장, 재래:10.0|소고기, 한우(1등급), 안심, 생것:40.0|두부:40.0|당근, 뿌리, 생것:10.0|배추, 생것:30.0|파, 대파, 생것:8.0|생수:300.0|팽이버섯, 생것:15.0",
D064002,국수전골,찌개류,전골류,104.0,,,"설탕, 백설탕:1.0|마늘, 생것:1.0|파, 대파, 생것:2.0|참기름:2.0|간장, 재래:3.0|표고버섯, 참나무재배, 말린것, 삶은것:5.0|양파, 데친것:10.0|시금치, 데친것:10.0|당근, 뿌리, 데친것:10.0|국수, 소면, 말린것, 삶은것:20.0|소고기, 한우, 양지, 삶은것:40.0",
D064001,곱창전골(소고기),찌개류,전골류,98.0,,,"마늘, 생것:1.0|파, 대파, 생것:2.0|참기름:2.0|간장, 재래:3.0|표고버섯, 참나무재배, 말린것, 삶은것:5.0|당면, 고구마, 삶은것:5.0|양파, 데친것:10.0|시금치, 데친것:10.0|소고기, 한우, 양지, 삶은것:30.0|소 부산물, 소장(곱창), 생것:30.0",
D062009,햄찌개(고추장),찌개류,육류찌개,69.0,,,"소금, 천일염, 가는소금:1.0|마늘, 생것:1.0|고춧가루:1.0|파, 대파, 생것:3.0|고추, 빨간색, 생것:3.0|고추장, 개량:5.0|고추, 풋고추, 생것:5.0|햄, 프레스햄:50.0",
D062020,흑돼지김치찌개,찌개류,육류찌개,73.5,,,"마늘, 생것:0.5|파, 대파, 생것:1.0|새우, 젓갈, 토굴육젓:1.0|옥수수기름:1.0|두부:10.0|고춧가루:10.0|돼지고기, 앞다리(앞다리살), 생것:20.0|김치, 배추 김치:30.0",
D062013,완자김치찌개,찌개류,육류찌개,265.0,,,"소고기, 한우(1++등급), 양지, 생것:50.0|마늘, 생것:5.0|파, 대파, 생것:10.0|새우, 젓갈:5.0|돼지고기, 등심, 생것:60.0|고추, 빨간색, 생것:15.0|두부:40.0|김치, 배추 김치:50.0|콩나물, 생것:30.0",
D062006,"섞어찌개(고추장, 햄)",찌개류,육류찌개,158.0,,,"마늘, 생것:1.0|소금, 천일염, 가는소금:2.0|파, 쪽파, 생것:5.0|햄, 프레스햄, 데친것:10.0|양파, 데친것:10.0|고추장, 개량:10.0|호박, 애호박, 데친것:20.0|콩나물, 삶은것:20.0|소고기, 한우, 양지, 삶은것:20.0|두부:20.0|감자, 대지, 삶은것:40.0",
D062008,"소고기찌개(고추장, 두부)",찌개류,육류찌개,99.0,,,"후추, 검은색, 가루:1.0|간장, 재래:1.0|마늘, 생것:2.0|고춧가루:4.0|파, 대파, 생것:5.0|고추장, 개량:6.0|양파, 데친것:10.0|소고기, 한우, 양지, 삶은것:20.0|감자, 대지, 삶은것:20.0|두부:30.0",
D062007,"소고기찌개(고추장, 감자)",찌개류,육류찌개,166.0,,,"소금, 천일염, 가는소금:2.0|마늘, 생것:2.0|고추, 빨간색, 생것:2.0|고추장, 개량:5.0|고추, 풋고추, 생것:5.0|양파, 데친것:10.0|쑥갓, 데친것:10.0|두부:30.0|소고기, 한우, 양지, 삶은것:40.0|감자, 대지, 삶은것:60.0",
D062005,"섞어찌개(고추장, 오징어)",찌개류,육류찌개,168.0,,,"마늘, 생것:1.0|소금, 천일염, 가는소금:2.0|파, 쪽파, 생것:5.0|양파, 데친것:10.0|고추장, 개량:10.0|호박, 애호박, 데친것:20.0|콩나물, 삶은것:20.0|오징어, 구운것:20.0|소고기, 한우, 양지, 삶은것:20.0|두부:20.0|감자, 대지, 삶은것:40.0",
D062004,섞어찌개(고추장),찌개류,육류찌개,148.0,,,"마늘, 생것:1.0|소금, 천일염, 가는소금:2.0|파, 쪽파, 생것:5.0|양파, 데친것:10.0|고추장, 개량:10.0|호박, 애호박, 데친것:20.0|콩나물, 삶은것:20.0|소고기, 한우, 양지, 삶은것:20.0|두부:20.0|감자, 대지, 삶은것:40.0",
D062003,부대찌개(고추장),찌개류,육류찌개,198.0,,,"소금, 천일염, 가는소금:1.0|마늘, 생것:2.0|고춧가루:5.0|고추장, 개량:5.0|양파, 데친것:10.0|파, 대파, 생것:15.0|콩나물, 삶은것:20.0|라면, 말린것, 삶은것:20.0|돼지고기, 사태, 삶은것:30.0|어육소시지:30.0|두부:30.0|김치, 배추 김치:30.0",
D065036,로제부대찌개,찌개류,기타찌개류,79.1,,,"설탕, 황설탕:0.1|멸치, 액젓:1.0|고춧가루:1.0|마늘, 생것:2.0|파, 대파, 생것:3.0|치즈, 체다:7.0|양파, 생것:10.0|양배추, 생것:10.0|두부:10.0|소시지, 프랑크푸르트소시지:10.0|햄, 등심햄:10.0|멥쌀떡, 가래떡:15.0|설탕, 황설탕:0.1|멸치, 액젓:1.0|고춧가루:1.0|마늘, 생것:2.0|파, 대파, 생것:3.0|치즈, 체다:7.0|양파, 생것:10.0|양배추, 생것:10.0|두부:10.0|소시지, 프랑크푸르트소시지:10.0|햄, 등심햄:10.0|멥쌀떡, 가래떡:15.0",
D062019,배추콩비지찌개,찌개류,육류찌개,99.7,,,"마늘, 생것:0.6|소금, 천일염, 가는소금:0.6|양파, 생것:1.0|파, 대파, 생것:1.0|새우, 꽃새우, 삶아서 말린것:1.0|멸치, 대멸치, 삶아서 말린것:1.0|명태, 북어, 말린것:1.0|다시마, 말린것:1.0|표고버섯, 배지재배, 생것:2.5|무, 조선무, 생것:10.0|배추, 생것:15.0|돼지고기, 뒷다리, 생것:15.0|김치, 배추 김치:15.0|비지:35.0",
D062014,닭고기김치찌개,찌개류,육류찌개,766.0,,,"생수:300.0|발효주, 청주, 알코올 16%:10.0|마늘, 생것:10.0|멸치, 대멸치, 삶아서 말린것:10.0|고추, 빨간색, 말린것:3.0|양파, 생것:10.0|파, 대파, 생것:5.0|무, 조선무, 생것:40.0|다시마, 말린것:5.0|달걀, 생것:50.0|느타리버섯, 생것:10.0|참기름:20.0|김치, 배추 김치:120.0|두부:60.0|고추, 청양고추, 생것:3.0|미나리, 돌미나리, 생것:20.0|호박, 애호박, 생것:30.0|닭고기, 가슴, 생것:60.0",
D062010,가래떡김치말이짜글이,찌개류,육류찌개,286.0,,대두(콩),"간장, 개량, 양조:7.0|설탕, 백설탕:3.0|고추, 빨간색, 생것:3.0|고추, 초록색, 녹광, 생것:3.0|파, 대파, 생것:5.0|양파, 생것:40.0|김치, 동치미:25.0|멸치 육수:80.0|돼지고기, 목심, 생것:30.0|김치, 배추 김치:40.0|멥쌀떡, 가래떡:50.0",
D062023,돼지고기콩비지찌개,찌개류,육류찌개,70.5,,,"생강, 뿌리줄기, 생것:0.1|부추, 솔부추, 생것:0.1|소금, 천일염, 소금꽃:0.1|후추, 검은색, 가루:0.1|파, 대파, 생것:0.2|양파, 생것:0.4|다시마, 말린것:0.5|멸치, 대멸치, 삶아서 말린것:1.0|된장, 개량:3.0|무, 조선무, 생것:10.0|배추, 생것:10.0|돼지고기, 뒷다리, 생것:20.0|비지:25.0",
D062021,돼지고기두부찌개,찌개류,육류찌개,118.1,,,"생강, 뿌리줄기, 생것:0.1|혼합식물성유:1.0|소금, 천일염, 가는소금:1.0|마늘, 생것:2.0|고춧가루:2.0|고추장, 개량:7.0|고추, 풋고추, 생것:10.0|파, 대파, 생것:10.0|양파, 생것:20.0|돼지고기, 앞다리(앞다리살), 생것:25.0|두부:40.0",
D062012,돈육된장찌개,찌개류,육류찌개,357.6,,,"마늘, 생것:3.0|고춧가루:0.5|된장, 개량:7.0|생수:160.0|새우, 꽃새우, 삶아서 말린것:15.0|다시마, 말린것:2.0|멸치, 대멸치, 삶아서 말린것:5.0|후추, 검은색, 가루:0.1|참기름:2.0|생강, 뿌리줄기, 생것:2.0|발효주, 청주, 알코올 16%:3.0|파, 대파, 생것:8.0|고추, 빨간색, 생것:3.0|고추, 청양고추, 생것:2.0|두부:40.0|호박, 애호박, 생것:20.0|양파, 생것:15.0|무, 조선무, 생것:40.0|돼지고기, 앞다리(앞다리살), 생것:30.0",
D062022,돼지고기청국장찌개,찌개류,육류찌개,106.4,,,"표고버섯, 배지재배, 말린것:0.1|소금, 천일염:0.3|마늘, 다진것:1.0|고추, 빨간색, 생것:1.0|고추, 풋고추, 생것:1.0|다시마, 말린것:1.0|멸치, 대멸치, 삶아서 말린것:2.0|돼지고기, 뒷다리, 생것:10.0|무, 조선무, 생것:15.0|김치, 배추 김치:15.0|호박, 애호박, 생것:20.0|두부:20.0|청국장, 찌개용:20.0",
D062018,목살고추장찌개,찌개류,육류찌개,156.1,,대두(콩),"된장, 개량:0.1|멸치, 대멸치, 삶아서 말린것:1.0|파, 대파, 생것:5.0|돼지고기, 목심, 생것:5.0|두부:5.0|양파, 생것:20.0|호박, 애호박, 생것:20.0|고추장, 개량:20.0|감자, 대지, 생것:80.0",
D063039,순두부청국장찌개,찌개류,된장찌개류,168.3,,,"소금, 천일염:0.3|마늘, 다진것:1.0|고추, 빨간색, 생것:1.0|고추, 풋고추, 생것:1.0|다시마, 말린것:5.0|무, 조선무, 생것:15.0|호박, 애호박, 생것:15.0|청국장, 찌개용:20.0|김치, 배추 김치:20.0|두부, 순두부:90.0|소금, 천일염:0.3|마늘, 다진것:1.0|고추, 빨간색, 생것:1.0|고추, 풋고추, 생것:1.0|다시마, 말린것:5.0|무, 조선무, 생것:15.0|호박, 애호박, 생것:15.0|청국장, 찌개용:20.0|김치, 배추 김치:20.0|두부, 순두부:90.0",
D062002,돼지고기찌개(고추장),찌개류,육류찌개,198.0,,,"후추, 검은색, 가루:1.0|소금, 천일염, 가는소금:1.0|생강, 뿌리줄기, 생것:1.0|고춧가루:2.0|파, 대파, 생것:4.0|양파, 데친것:5.0|마늘, 생것:6.0|고추장, 개량:8.0|두부:30.0|김치, 배추 김치:30.0|무, 조선무, 생것:50.0|돼지고기, 사태, 삶은것:60.0",
D062025,돼지고기두부김치찌개,찌개류,육류찌개,91.0,,,"마늘, 생것:2.0|멸치, 대멸치, 삶아서 말린것:2.0|고춧가루:2.0|파, 대파, 생것:5.0|두부:20.0|돼지고기, 앞다리(앞다리살), 생것:30.0|김치, 배추 김치:30.0",
D062016,돈육짜글이찌개,찌개류,육류찌개,161.3,,,"소금, 천일염:0.3|마늘, 다진것:1.0|콩기름:2.0|고춧가루:3.0|양파, 생것:15.0|호박, 애호박, 생것:15.0|고추장, 재래:15.0|두부:20.0|감자, 대지, 생것:40.0|돼지고기, 목심, 생것:50.0",
D062001,닭고기찌개(고추장),찌개류,육류찌개,90.0,,,"고춧가루:1.0|소금, 천일염, 가는소금:2.0|마늘, 생것:2.0|파, 대파, 생것:5.0|고추장, 개량:10.0|닭고기, 가슴, 삶은것:30.0|무, 조선무, 생것:40.0",
D062011,닭안심 김치스튜,찌개류,육류찌개,201.95,,토마토,"토마토 소스:12.0|마늘, 생것:3.0|버터, 가염:4.0|후추, 검은색, 가루:0.1|소금, 천일염, 가는소금:0.6|파슬리, 말린것:0.05|월계수, 잎, 말린것:0.2|김치, 배추 김치:40.0|당근, 뿌리, 생것:12.0|감자, 대지, 생것:70.0|닭고기, 살코기, 생것:60.0",
D061086,해물순두부찌개,찌개류,어패류찌개,98.8,,,"소금, 천일염:0.3|고춧가루:0.5|마늘, 다진것:1.0|다시마, 말린것:2.0|간장, 개량, 양조:2.0|고추기름:3.0|파, 대파, 생것:5.0|바지락, 생것:5.0|양파, 생것:10.0|새우, 꽃새우, 생것:10.0|미더덕, 생것:10.0|오징어, 생것:20.0|두부, 순두부:30.0",
D062024,가지돼지고기된장찌개,찌개류,육류찌개,135.5,,,"고춧가루:0.5|마늘, 다진것:1.0|소금, 천일염:1.0|다시마, 말린것:2.0|파, 대파, 생것:4.0|가지, 말린것:5.0|멸치, 대멸치, 삶아서 말린것:5.0|양파, 생것:7.0|호박, 애호박, 생것:20.0|돼지고기, 등심, 생것:20.0|두부:20.0|된장, 개량:20.0|감자, 대지, 생것:30.0",
D061060,홍어찌개(고추장),찌개류,어패류찌개,151.0,,,"소금, 천일염, 가는소금:2.0|마늘, 생것:2.0|고춧가루:2.0|파, 대파, 생것:5.0|쑥갓, 데친것:5.0|간장, 재래:5.0|고추장, 개량:10.0|두부:20.0|무, 조선무, 생것:30.0|홍어, 생것:70.0",
D061087,호박명란젓찌개,찌개류,어패류찌개,114.0,,,"파, 대파, 생것:1.0|간장, 개량, 양조:1.0|마늘, 다진것:5.0|명태, 알, 양념젓갈(명란젓):7.0|감자, 대지, 생것:20.0|호박, 애호박, 생것:20.0|두부:30.0|멸치 육수:30.0",
D061075,해물토마토김치찌개,찌개류,어패류찌개,263.0,,난류,"달걀, 생것:23.0|전분, 감자, 가루:5.0|무말랭이, 말린것:3.0|당면, 고구마, 삶은것:7.0|부추, 솔부추, 생것:3.0|새우, 중하, 생것:15.0|고추, 풋고추, 생것:1.0|팽이버섯, 생것:7.0|느타리버섯, 생것:7.0|쑥갓, 생것:5.0|미나리, 물미나리, 데친것:2.0|주꾸미, 생것:25.0|바지락, 생것:15.0|담치, 참담치(홍합), 생것:20.0|오징어, 생것:15.0|양파, 생것:40.0|토마토, 생것:30.0|감자, 대지, 생것:40.0",
D061059,해물찌개(된장),찌개류,어패류찌개,173.0,,,"후추, 검은색, 가루:1.0|소금, 천일염, 가는소금:1.0|마늘, 생것:3.0|파, 대파, 생것:4.0|고춧가루:4.0|양파, 데친것:5.0|된장, 개량:5.0|미나리, 물미나리, 데친것:10.0|느타리버섯, 데친것:10.0|무, 조선무, 생것:30.0|장어, 뱀장어, 생것:50.0|넙치(광어), 생것:50.0",
D061058,해물잡탕(소고기),찌개류,어패류찌개,134.0,,,"마늘, 생것:1.0|소금, 천일염, 가는소금:2.0|당면, 고구마, 삶은것:3.0|고춧가루:3.0|파, 대파, 생것:5.0|소고기, 한우, 양지, 삶은것:10.0|새우, 중하, 생것:10.0|바지락, 생것:10.0|느타리버섯, 데친것:10.0|담치, 참담치(홍합), 생것:20.0|무, 조선무, 생것:30.0|오징어, 구운것:30.0",
D061072,해물김치찌개,찌개류,어패류찌개,890.0,,,"생수:300.0|멸치, 대멸치, 삶아서 말린것:10.0|다시마, 말린것:5.0|팽이버섯, 생것:10.0|배즙:50.0|참기름:5.0|두부:50.0|양파, 생것:40.0|파, 대파, 생것:10.0|마늘, 생것:10.0|무, 조선무, 생것:50.0|김치, 배추 김치:150.0|주꾸미, 생것:100.0|바지락, 생것:100.0",
D061092,청양참치김치찌개,찌개류,어패류찌개,88.3,,,"소금, 천일염:0.3|마늘, 다진것:1.0|고추, 청양고추, 생것:2.0|다시마, 말린것:2.0|간장, 개량, 양조:3.0|파, 대파, 생것:5.0|양파, 생것:10.0|다랑어, 가다랑어, 통조림, 유지:15.0|두부:20.0|김치, 배추 김치:30.0",
D061094,참치콩나물김치찌개,찌개류,어패류찌개,98.6,,,"생강, 뿌리줄기, 생것:0.1|고추, 빨간색, 생것:0.1|맛술:0.1|소금, 천일염:0.3|마늘, 다진것:1.0|멸치, 액젓:1.0|고춧가루:1.0|다시마, 말린것:2.0|파, 대파, 생것:3.0|양파, 생것:10.0|콩나물, 생것:10.0|두부:20.0|다랑어, 가다랑어, 통조림, 유지:20.0|김치, 배추 김치:30.0",
D061077,참치짜글이,찌개류,어패류찌개,81.5,,대두(콩),"된장, 개량:0.5|마늘, 생것:1.0|고춧가루:1.0|파, 대파, 생것:2.0|고추장, 개량:2.0|양파, 생것:5.0|느타리버섯, 생것:10.0|감자, 대지, 생것:10.0|두부:20.0|다랑어, 가다랑어, 통조림, 유지:30.0",
D061057,코다리찌개(고추장),찌개류,어패류찌개,151.0,,,"소금, 천일염, 가는소금:2.0|마늘, 생것:2.0|고춧가루:2.0|파, 대파, 생것:5.0|쑥갓, 데친것:5.0|간장, 재래:5.0|고추장, 개량:10.0|두부:20.0|무, 조선무, 생것:30.0|명태, 코다리, 반건조, 구운것:70.0",
D061056,청어찌개(고추장),찌개류,어패류찌개,164.0,,,"소금, 천일염, 가는소금:2.0|마늘, 생것:2.0|고춧가루:2.0|파, 쪽파, 생것:3.0|간장, 재래:5.0|쑥갓, 데친것:10.0|고추장, 개량:10.0|무, 조선무, 생것:30.0|두부:30.0|청어, 생것:70.0",
D061085,참치고추장찌개,찌개류,어패류찌개,163.3,,,"소금, 천일염:0.3|마늘, 다진것:1.0|콩기름:2.0|간장, 개량, 양조:2.0|고춧가루:3.0|양파, 생것:15.0|호박, 애호박, 생것:15.0|고추장, 재래:15.0|두부:20.0|감자, 대지, 생것:40.0|다랑어, 가다랑어, 통조림, 유지:50.0",
D061079,참치채소찌개,찌개류,어패류찌개,107.8,,,"소금, 천일염, 가는소금:0.6|파, 대파, 생것:0.7|마늘, 생것:1.0|양파, 생것:1.0|새우, 꽃새우, 삶아서 말린것:1.0|멸치, 대멸치, 삶아서 말린것:1.0|명태, 북어, 말린것:1.0|다시마, 말린것:1.0|표고버섯, 배지재배, 생것:2.5|간장, 개량, 양조:4.0|고춧가루:4.0|들깻잎, 생것:5.0|들깨, 볶은것:5.0|무, 조선무, 생것:10.0|감자, 대지, 생것:20.0|다랑어, 가다랑어, 통조림, 유지:20.0|배추, 얼갈이배추, 생것:30.0",
D061055,참치찌개,찌개류,어패류찌개,41.0,,,"후추, 검은색, 가루:1.0|소금, 천일염, 가는소금:1.0|마늘, 생것:1.0|고춧가루:3.0|파, 쪽파, 생것:5.0|양파, 데친것:10.0|다랑어, 가다랑어, 통조림, 유지:20.0",
D061054,쥐치찌개(고추장),찌개류,어패류찌개,151.0,,,"소금, 천일염, 가는소금:2.0|마늘, 생것:2.0|고춧가루:2.0|파, 대파, 생것:5.0|쑥갓, 데친것:5.0|간장, 재래:5.0|고추장, 개량:10.0|두부:20.0|무, 조선무, 생것:30.0|쥐치, 생것:70.0",
D061053,조기찌개(고추장),찌개류,어패류찌개,167.0,,,"소금, 천일염, 가는소금:2.0|마늘, 생것:2.0|고춧가루:3.0|파, 대파, 생것:5.0|고추, 풋고추, 생것:5.0|쑥갓, 데친것:10.0|고추장, 개량:10.0|무, 조선무, 생것:30.0|두부:30.0|조기(참조기), 생것:70.0",
D061074,주꾸미머리순대,찌개류,어패류찌개,403.0,,,"참깨, 흰색, 볶은것:3.0|고추장, 개량:15.0|레몬 착즙:20.0|생강청:25.0|마늘, 생것:15.0|달걀, 생것:60.0|당근, 뿌리, 생것:20.0|양파, 생것:25.0|미나리, 물미나리, 생것:20.0|주꾸미, 생것:200.0",
D061052,조기매운탕(고추장),찌개류,어패류찌개,176.0,,,"마늘, 생것:1.0|소금, 천일염, 가는소금:2.0|고춧가루:3.0|파, 대파, 생것:5.0|쑥갓, 데친것:5.0|고추, 풋고추, 생것:5.0|고추, 빨간색, 생것:5.0|고추장, 개량:10.0|무, 조선무, 생것:30.0|두부:40.0|조기(참조기), 생것:70.0",
D061051,정어리찌개(고추장),찌개류,어패류찌개,151.0,,,"소금, 천일염, 가는소금:2.0|마늘, 생것:2.0|고춧가루:2.0|파, 대파, 생것:5.0|쑥갓, 데친것:5.0|간장, 재래:5.0|고추장, 개량:10.0|두부:20.0|무, 조선무, 생것:30.0|정어리, 생것:70.0",
D061050,전어찌개(고추장),찌개류,어패류찌개,151.0,,,"소금, 천일염, 가는소금:2.0|마늘, 생것:2.0|고춧가루:2.0|파, 대파, 생것:5.0|쑥갓, 데친것:5.0|간장, 재래:5.0|고추장, 개량:10.0|두부:20.0|무, 조선무, 생것:30.0|전어, 생것:70.0",
D061049,전갱이찌개(고추장),찌개류,어패류찌개,151.0,,,"소금, 천일염, 가는소금:2.0|마늘, 생것:2.0|고춧가루:2.0|파, 대파, 생것:5.0|쑥갓, 데친것:5.0|간장, 재래:5.0|고추장, 개량:10.0|두부:20.0|무, 조선무, 생것:30.0|전갱이, 생것:70.0",
D061047,장어찌개(고추장),찌개류,어패류찌개,151.0,,,"소금, 천일염, 가는소금:2.0|마늘, 생것:2.0|고춧가루:2.0|파, 대파, 생것:5.0|쑥갓, 데친것:5.0|간장, 재래:5.0|고추장, 개량:10.0|두부:20.0|무, 조선무, 생것:30.0|장어, 뱀장어, 생것:70.0",
D061048,적어찌개(고추장),찌개류,어패류찌개,151.0,,,"소금, 천일염, 가는소금:2.0|마늘, 생것:2.0|고춧가루:2.0|파, 대파, 생것:5.0|쑥갓, 데친것:5.0|간장, 재래:5.0|고추장, 개량:10.0|두부:20.0|무, 조선무, 생것:30.0|장문볼락, 생것:70.0",
D061043,오징어찌개(고추장),찌개류,어패류찌개,174.0,,,"소금, 천일염, 가는소금:1.0|마늘, 생것:1.0|고춧가루:2.0|파, 쪽파, 생것:5.0|고추장, 개량:5.0|당근, 뿌리, 데친것:10.0|양배추, 데친것:20.0|무, 조선무, 생것:30.0|두부:30.0|오징어, 구운것:70.0",
D061046,잉어찌개(고추장),찌개류,어패류찌개,151.0,,,"소금, 천일염, 가는소금:2.0|마늘, 생것:2.0|고춧가루:2.0|파, 대파, 생것:5.0|쑥갓, 데친것:5.0|간장, 재래:5.0|고추장, 개량:10.0|두부:20.0|무, 조선무, 생것:30.0|잉어, 생것:70.0",
D061045,임연수어찌개(고추장),찌개류,어패류찌개,151.0,,,"소금, 천일염, 가는소금:2.0|마늘, 생것:2.0|고춧가루:2.0|파, 대파, 생것:5.0|쑥갓, 데친것:5.0|간장, 재래:5.0|고추장, 개량:10.0|두부:20.0|무, 조선무, 생것:30.0|임연수어, 생것:70.0",
D061044,"우럭매운탕(고추장, 된장)",찌개류,어패류찌개,198.0,,,"후추, 검은색, 가루:1.0|소금, 천일염, 가는소금:2.0|마늘, 생것:2.0|고춧가루:3.0|간장, 재래:3.0|파, 대파, 생것:5.0|된장, 개량:6.0|고추장, 개량:6.0|미나리, 물미나리, 데친것:10.0|무, 조선무, 생것:25.0|두부:50.0|볼락, 조피볼락(우럭), 생것:85.0",
D061073,오징어김치찌개,찌개류,어패류찌개,784.0,,,"들깨, 볶은것:5.0|참기름:10.0|생수:300.0|멸치, 생것:10.0|파, 대파, 생것:20.0|다시마, 말린것:5.0|무, 조선무, 생것:50.0|쑥갓, 생것:20.0|김치, 배추 김치:140.0|콩나물, 생것:20.0|고구마, 생것:30.0|고추, 빨간색, 생것:4.0|팽이버섯, 생것:20.0|두부:50.0|오징어, 생것:100.0",
D061091,오징어순두부찌개,찌개류,어패류찌개,190.0,,,"마늘, 다진것:2.0|다시마, 말린것:3.0|파, 대파, 생것:5.0|고추기름:5.0|간장, 재래:5.0|고춧가루:5.0|양파, 생것:20.0|호박, 애호박, 생것:20.0|오징어, 생것:25.0|두부, 순두부:100.0",
D061040,아구매운탕(고추장),찌개류,어패류찌개,187.0,,,"소금, 천일염, 가는소금:1.0|마늘, 생것:3.0|고춧가루:3.0|파, 대파, 생것:5.0|고추, 풋고추, 생것:5.0|쑥갓, 데친것:10.0|고추장, 개량:10.0|콩나물, 삶은것:20.0|무, 조선무, 생것:30.0|두부:30.0|아귀, 생것:70.0",
D061084,얼갈이꽃게찌개,찌개류,어패류찌개,196.0,,,"마늘, 다진것:1.0|파, 대파, 생것:1.0|다시마, 말린것:2.0|소금, 천일염, 굵은소금:2.0|간장, 개량, 양조:3.0|된장, 재래:7.0|애느타리버섯, 생것:10.0|양지국물:10.0|무, 조선무, 생것:20.0|호박, 애호박, 생것:20.0|두부:20.0|배추, 얼갈이배추, 생것:40.0|게, 꽃게, 생것:60.0",
D061042,양미리찌개(고추장),찌개류,어패류찌개,151.0,,,"소금, 천일염, 가는소금:2.0|마늘, 생것:2.0|고춧가루:2.0|파, 대파, 생것:5.0|쑥갓, 데친것:5.0|간장, 재래:5.0|고추장, 개량:10.0|두부:20.0|무, 조선무, 생것:30.0|양미리, 생것:70.0",
D061041,알탕(대구),찌개류,어패류찌개,145.0,,,"소금, 천일염, 가는소금:1.0|고추, 빨간색, 생것:1.0|쑥갓, 데친것:2.0|마늘, 생것:2.0|고춧가루:2.0|멸치 육수:3.0|파, 대파, 생것:4.0|고추, 풋고추, 생것:5.0|간장, 재래:5.0|대구, 알, 생것:20.0|달걀, 삶은것:20.0|무, 조선무, 생것:40.0|두부:40.0",
D061039,쏨뱅이찌개(고추장),찌개류,어패류찌개,151.0,,,"소금, 천일염, 가는소금:2.0|마늘, 생것:2.0|고춧가루:2.0|파, 대파, 생것:5.0|쑥갓, 데친것:5.0|간장, 재래:5.0|고추장, 개량:10.0|두부:20.0|무, 조선무, 생것:30.0|쏨뱅이, 생것:70.0",
D061038,쏘가리매운탕(고추장),찌개류,어패류찌개,199.0,,,"소금, 천일염, 가는소금:1.0|마늘, 생것:1.0|고춧가루:2.0|쑥갓, 데친것:10.0|미나리, 물미나리, 데친것:10.0|고추장, 개량:10.0|콩나물, 삶은것:15.0|양파, 데친것:20.0|무, 조선무, 생것:30.0|두부:30.0|쏘가리, 생것:70.0",
D061036,"생태찌개(고추장, 된장)",찌개류,어패류찌개,212.0,,,"소금, 천일염, 가는소금:1.0|고춧가루:1.0|마늘, 생것:5.0|파, 대파, 생것:6.0|고추장, 개량:9.0|된장, 개량:10.0|무, 조선무, 생것:30.0|두부:40.0|명태, 생것:110.0",
D061037,숭어찌개(고추장),찌개류,어패류찌개,151.0,,,"소금, 천일염, 가는소금:2.0|마늘, 생것:2.0|고춧가루:2.0|파, 대파, 생것:5.0|쑥갓, 데친것:5.0|간장, 재래:5.0|고추장, 개량:10.0|두부:20.0|무, 조선무, 생것:30.0|숭어, 생것:70.0",
D061035,"생선내장탕(대구, 고추장)",찌개류,어패류찌개,151.0,,,"소금, 천일염, 가는소금:2.0|마늘, 생것:2.0|고춧가루:2.0|파, 대파, 생것:5.0|쑥갓, 데친것:5.0|간장, 재래:5.0|고추장, 개량:10.0|두부:20.0|무, 조선무, 생것:30.0|대구, 내장, 생것:70.0",
D061033,새우젓찌개(호박),찌개류,어패류찌개,118.0,,,"소금, 천일염, 가는소금:1.0|마늘, 생것:1.0|고춧가루:1.0|파, 대파, 생것:5.0|양파, 데친것:10.0|새우, 젓갈, 토굴육젓:10.0|두부:30.0|호박, 애호박, 데친것:60.0",
D061034,새우찌개(고추장),찌개류,어패류찌개,151.0,,,"소금, 천일염, 가는소금:2.0|마늘, 생것:2.0|고춧가루:2.0|파, 대파, 생것:5.0|쑥갓, 데친것:5.0|간장, 재래:5.0|고추장, 개량:10.0|두부:20.0|무, 조선무, 생것:30.0|새우, 대하, 생것:70.0",
D061090,새우젓순두부찌개,찌개류,어패류찌개,167.0,,,"마늘, 다진것:2.0|새우, 젓갈:2.0|다시마, 말린것:3.0|파, 대파, 생것:5.0|고추기름:5.0|간장, 재래:5.0|고춧가루:5.0|양파, 생것:20.0|호박, 애호박, 생것:20.0|두부, 순두부:100.0",
D061030,북어찌개(고추장),찌개류,어패류찌개,105.0,,,"소금, 천일염, 가는소금:1.0|고춧가루:1.0|파, 대파, 생것:2.0|마늘, 생것:2.0|고추장, 개량:4.0|명태, 북어, 말린것:20.0|두부:35.0|무, 조선무, 생것:40.0",
D061028,복매운탕(고추장),찌개류,어패류찌개,185.0,,,"소금, 천일염, 가는소금:1.0|마늘, 생것:1.0|고춧가루:3.0|파, 쪽파, 생것:5.0|쑥갓, 데친것:5.0|미나리, 물미나리, 데친것:10.0|고추장, 개량:10.0|콩나물, 삶은것:20.0|무, 조선무, 생것:30.0|두부:30.0|복어, 검복, 생것:70.0",
D061031,붕어매운탕,찌개류,어패류찌개,171.0,,,"참기름:1.0|소금, 천일염, 가는소금:1.0|마늘, 생것:1.0|고춧가루:3.0|쑥갓, 데친것:5.0|미나리, 물미나리, 데친것:5.0|간장, 재래:5.0|양파, 데친것:15.0|콩나물, 삶은것:25.0|두부:40.0|붕어, 생것:70.0",
D061032,삼치찌개(고추장),찌개류,어패류찌개,165.0,,,"소금, 천일염, 가는소금:1.0|마늘, 생것:2.0|고춧가루:2.0|파, 대파, 생것:5.0|간장, 재래:5.0|쑥갓, 데친것:10.0|고추장, 개량:10.0|무, 조선무, 생것:30.0|두부:30.0|삼치, 생것:70.0",
D061029,볼락찌개(고추장),찌개류,어패류찌개,151.0,,,"소금, 천일염, 가는소금:2.0|마늘, 생것:2.0|고춧가루:2.0|파, 대파, 생것:5.0|쑥갓, 데친것:5.0|간장, 재래:5.0|고추장, 개량:10.0|두부:20.0|무, 조선무, 생것:30.0|볼락, 생것:70.0",
D061027,병어찌개(고추장),찌개류,어패류찌개,166.0,,,"소금, 천일염, 가는소금:2.0|마늘, 생것:2.0|고춧가루:2.0|파, 대파, 생것:5.0|간장, 재래:5.0|쑥갓, 데친것:10.0|고추장, 개량:10.0|무, 조선무, 생것:30.0|두부:30.0|병어, 생것:70.0",
D061026,뱅어찌개(고추장),찌개류,어패류찌개,151.0,,,"소금, 천일염, 가는소금:2.0|마늘, 생것:2.0|고춧가루:2.0|파, 대파, 생것:5.0|쑥갓, 데친것:5.0|간장, 재래:5.0|고추장, 개량:10.0|두부:20.0|무, 조선무, 생것:30.0|뱅어, 생것:70.0",
D061025,방어찌개(고추장),찌개류,어패류찌개,151.0,,,"소금, 천일염, 가는소금:2.0|마늘, 생것:2.0|고춧가루:2.0|파, 대파, 생것:5.0|쑥갓, 데친것:5.0|간장, 재래:5.0|고추장, 개량:10.0|두부:20.0|무, 조선무, 생것:30.0|방어, 생것:70.0",
D061089,바지락순두부찌개,찌개류,어패류찌개,185.0,,,"마늘, 다진것:2.0|다시마, 말린것:3.0|파, 대파, 생것:5.0|고추기름:5.0|간장, 재래:5.0|고춧가루:5.0|양파, 생것:20.0|호박, 애호박, 생것:20.0|바지락, 생것:20.0|두부, 순두부:100.0",
D061024,바지락찌개(고추장),찌개류,어패류찌개,151.0,,,"소금, 천일염, 가는소금:2.0|마늘, 생것:2.0|고춧가루:2.0|파, 대파, 생것:5.0|쑥갓, 데친것:5.0|간장, 재래:5.0|고추장, 개량:10.0|두부:20.0|무, 조선무, 생것:30.0|바지락, 생것:70.0",
D061023,민어찌개(고추장),찌개류,어패류찌개,151.0,,,"소금, 천일염, 가는소금:2.0|마늘, 생것:2.0|고춧가루:2.0|파, 대파, 생것:5.0|쑥갓, 데친것:5.0|간장, 재래:5.0|고추장, 개량:10.0|두부:20.0|무, 조선무, 생것:30.0|민어, 생것:70.0",
D061022,미꾸라지매운탕,찌개류,어패류찌개,190.0,,,"참기름:1.0|마늘, 생것:1.0|소금, 천일염, 가는소금:2.0|고춧가루:3.0|간장, 재래:3.0|쑥갓, 데친것:5.0|미나리, 물미나리, 데친것:5.0|양파, 데친것:15.0|콩나물, 삶은것:25.0|토란대, 줄기, 생것:30.0|두부:30.0|미꾸리, 생것:70.0",
D061078,물오징어찌개,찌개류,어패류찌개,136.1,,,"소금, 천일염, 가는소금:0.6|마늘, 생것:1.0|고춧가루:1.5|간장, 개량, 양조:2.0|파, 대파, 생것:3.0|고추장, 개량:3.0|미나리, 물미나리, 생것:5.0|양파, 생것:10.0|두부:20.0|무, 조선무, 생것:30.0|오징어, 생것:60.0",
D061082,두부명란젓찌개,찌개류,어패류찌개,93.8,,,"멸치, 대멸치, 삶아서 말린것:0.1|다시마, 말린것:0.7|소금, 천일염, 가는소금:1.0|마늘, 생것:3.0|고추, 빨간색, 생것:3.0|고추, 풋고추, 생것:3.0|파, 대파, 생것:3.0|바지락, 생것:5.0|두부:5.0|명태, 알, 양념젓갈(명란젓):5.0|고춧가루:10.0|양파, 생것:15.0|무, 조선무, 생것:20.0|호박, 애호박, 생것:20.0|멸치, 대멸치, 삶아서 말린것:0.1|다시마, 말린것:0.7|소금, 천일염, 가는소금:1.0|마늘, 생것:3.0|고추, 빨간색, 생것:3.0|고추, 풋고추, 생것:3.0|파, 대파, 생것:3.0|바지락, 생것:5.0|두부:5.0|명태, 알, 양념젓갈(명란젓):5.0|고춧가루:10.0|양파, 생것:15.0|무, 조선무, 생것:20.0|호박, 애호박, 생것:20.0",
D061021,"명태찌개(고추장, 된장)",찌개류,어패류찌개,232.0,,,"마늘, 생것:1.0|고춧가루:1.0|소금, 천일염, 가는소금:3.0|파, 대파, 생것:4.0|양파, 데친것:5.0|된장, 개량:6.0|고추장, 개량:7.0|무, 조선무, 생것:30.0|대합, 북방대합, 생것:40.0|명태, 생것:55.0|콩나물, 삶은것:80.0",
D061083,명란순두부찌개,찌개류,어패류찌개,171.5,,,"참기름:0.5|마늘, 다진것:1.0|고추, 빨간색, 생것:1.0|고추, 풋고추, 생것:1.0|소금, 천일염, 소금꽃:1.0|다시마, 말린것:2.0|간장, 개량, 양조:2.0|파, 대파, 생것:3.0|팽이버섯, 생것:10.0|명태, 알, 양념젓갈(명란젓):10.0|양파, 생것:20.0|달걀, 생것:20.0|두부, 순두부:100.0",
D061020,"메기매운탕(고추장, 된장)",찌개류,어패류찌개,165.0,,,"후추, 검은색, 가루:1.0|소금, 천일염, 가는소금:1.0|마늘, 생것:2.0|고춧가루:3.0|고추장, 개량:3.0|된장, 개량:5.0|파, 대파, 생것:10.0|미나리, 물미나리, 데친것:10.0|쑥갓, 데친것:20.0|무, 조선무, 생것:50.0|메기, 생것:60.0",
D061019,망둑어찌개(고추장),찌개류,어패류찌개,166.0,,,"소금, 천일염, 가는소금:2.0|마늘, 생것:2.0|고춧가루:2.0|파, 대파, 생것:5.0|간장, 재래:5.0|쑥갓, 데친것:10.0|고추장, 개량:10.0|무, 조선무, 생것:30.0|두부:30.0|문절망둑, 생것:70.0",
D061088,두부참치김치찌개,찌개류,어패류찌개,54.8,,,"마늘, 생것:0.3|파, 대파, 생것:0.5|다시마, 말린것:0.5|간장, 재래:0.5|멸치, 대멸치, 삶아서 말린것:1.0|양파, 생것:7.0|다랑어, 참다랑어, 지방육, 생것:10.0|김치, 배추 김치:15.0|두부:20.0",
D061093,두부쑥갓오징어찌개,찌개류,어패류찌개,121.3,,,"소금, 천일염:0.3|다시마, 말린것:1.0|간장, 개량, 양조:2.0|파, 대파, 생것:3.0|쑥갓, 생것:5.0|호박, 쥬키니, 생것:10.0|고추장, 재래:10.0|두부:20.0|무, 조선무, 생것:30.0|오징어, 생것:40.0",
D061018,"동태찌개(고추장, 된장)",찌개류,어패류찌개,186.0,,,"소금, 천일염, 가는소금:1.0|생강, 뿌리줄기, 생것:1.0|고춧가루:2.0|마늘, 생것:4.0|파, 대파, 생것:5.0|된장, 개량:6.0|고추장, 개량:7.0|양파, 데친것:10.0|무, 조선무, 생것:30.0|두부:30.0|명태, 동태, 냉동:90.0",
D061015,동태매운탕(고추장),찌개류,어패류찌개,173.0,,,"마늘, 생것:1.0|소금, 천일염, 가는소금:2.0|고춧가루:2.0|미나리, 물미나리, 데친것:3.0|쑥갓, 데친것:10.0|고추장, 개량:10.0|콩나물, 삶은것:15.0|양파, 데친것:20.0|무, 조선무, 생것:40.0|명태, 동태, 냉동:70.0",
D061016,동태찌개(고추장),찌개류,어패류찌개,182.0,,,"소금, 천일염, 가는소금:1.0|생강, 뿌리줄기, 생것:1.0|고춧가루:1.0|마늘, 생것:4.0|파, 대파, 생것:5.0|양파, 데친것:10.0|고추장, 개량:10.0|무, 조선무, 생것:30.0|두부:30.0|명태, 동태, 냉동:90.0",
D061012,대합찌개(고추장),찌개류,어패류찌개,151.0,,,"소금, 천일염, 가는소금:2.0|마늘, 생것:2.0|고춧가루:2.0|파, 대파, 생것:5.0|쑥갓, 데친것:5.0|간장, 재래:5.0|고추장, 개량:10.0|두부:20.0|무, 조선무, 생것:30.0|대합, 북방대합, 생것:70.0",
D061017,"동태찌개(고추장, 간장)",찌개류,어패류찌개,173.0,,,"소금, 천일염, 가는소금:1.0|고춧가루:2.0|파, 대파, 생것:5.0|간장, 재래:5.0|쑥갓, 데친것:10.0|마늘, 생것:10.0|고추장, 개량:10.0|무, 조선무, 생것:30.0|두부:30.0|명태, 구운것:70.0",
D061014,도미찌개(고추장),찌개류,어패류찌개,165.0,,,"소금, 천일염, 가는소금:1.0|마늘, 생것:2.0|고춧가루:2.0|파, 대파, 생것:5.0|간장, 재래:5.0|쑥갓, 데친것:10.0|고추장, 개량:10.0|무, 조선무, 생것:30.0|두부:30.0|돔, 참돔, 삶은것:70.0",
D061011,대구찌개(고추장),찌개류,어패류찌개,151.0,,,"소금, 천일염, 가는소금:2.0|마늘, 생것:2.0|고춧가루:2.0|파, 대파, 생것:5.0|쑥갓, 데친것:5.0|간장, 재래:5.0|고추장, 개량:10.0|두부:20.0|무, 조선무, 생것:30.0|대구, 구운것:70.0",
D061013,도루묵찌개(고추장),찌개류,어패류찌개,151.0,,,"소금, 천일염, 가는소금:2.0|마늘, 생것:2.0|고춧가루:2.0|파, 대파, 생것:5.0|쑥갓, 데친것:5.0|간장, 재래:5.0|고추장, 개량:10.0|두부:20.0|무, 조선무, 생것:30.0|도루묵, 생것:70.0",
D061010,"대구매운탕(고추장, 된장)",찌개류,어패류찌개,173.0,,,"소금, 천일염, 가는소금:1.0|고춧가루:1.0|파, 대파, 생것:4.0|마늘, 생것:4.0|된장, 개량:6.0|고추장, 개량:7.0|두부:30.0|무, 조선무, 생것:40.0|대구, 구운것:80.0",
D061009,넙치찌개(고추장),찌개류,어패류찌개,151.0,,,"소금, 천일염, 가는소금:2.0|마늘, 생것:2.0|고춧가루:2.0|파, 대파, 생것:5.0|쑥갓, 데친것:5.0|간장, 재래:5.0|고추장, 개량:10.0|두부:20.0|무, 조선무, 생것:30.0|넙치(광어), 생것:70.0",
D061008,낙지찌개(고추장),찌개류,어패류찌개,204.0,,,"소금, 천일염, 가는소금:1.0|마늘, 생것:1.0|고춧가루:2.0|파, 쪽파, 생것:5.0|고추장, 개량:5.0|쑥갓, 데친것:10.0|소고기, 한우, 양지, 삶은것:10.0|당근, 뿌리, 데친것:10.0|미더덕, 생것:20.0|무, 조선무, 생것:30.0|두부:40.0|낙지, 세발낙지, 생것:70.0",
D061081,꽃게청국장찌개,찌개류,어패류찌개,133.1,,,"표고버섯, 배지재배, 말린것:0.1|마늘, 다진것:1.0|고추, 빨간색, 생것:1.0|고추, 풋고추, 생것:1.0|다시마, 말린것:1.0|고춧가루:1.0|소금, 천일염:1.0|멸치, 대멸치, 삶아서 말린것:2.0|무, 조선무, 생것:10.0|바지락, 생것:10.0|호박, 애호박, 생것:20.0|청국장, 찌개용:20.0|두부:30.0|게, 꽃게, 생것:35.0",
D061007,꽃게찌개(고추장),찌개류,어패류찌개,151.0,,,"소금, 천일염, 가는소금:2.0|마늘, 생것:2.0|고춧가루:2.0|파, 대파, 생것:5.0|쑥갓, 데친것:5.0|간장, 재래:5.0|고추장, 개량:10.0|두부:20.0|무, 조선무, 생것:30.0|게, 꽃게, 찐것:70.0",
D061004,"고등어찌개(고추장, 된장)",찌개류,어패류찌개,182.0,,,"소금, 천일염, 가는소금:1.0|생강, 뿌리줄기, 생것:1.0|고춧가루:3.0|파, 대파, 생것:4.0|마늘, 생것:4.0|된장, 개량:7.0|고추장, 개량:7.0|무, 조선무, 생것:45.0|고등어, 삶은것:110.0",
D061006,꽁치찌개(고추장),찌개류,어패류찌개,171.0,,,"소금, 천일염, 가는소금:2.0|마늘, 생것:2.0|고춧가루:2.0|간장, 재래:5.0|파, 대파, 생것:10.0|쑥갓, 데친것:10.0|고추장, 개량:10.0|무, 조선무, 생것:30.0|두부:30.0|꽁치, 구운것:70.0",
D061005,광어찌개(고추장),찌개류,어패류찌개,196.0,,,"소금, 천일염, 가는소금:2.0|마늘, 생것:2.0|고춧가루:2.0|파, 대파, 생것:5.0|간장, 재래:5.0|고추장, 개량:10.0|두부:20.0|무, 조선무, 생것:30.0|쑥갓, 데친것:50.0|넙치(광어), 생것:70.0",
D061080,감자주꾸미찌개,찌개류,어패류찌개,155.5,,,"생강, 뿌리줄기, 생것:0.5|마늘, 생것:1.0|고추, 빨간색, 생것:1.0|고추, 풋고추, 생것:1.0|밀, 중력밀가루:1.0|멸치, 액젓:1.0|간장, 개량, 양조:1.0|파, 대파, 생것:2.0|새우, 꽃새우, 삶아서 말린것:2.0|멸치, 대멸치, 삶아서 말린것:2.0|고추장, 개량:3.0|양파, 생것:20.0|감자, 대지, 생것:30.0|호박, 애호박, 생것:30.0|주꾸미, 생것:60.0",
D061001,가자미매운탕(고추장),찌개류,어패류찌개,133.0,,,"고춧가루:1.0|파, 대파, 생것:2.0|마늘, 생것:2.0|고추장, 개량:3.0|쑥갓, 데친것:5.0|고추, 풋고추, 생것:5.0|간장, 재래:5.0|콩나물, 삶은것:20.0|무, 조선무, 생것:20.0|가자미, 생것:70.0",
D063041,호박두부된장찌개,찌개류,된장찌개류,79.2,,,"파, 대파, 생것:0.7|마늘, 생것:1.0|양파, 생것:1.0|고추, 청양고추, 생것:1.0|새우, 꽃새우, 삶아서 말린것:1.0|멸치, 대멸치, 삶아서 말린것:1.0|명태, 북어, 말린것:1.0|다시마, 말린것:1.0|고춧가루:1.0|표고버섯, 배지재배, 생것:2.5|된장, 개량:3.0|무, 조선무, 생것:10.0|호박, 애호박, 생것:25.0|두부:30.0",
D061003,게맛살찌개(고추장),찌개류,어패류찌개,151.0,,,"소금, 천일염, 가는소금:2.0|마늘, 생것:2.0|고춧가루:2.0|파, 대파, 생것:5.0|쑥갓, 데친것:5.0|간장, 재래:5.0|고추장, 개량:10.0|두부:20.0|무, 조선무, 생것:30.0|게맛살, 어육함량이 낮은것:70.0",
D061002,갈치찌개(고추장),찌개류,어패류찌개,151.0,,,"소금, 천일염, 가는소금:2.0|마늘, 생것:2.0|고춧가루:2.0|파, 대파, 생것:5.0|쑥갓, 데친것:5.0|간장, 재래:5.0|고추장, 개량:10.0|두부:20.0|무, 조선무, 생것:30.0|갈치, 생것:70.0",
D063018,호박된장찌개(미더덕),찌개류,된장찌개류,142.0,,,"고추, 풋고추, 생것:1.0|파, 대파, 생것:2.0|마늘, 생것:4.0|된장, 개량:15.0|무, 조선무, 생것:20.0|미더덕, 생것:30.0|두부:30.0|호박, 애호박, 데친것:40.0",
D063017,호박된장찌개(돼지고기),찌개류,된장찌개류,145.0,,,"파, 쪽파, 생것:1.0|마늘, 생것:2.0|고추, 풋고추, 생것:2.0|멸치 육수:5.0|양파, 데친것:10.0|돼지고기, 사태, 삶은것:10.0|대합, 북방대합, 생것:10.0|된장, 개량:15.0|호박, 애호박, 데친것:20.0|감자, 대지, 삶은것:30.0|두부:40.0",
D063016,호박된장찌개(달래),찌개류,된장찌개류,416.0,,,"마늘, 생것:1.0|조개, 살조개, 생것:5.0|양파, 데친것:5.0|달래, 생것:10.0|두부:20.0|감자, 대지, 삶은것:40.0|된장, 개량:15.0|호박, 애호박, 데친것:20.0",
D063015,호박된장찌개(고추장),찌개류,된장찌개류,150.0,,,"마늘, 생것:1.0|파, 쪽파, 생것:2.0|표고버섯, 참나무재배, 말린것, 삶은것:3.0|고추, 풋고추, 생것:3.0|고추장, 개량:5.0|멸치 육수:6.0|된장, 개량:15.0|두부:25.0|감자, 대지, 삶은것:40.0|호박, 애호박, 데친것:50.0",
D063037,애호박된장찌개,찌개류,된장찌개류,72.5,,,"마늘, 생것:0.5|파, 대파, 생것:2.0|멸치, 대멸치, 삶아서 말린것:2.0|다시마, 말린것:2.0|고추, 풋고추, 생것:3.0|된장, 개량:3.0|양파, 생것:10.0|감자, 대지, 생것:10.0|호박, 애호박, 생것:20.0|두부:20.0|마늘, 생것:0.5|파, 대파, 생것:2.0|멸치, 대멸치, 삶아서 말린것:2.0|다시마, 말린것:2.0|고추, 풋고추, 생것:3.0|된장, 개량:3.0|양파, 생것:10.0|감자, 대지, 생것:10.0|호박, 애호박, 생것:20.0|두부:20.0",
D063031,해물청국장,찌개류,된장찌개류,118.1,,,"표고버섯, 배지재배, 생것:0.1|마늘, 다진것:1.0|고추, 빨간색, 생것:1.0|고추, 풋고추, 생것:1.0|다시마, 말린것:1.0|고춧가루:1.0|소금, 천일염:1.0|멸치, 대멸치, 삶아서 말린것:2.0|무, 조선무, 생것:10.0|오징어, 갑오징어, 생것:10.0|돼지고기, 뒷다리, 생것:10.0|호박, 애호박, 생것:20.0|바지락, 생것:20.0|두부:20.0|청국장, 찌개용:20.0",
D063029,해물순두부된장찌개,찌개류,된장찌개류,180.0,,대두(콩),"대두, 콩가루:10.0|된장, 개량:7.0|멸치, 대멸치, 삶아서 말린것:2.0|파, 대파, 생것:5.0|두부, 순두부:80.0|표고버섯, 배지재배, 말린것:10.0|미역, 말린것:1.0|주꾸미, 생것:60.0|바지락, 생것:5.0",
D063014,해물된장찌개,찌개류,된장찌개류,178.0,,,"파, 쪽파, 생것:1.0|마늘, 생것:1.0|고춧가루:1.0|멸치 육수:5.0|새우, 중하, 생것:10.0|바지락, 생것:10.0|양파, 데친것:20.0|된장, 개량:20.0|게, 꽃게, 찐것:20.0|오징어, 구운것:30.0|감자, 대지, 삶은것:30.0|두부:30.0",
D063012,청국장찌개(고추장),찌개류,된장찌개류,122.0,,,"소금, 천일염, 가는소금:2.0|멸치 육수:2.0|마늘, 생것:2.0|고춧가루:2.0|파, 대파, 생것:4.0|고추장, 개량:5.0|양파, 데친것:10.0|청국장:25.0|김치, 배추 김치:30.0|두부:40.0",
D063013,청국장찌개(소고기),찌개류,된장찌개류,146.0,,,"마늘, 생것:1.0|고추, 풋고추, 생것:5.0|호박, 애호박, 데친것:20.0|청국장:20.0|소고기, 한우, 양지, 삶은것:20.0|김치, 배추 김치:20.0|감자, 대지, 삶은것:20.0|두부:40.0",
D063038,청국장김치찌개,찌개류,된장찌개류,68.5,,,"마늘, 생것:0.5|파, 대파, 생것:1.0|멸치, 대멸치, 삶아서 말린것:1.0|다시마, 말린것:1.0|청국장, 찌개용:5.0|느타리버섯, 생것:10.0|김치, 배추 김치:20.0|두부:30.0",
D063010,차돌박이된장찌개,찌개류,된장찌개류,150.0,,,"파, 쪽파, 생것:1.0|마늘, 생것:2.0|고추, 풋고추, 생것:2.0|멸치 육수:5.0|조개, 살조개, 생것:10.0|소고기, 한우(1등급), 양지(차돌박이), 생것:10.0|호박, 애호박, 데친것:20.0|양파, 데친것:20.0|된장, 개량:20.0|두부:30.0|감자, 대지, 삶은것:30.0",
D063043,차돌박이달래된장국,찌개류,된장찌개류,102.5,,,"고춧가루:0.5|마늘, 다진것:1.0|파, 대파, 생것:1.0|소금, 천일염:1.0|멸치, 대멸치, 삶아서 말린것:2.0|다시마, 말린것:2.0|된장, 개량:5.0|호박, 애호박, 생것:10.0|소고기, 한우(1등급), 사태, 생것:10.0|양파, 생것:15.0|달래, 생것:15.0|무, 조선무, 생것:20.0|두부:20.0",
D063040,차돌두부된장찌개,찌개류,된장찌개류,31.3,,,"소금, 천일염, 가는소금:0.3|마늘, 생것:1.0|고춧가루:1.0|파, 대파, 생것:2.0|멸치, 대멸치, 삶아서 말린것:2.0|다시마, 말린것:2.0|된장, 개량:3.0|양파, 생것:5.0|호박, 애호박, 생것:5.0|소고기, 한우(1등급), 설도, 생것:5.0|두부:5.0",
D063009,우렁된장찌개,찌개류,된장찌개류,131.0,,,"마늘, 생것:1.0|고추, 풋고추, 생것:5.0|고추, 빨간색, 생것:5.0|표고버섯, 참나무재배, 말린것, 삶은것:10.0|바지락, 생것:10.0|호박, 애호박, 데친것:20.0|우렁이, 논우렁이, 생것:20.0|된장, 개량:20.0|두부:40.0",
D063008,우거지된장찌개(소고기),찌개류,된장찌개류,140.0,,,"파, 쪽파, 생것:1.0|마늘, 생것:2.0|고추, 풋고추, 생것:2.0|멸치 육수:5.0|양파, 데친것:10.0|소고기, 한우, 양지, 삶은것:10.0|된장, 개량:20.0|대합, 북방대합, 생것:20.0|두부:30.0|배추, 시래기, 말린것, 삶은것:40.0",
D063028,산나물된장찌개,찌개류,된장찌개류,419.5,,,"들깨, 볶은것:3.0|고춧가루:2.0|마늘, 다진것:1.5|다시마, 말린것:2.0|멸치, 대멸치, 삶아서 말린것:2.0|생수:250.0|대두, 콩가루:10.0|된장, 개량:10.0|표고버섯, 배지재배, 생것:5.0|대두, 노란색, 말린것:5.0|두부, 순두부:40.0|파, 대파, 생것:1.0|고추, 청양고추, 생것:3.0|양파, 생것:10.0|호박, 애호박, 생것:20.0|취나물, 참취, 생것:20.0|고구마, 줄기, 생것:10.0|고려엉겅퀴(곤드레), 재래종, 잎, 생것:25.0",
D063042,애호박감자된장찌개,찌개류,된장찌개류,134.5,,,"마늘, 생것:0.5|고추, 풋고추, 생것:1.0|멸치, 대멸치, 삶아서 말린것:1.0|파, 대파, 생것:2.0|다시마, 말린것:2.0|표고버섯, 배지재배, 생것:3.0|고추장, 개량:3.0|애느타리버섯, 생것:7.0|양파, 생것:10.0|된장, 개량:15.0|감자, 대지, 생것:30.0|호박, 애호박, 생것:30.0|두부:30.0",
D063036,소고기된장찌개,찌개류,된장찌개류,42.9,,,"파, 대파, 생것:0.2|된장, 개량:0.2|다시마, 말린것:0.5|멸치, 대멸치, 삶아서 말린것:1.0|소고기, 한우, 등심, 생것:5.0|양파, 생것:8.0|호박, 애호박, 생것:8.0|두부:20.0",
D063007,두부된장찌개(고추장),찌개류,된장찌개류,131.0,,,"마늘, 생것:1.0|고추장, 개량:5.0|고추, 풋고추, 생것:5.0|조개, 살조개, 생것:10.0|양파, 데친것:10.0|호박, 애호박, 데친것:20.0|된장, 개량:20.0|감자, 대지, 삶은것:20.0|두부:40.0",
D063034,부추된장찌개,찌개류,된장찌개류,42.0,,,"마늘, 생것:0.3|다시마, 말린것:0.5|멸치, 대멸치, 삶아서 말린것:1.2|된장, 개량:2.0|팽이버섯, 생것:5.0|양파, 생것:6.0|부추, 솔부추, 생것:6.0|호박, 애호박, 생것:6.0|두부:15.0",
D063006,돼지고기된장찌개(호박잎),찌개류,된장찌개류,110.0,,,"파, 쪽파, 생것:1.0|마늘, 생것:2.0|고추, 풋고추, 생것:2.0|멸치 육수:5.0|호박, 잎, 데친것:10.0|조개, 살조개, 생것:10.0|돼지고기, 사태, 삶은것:10.0|양파, 데친것:20.0|된장, 개량:20.0|감자, 대지, 삶은것:30.0",
D063005,돼지고기된장찌개(양배추),찌개류,된장찌개류,170.0,,,"파, 쪽파, 생것:1.0|마늘, 생것:2.0|고추, 풋고추, 생것:2.0|멸치 육수:5.0|조개, 살조개, 생것:10.0|돼지고기, 사태, 삶은것:10.0|호박, 애호박, 데친것:20.0|양파, 데친것:20.0|양배추, 데친것:20.0|된장, 개량:20.0|두부:30.0|감자, 대지, 삶은것:30.0",
D063002,달래된장찌개,찌개류,된장찌개류,116.0,,,"마늘, 생것:1.0|양파, 데친것:5.0|대합, 북방대합, 생것:5.0|달래, 생것:10.0|된장, 개량:15.0|호박, 애호박, 데친것:20.0|두부:20.0|감자, 대지, 삶은것:40.0",
D063027,늙은 호박 해물 된장찌개,찌개류,된장찌개류,349.0,,대두(콩),"된장, 개량:15.0|마늘, 생것:3.0|생수:160.0|새우, 중하, 생것:20.0|바지락, 생것:30.0|고추, 빨간색, 생것:3.0|무, 조선무, 생것:20.0|파, 대파, 생것:8.0|두부:30.0|양파, 생것:10.0|호박, 늙은호박, 생것:50.0",
D063004,돼지고기된장찌개(고추장),찌개류,된장찌개류,118.0,,,"멸치 육수:3.0|마늘, 생것:3.0|파, 대파, 생것:5.0|고추장, 개량:5.0|고추, 풋고추, 생것:6.0|양파, 데친것:8.0|된장, 개량:13.0|돼지고기, 사태, 삶은것:20.0|호박, 애호박, 데친것:25.0|감자, 대지, 삶은것:30.0",
D063003,"달래된장찌개(고추장, 냉이)",찌개류,된장찌개류,120.0,,,"고춧가루:1.0|멸치 육수:3.0|마늘, 생것:4.0|파, 대파, 생것:5.0|고추장, 개량:5.0|고추, 풋고추, 생것:6.0|양파, 데친것:8.0|냉이, 데친것:10.0|된장, 개량:13.0|호박, 애호박, 데친것:20.0|달래, 생것:20.0|감자, 대지, 삶은것:25.0",
D063032,감자된장찌개,찌개류,된장찌개류,66.0,,,"마늘, 다진것:1.0|고추, 빨간색, 생것:1.0|고추, 풋고추, 생것:1.0|파, 대파, 생것:1.0|멸치, 대멸치, 삶아서 말린것:1.0|다시마, 말린것:1.0|당근, 뿌리, 생것:10.0|양파, 생것:10.0|감자, 대지, 생것:10.0|두부:10.0|호박, 애호박, 생것:20.0",
D063033,꽃게된장찌개,찌개류,된장찌개류,171.6,,,"고추, 빨간색, 생것:0.3|고춧가루:0.3|고추, 풋고추, 생것:0.5|마늘, 다진것:1.0|다시마, 말린것:2.0|파, 대파, 생것:2.5|양파, 생것:5.0|두부:10.0|호박, 애호박, 생것:20.0|된장, 개량:20.0|감자, 대지, 생것:30.0|멸치 육수:30.0|게, 꽃게, 생것:50.0",
D063001,김치된장찌개(고추장),찌개류,된장찌개류,126.0,,,"고춧가루:2.0|멸치 육수:3.0|마늘, 생것:4.0|파, 대파, 생것:5.0|고추장, 개량:5.0|고추, 풋고추, 생것:6.0|양파, 데친것:8.0|된장, 개량:13.0|호박, 애호박, 데친것:20.0|감자, 대지, 삶은것:25.0|김치, 배추 김치:35.0",
D065026,토란대비지찌개,찌개류,기타찌개류,336.5,,,"다시마, 말린것:1.0|멸치, 대멸치, 삶아서 말린것:5.0|생수:160.0|소금, 천일염, 가는소금:1.5|마늘, 생것:4.0|김치, 배추 김치:20.0|돼지고기, 뒷다리, 생것:40.0|파, 대파, 생것:15.0|토란대, 줄기, 생것:70.0|대두, 노란색, 말린것:20.0",
D063030,강된장찌개,찌개류,된장찌개류,113.0,,,"멸치, 대멸치, 삶아서 말린것:2.0|고추, 빨간색, 생것:3.0|고추, 풋고추, 생것:3.0|파, 대파, 생것:5.0|표고버섯, 배지재배, 생것:10.0|고추장, 개량:10.0|된장, 개량:10.0|호박, 애호박, 생것:30.0|두부:40.0",
D065050,애호박고추장찌개,찌개류,기타찌개류,42.0,,,"다시마, 말린것:0.5|마늘, 생것:1.0|파, 대파, 생것:1.0|멸치, 대멸치, 삶아서 말린것:1.0|고추장, 개량:1.5|된장, 개량:2.0|당근, 뿌리, 생것:3.5|양파, 생것:3.5|두부:7.0|감자, 대지, 생것:10.5|호박, 애호박, 생것:10.5|다시마, 말린것:0.5|마늘, 생것:1.0|파, 대파, 생것:1.0|멸치, 대멸치, 삶아서 말린것:1.0|고추장, 개량:1.5|된장, 개량:2.0|당근, 뿌리, 생것:3.5|양파, 생것:3.5|두부:7.0|감자, 대지, 생것:10.5|호박, 애호박, 생것:10.5",
D065034,햄김치찌개,찌개류,기타찌개류,134.0,,,"마늘, 생것:2.0|고춧가루:2.0|파, 대파, 생것:5.0|두부:20.0|햄, 등심햄:25.0|김치, 배추 김치:80.0",
D065030,토란순두부찌개,찌개류,기타찌개류,403.0,,대두(콩),"두부, 순두부:150.0|들깨, 볶은것:40.0|백합, 생것:150.0|고추, 청양고추, 생것:2.0|고추, 빨간색, 생것:1.0|표고버섯, 배지재배, 생것:20.0|토란, 생것:40.0",
D065047,초당순두부찌개,찌개류,기타찌개류,149.1,,,"참깨, 흰색, 볶은것:0.1|마늘, 다진것:1.0|고추기름:1.0|고춧가루:1.0|소금, 천일염, 소금꽃:1.0|간장, 개량, 양조:2.0|부추, 솔부추, 생것:3.0|멸치, 대멸치, 삶아서 말린것:5.0|다시마, 말린것:5.0|바지락, 생것:10.0|두부:120.0",
D065040,어묵김치찌개,찌개류,기타찌개류,119.0,,,"마늘, 생것:2.0|고춧가루:2.0|파, 대파, 생것:5.0|두부:20.0|어묵:30.0|김치, 배추 김치:60.0",
D065046,어린이부대찌개,찌개류,기타찌개류,57.0,,,"마늘, 생것:0.5|간장, 개량, 양조:1.0|파, 대파, 생것:1.5|양파, 생것:3.0|멸치, 대멸치, 삶아서 말린것:3.0|김치, 배추 김치:5.0|베이컨:5.0|콩나물, 생것:8.0|두부:10.0|어육소시지:20.0",
D065041,치즈부대찌개,찌개류,기타찌개류,117.5,,,"소금, 구운소금:0.5|마늘, 다진것:1.0|다시마, 말린것:1.0|파, 대파, 생것:5.0|치즈, 체다:5.0|양파, 생것:10.0|콩나물, 생것:10.0|돼지고기, 뒷다리, 생것:10.0|멥쌀떡, 가래떡:10.0|김치, 배추 김치:10.0|양지국물:10.0|두부:15.0|햄, 통조림, 돼지고기와 닭고기 함유:30.0",
D065016,연두부찌개,찌개류,기타찌개류,184.0,,,"마늘, 생것:1.0|간장, 재래:2.0|파, 대파, 생것:5.0|고춧가루:6.0|조개, 살조개, 생것:10.0|호박, 애호박, 데친것:20.0|양파, 데친것:20.0|감자, 대지, 삶은것:20.0|두부, 연두부:100.0",
D065039,스팸부대찌개,찌개류,기타찌개류,112.5,,,"소금, 구운소금:0.5|마늘, 다진것:1.0|다시마, 말린것:1.0|파, 대파, 생것:5.0|햄, 등심햄:5.0|양파, 생것:10.0|콩나물, 생것:10.0|돼지고기, 뒷다리, 생것:10.0|멥쌀떡, 가래떡:10.0|김치, 배추 김치:10.0|양지국물:10.0|두부:15.0|햄, 통조림, 돼지고기와 닭고기 함유:25.0",
D065049,스팸고추장짜글이,찌개류,기타찌개류,163.3,,,"소금, 천일염:0.3|마늘, 다진것:1.0|콩기름:2.0|간장, 개량, 양조:2.0|고춧가루:3.0|양파, 생것:15.0|호박, 애호박, 생것:15.0|고추장, 재래:15.0|두부:20.0|감자, 대지, 생것:40.0|햄, 등심햄:50.0",
D065038,스팸김치찌개,찌개류,기타찌개류,89.0,,,"마늘, 생것:2.0|고춧가루:2.0|파, 대파, 생것:5.0|햄, 등심햄:20.0|김치, 배추 김치:60.0",
D180339,양념장(순두부찌개),장류,양념류,10.0,,,"고춧가루:1.0|간장, 개량, 양조:5.0|새우, 젓갈, 토굴육젓:2.0|마늘, 생것:2.0|고춧가루:1.0|간장, 개량, 양조:5.0|새우, 젓갈, 토굴육젓:2.0|마늘, 생것:2.0|고춧가루:1.0|간장, 개량, 양조:5.0|새우, 젓갈, 토굴육젓:2.0|마늘, 생것:2.0",
D065014,비지찌개(소고기),찌개류,기타찌개류,170.0,,,"소금, 천일염, 가는소금:1.0|고춧가루:1.0|들기름:3.0|파, 대파, 생것:5.0|콩기름:5.0|마늘, 생것:5.0|소고기, 한우, 양지, 삶은것:30.0|김치, 배추 김치:30.0|비지:90.0",
D065013,비지찌개(돼지고기),찌개류,기타찌개류,178.0,,,"소금, 천일염, 가는소금:1.0|고춧가루:1.0|마늘, 생것:2.0|콩기름:4.0|파, 쪽파, 생것:10.0|양파, 데친것:10.0|돼지고기, 사태, 삶은것:30.0|김치, 배추 김치:30.0|비지:90.0",
D065012,버섯찌개(소고기),찌개류,기타찌개류,186.0,,,"소금, 천일염, 가는소금:2.0|마늘, 생것:2.0|고춧가루:2.0|파, 쪽파, 생것:10.0|당근, 뿌리, 데친것:10.0|소고기, 한우, 양지, 삶은것:20.0|양파, 데친것:30.0|양배추, 데친것:40.0|양송이버섯, 데친것:70.0",
D065031,백김치콩비지찌개,찌개류,기타찌개류,230.2,,대두(콩),"간장, 개량, 양조:2.0|마늘, 다진것:10.0|후추, 흰색, 가루:0.2|참기름:8.0|비지:100.0|김치, 백김치:100.0|고추, 풋고추, 생것:10.0",
D065037,버섯맑은찌개,찌개류,기타찌개류,135.3,,,"소금, 천일염:0.3|마늘, 다진것:1.0|다시마, 말린것:1.0|간장, 개량, 양조:3.0|당근, 뿌리, 생것:10.0|팽이버섯, 생것:10.0|양파, 생것:20.0|표고버섯, 배지재배, 생것:20.0|두부:30.0|느타리버섯, 생것:40.0",
D065028,백태순두부찌개,찌개류,기타찌개류,526.0,,,"생수:250.0|멸치, 대멸치, 삶아서 말린것:1.0|다시마, 말린것:1.0|두부, 순두부:120.0|새우, 중하, 생것:25.0|된장, 개량:10.0|바지락, 생것:30.0|고추, 풋고추, 생것:2.0|고추, 빨간색, 생것:2.0|파, 대파, 생것:5.0|양파, 생것:10.0|호박, 애호박, 생것:20.0|표고버섯, 배지재배, 생것:10.0|느타리버섯, 생것:10.0|대두, 노란색, 말린것:30.0",
D065011,무찌개(고추장),찌개류,기타찌개류,72.0,,,"마늘, 생것:1.0|소금, 천일염, 가는소금:2.0|파, 대파, 생것:3.0|고추장, 개량:6.0|멸치 육수:10.0|무, 조선무, 생것:50.0",
D065029,버섯순두부찌개,찌개류,기타찌개류,304.5,,대두(콩),"간장, 개량, 양조:1.5|들깨, 볶은것:10.0|마늘, 다진것:1.0|찹쌀, 백미, 가루:5.0|된장, 개량:10.0|다시마, 말린것:3.0|두부, 순두부:150.0|고추, 청양고추, 생것:3.0|파, 대파, 생것:3.0|부추, 솔부추, 생것:5.0|미나리, 돌미나리, 생것:10.0|양파, 생것:10.0|감자, 대지, 생것:40.0|호박, 애호박, 생것:40.0|표고버섯, 배지재배, 생것:13.0",
D065045,버섯고추장찌개,찌개류,기타찌개류,93.0,,,"마늘, 생것:1.0|파, 대파, 생것:1.0|멸치, 대멸치, 삶아서 말린것:1.0|다시마, 말린것:2.0|고추장, 개량:3.0|된장, 개량:5.0|양파, 생것:10.0|느타리버섯, 생것:15.0|감자, 대지, 생것:15.0|호박, 애호박, 생것:15.0|두부:25.0",
D065027,들깨순두부찌개,찌개류,기타찌개류,250.0,,,"소금, 천일염, 가는소금:0.5|간장, 개량, 양조:1.5|들깨, 볶은것:10.0|마늘, 다진것:1.0|두부, 순두부:100.0|고추, 빨간색, 생것:2.0|파, 대파, 생것:3.0|미나리, 돌미나리, 생것:10.0|양파, 생것:10.0|무, 조선무, 생것:20.0|느타리버섯, 생것:40.0|표고버섯, 배지재배, 생것:10.0|멸치, 대멸치, 삶아서 말린것:2.0|굴, 참굴, 생것:40.0",
D065044,모듬햄부대찌개,찌개류,기타찌개류,126.22,,,"후추, 검은색, 가루:0.02|소금, 천일염:0.2|마늘, 다진것:1.0|고춧가루:2.0|파, 대파, 생것:3.0|고추장, 재래:10.0|돼지고기, 뒷다리, 생것:15.0|멥쌀떡, 가래떡:15.0|두부:20.0|김치, 배추 김치:20.0|소시지, 프랑크푸르트소시지:20.0|햄, 통조림, 돼지고기와 닭고기 함유:20.0",
D065010,두부찌개(된장),찌개류,기타찌개류,138.0,,,"소금, 천일염, 가는소금:1.0|마늘, 생것:2.0|고춧가루:2.0|멸치 육수:3.0|파, 대파, 생것:5.0|된장, 개량:15.0|무, 조선무, 생것:30.0|두부:80.0",
D065008,두부찌개(고추장),찌개류,기타찌개류,134.0,,,"소금, 천일염, 가는소금:2.0|마늘, 생것:2.0|고춧가루:2.0|멸치 육수:3.0|파, 대파, 생것:5.0|고추장, 개량:10.0|무, 조선무, 생것:30.0|두부:80.0",
D065009,"두부찌개(고추장, 된장)",찌개류,기타찌개류,111.0,,,"소금, 천일염, 가는소금:1.0|마늘, 생것:2.0|고춧가루:2.0|멸치 육수:3.0|파, 대파, 생것:5.0|고추장, 개량:8.0|된장, 개량:10.0|두부:80.0",
D065006,김치찌개(참치),찌개류,기타찌개류,160.0,,,"마늘, 생것:2.0|고춧가루:3.0|파, 대파, 생것:5.0|고추, 풋고추, 생것:5.0|양파, 데친것:10.0|호박, 애호박, 데친것:20.0|다랑어, 가다랑어, 통조림, 유지:30.0|두부:35.0|김치, 배추 김치:50.0",
D065003,김치찌개(돼지고기),찌개류,기타찌개류,146.0,,,"파, 쪽파, 생것:1.0|참기름:1.0|소금, 천일염, 가는소금:1.0|고춧가루:1.0|마늘, 생것:2.0|양파, 데친것:20.0|두부:30.0|돼지고기, 사태, 삶은것:30.0|김치, 배추 김치:60.0",
D065035,두부김치찌개,찌개류,기타찌개류,85.0,,,"설탕, 황설탕:1.0|마늘, 생것:2.0|고춧가루:2.0|양파, 생것:5.0|파, 대파, 생것:5.0|두부:20.0|김치, 배추 김치:50.0",
D065043,김치콩비지찌개,찌개류,기타찌개류,40.1,,,"생강, 뿌리줄기, 생것:0.1|마늘, 생것:1.0|멸치, 대멸치, 삶아서 말린것:2.0|다시마, 말린것:2.0|파, 대파, 생것:5.0|돼지고기, 앞다리, 생것:5.0|김치, 배추 김치:5.0|대두, 콩가루:20.0",
D065025,늙은 호박찌개,찌개류,기타찌개류,274.0,,,"고추, 빨간색, 생것:3.0|고추, 초록색, 녹광, 생것:3.0|간장, 개량, 양조:4.0|고춧가루:1.0|된장, 개량:10.0|무, 조선무, 생것:20.0|마늘, 생것:3.0|파, 대파, 생것:4.0|새우, 꽃새우, 삶아서 말린것:1.0|멸치 육수:160.0|느타리버섯, 생것:15.0|호박, 늙은호박, 생것:50.0",
D065005,김치찌개(어묵),찌개류,기타찌개류,188.0,,,"마늘, 생것:1.0|콩기름:2.0|파, 쪽파, 생것:5.0|두부:20.0|양파, 데친것:30.0|감자, 대지, 삶은것:30.0|어묵:40.0|김치, 배추 김치:60.0",
D065001,감자찌개(고추장),찌개류,기타찌개류,116.0,,,"마늘, 생것:2.0|간장, 개량, 양조:4.0|고추장, 개량:5.0|고추, 빨간색, 생것:5.0|양파, 데친것:10.0|쑥갓, 데친것:10.0|고추, 풋고추, 생것:10.0|호박, 애호박, 데친것:30.0|감자, 대지, 삶은것:40.0",
D065004,"김치찌개(돼지고기, 된장)",찌개류,기타찌개류,171.0,,,"멸치 육수:2.0|마늘, 생것:2.0|고춧가루:2.0|파, 대파, 생것:5.0|고추, 풋고추, 생것:5.0|양파, 데친것:10.0|된장, 개량:10.0|호박, 애호박, 데친것:20.0|돼지고기, 사태, 삶은것:30.0|두부:35.0|김치, 배추 김치:50.0",
D065042,감자고추장찌개,찌개류,기타찌개류,79.2,,,"파, 대파, 생것:0.7|마늘, 생것:1.0|양파, 생것:1.0|고추, 청양고추, 생것:1.0|새우, 꽃새우, 삶아서 말린것:1.0|멸치, 대멸치, 삶아서 말린것:1.0|명태, 북어, 말린것:1.0|다시마, 말린것:1.0|된장, 개량:1.0|고춧가루:1.0|고추장, 개량:2.0|표고버섯, 배지재배, 생것:2.5|무, 조선무, 생것:10.0|호박, 애호박, 생것:25.0|두부:30.0|파, 대파, 생것:0.7|마늘, 생것:1.0|양파, 생것:1.0|고추, 청양고추, 생것:1.0|새우, 꽃새우, 삶아서 말린것:1.0|멸치, 대멸치, 삶아서 말린것:1.0|명태, 북어, 말린것:1.0|다시마, 말린것:1.0|된장, 개량:1.0|고춧가루:1.0|고추장, 개량:2.0|표고버섯, 배지재배, 생것:2.5|무, 조선무, 생것:10.0|호박, 애호박, 생것:25.0|두부:30.0",
D065002,"감자찌개(고추장, 돼지고기)",찌개류,기타찌개류,146.0,,,"마늘, 생것:2.0|간장, 개량, 양조:4.0|고추장, 개량:5.0|고추, 빨간색, 생것:5.0|양파, 데친것:10.0|쑥갓, 데친것:10.0|고추, 풋고추, 생것:10.0|호박, 애호박, 데친것:30.0|돼지고기, 사태, 삶은것:30.0|감자, 대지, 삶은것:40.0",
D065032,감자짜글이,찌개류,기타찌개류,45.3,,,"설탕, 백설탕:0.1|마늘, 생것:0.2|고추장, 개량:0.2|된장, 개량:0.2|고춧가루:0.2|간장, 개량, 양조:0.4|멸치, 대멸치, 삶아서 말린것:2.0|다시마, 말린것:2.0|양파, 생것:10.0|감자, 대지, 생것:30.0",
D040065,흰죽(현미),죽류,죽류,100.0,,,"멥쌀, 현미, 죽:100.0",
D040015,흰죽,죽류,죽류,315.0,,,"멥쌀, 백미, 죽:315.0",
D040074,황태 된장 누룽지 죽,죽류,죽류,285.0,,대두(콩),"된장, 개량:12.0|생수:120.0|참기름:3.0|마늘, 생것:2.0|간장, 개량, 양조:4.0|파, 쪽파, 생것:7.0|명태, 황태, 포, 말린것:15.0|다시마, 말린것:2.0|멥쌀, 백미, 밥:120.0",
D040075,호박죽,죽류,죽류,473.0,,우유,"치즈, 파르메산(파마산):15.0|후추, 흰색, 가루:21.0|소금, 천일염, 가는소금:2.0|멥쌀, 현미, 생것:25.0|양파, 생것:60.0|브로콜리, 생것:50.0|찹쌀, 백미, 가루:100.0|호박, 단호박, 생것:200.0|치즈, 파르메산(파마산):15.0|후추, 흰색, 가루:21.0|소금, 천일염, 가는소금:2.0|멥쌀, 현미, 생것:25.0|양파, 생것:60.0|브로콜리, 생것:50.0|찹쌀, 백미, 가루:100.0|호박, 단호박, 생것:200.0",
D040079,함초타락죽,죽류,죽류,280.0,,우유,"치즈, 파르메산(파마산):15.0|양파, 생것:15.0|크랜베리, 말린것, 가당:10.0|갯나물, 퉁퉁마디(함초), 하우스, 생것:15.0|우유:200.0|찹쌀, 백미, 생것:25.0",
D040073,팥스프,죽류,죽류,188.8,,,"호박씨, 말린것:3.0|설탕, 백설탕:5.0|소금, 천일염, 가는소금:0.8|우유:100.0|밤, 생것:20.0|생수:40.0|팥, 적색, 말린것:20.0",
D040084,퀴노아팥수프,죽류,죽류,216.0,,,"설탕, 가루:3.0|갯나물, 세발나물, 생것:10.0|양파, 생것:10.0|밀, 중력밀가루:10.0|생수:100.0|닭뼈 육수:20.0|우유:15.0|버터, 무가염:10.0|크림, 휘핑, 식물성:25.0|팥, 적색, 말린것:10.0|퀴노아, 쪄서 말린것:3.0",
D040012,콩죽,죽류,죽류,127.0,,,"소금, 천일염, 가는소금:2.0|설탕, 백설탕:5.0|대두, 노란색, 말린것:40.0|멥쌀, 백미, 밥:80.0",
D040067,참깨죽,죽류,죽류,100.0,,,참깨죽:100.0,
D040076,미역전복죽,죽류,죽류,221.0,,,"참깨, 검은색, 볶은것:5.0|참기름:15.0|미역, 말린것:3.0|다시마, 말린것:3.0|당근, 뿌리, 생것:25.0|찹쌀, 백미, 생것:70.0|전복, 북방전복, 생것:100.0|참깨, 검은색, 볶은것:5.0|참기름:15.0|미역, 말린것:3.0|다시마, 말린것:3.0|당근, 뿌리, 생것:25.0|참깨, 검은색, 볶은것:5.0|찹쌀, 백미, 생것:70.0|전복, 북방전복, 생것:100.0|참기름:15.0|미역, 말린것:3.0|다시마, 말린것:3.0|당근, 뿌리, 생것:25.0|찹쌀, 백미, 생것:70.0|전복, 북방전복, 생것:100.0|참깨, 검은색, 볶은것:5.0|참기름:15.0|미역, 말린것:3.0|다시마, 말린것:3.0|당근, 뿌리, 생것:25.0|찹쌀, 백미, 생것:70.0|전복, 북방전복, 생것:100.0",
D040072,전복보리죽,죽류,죽류,307.5,,,"참깨, 흰색, 볶은것:0.5|소금, 천일염, 가는소금:1.0|생수:210.0|참기름:3.0|파, 쪽파, 생것:8.0|전복, 둥근전복, 생것:40.0|보리, 쌀보리, 찰보리, 도정, 생것:45.0",
D040010,잣죽,죽류,죽류,63.0,,,"소금, 천일염, 가는소금:1.0|잣, 볶은것:17.0|멥쌀, 백미, 밥:45.0",
D040066,율무죽,죽류,죽류,100.0,,,"율무, 죽:100.0",
D040009,야채죽,죽류,죽류,121.0,,,"소금, 천일염, 가는소금:1.0|완두, 삶은것:10.0|시금치, 데친것:10.0|소금, 천일염, 가는소금:1.0|완두, 삶은것:10.0|시금치, 데친것:10.0|소고기, 한우, 양지, 삶은것:10.0|소고기, 한우, 양지, 삶은것:10.0|당근, 뿌리, 데친것:10.0|옥수수, 통조림, 가당:20.0|감자, 대지, 삶은것:20.0|당근, 뿌리, 데친것:10.0|옥수수, 통조림, 가당:20.0|멥쌀, 백미, 밥:40.0|감자, 대지, 삶은것:20.0|멥쌀, 백미, 밥:40.0",
D040078,웰빙카레죽,죽류,죽류,785.0,,새우,"새우, 중하, 생것:30.0|버터, 무가염:15.0|마늘, 생것:100.0|토마토, 방울토마토, 생것:100.0|양파, 생것:60.0|감자, 대지, 생것:60.0|호박, 애호박, 생것:25.0|닭고기, 가슴, 생것:150.0|귀리, 쌀귀리, 도정, 밥:200.0|카레 소스, 가루:45.0",
D040008,수수죽,죽류,죽류,61.0,,,"소금, 천일염, 가는소금:1.0|수수, 찰수수, 도정, 생것:10.0|멥쌀, 백미, 밥:50.0",
D040007,소라죽,죽류,죽류,91.0,,,"참기름:1.0|마늘, 생것:1.0|참깨, 흰색, 볶은것:2.0|소금, 천일염, 가는소금:2.0|호박, 애호박, 데친것:5.0|찹쌀, 백미, 생것:10.0|당근, 뿌리, 데친것:10.0|양파, 데친것:20.0|소라, 생것:20.0|기장, 도정, 생것:20.0",
D040006,소고기죽,죽류,죽류,81.0,,,"소금, 천일염, 가는소금:1.0|소고기, 한우, 양지, 삶은것:30.0|멥쌀, 백미, 밥:50.0|소금, 천일염, 가는소금:1.0|소고기, 한우, 양지, 삶은것:30.0|멥쌀, 백미, 밥:50.0",
D040071,세발나물기장죽,죽류,죽류,367.35,,,"후추, 검은색, 가루:0.05|참깨, 흰색, 볶은것:0.3|참기름:1.0|마늘, 생것:1.0|설탕, 백설탕:1.0|간장, 개량, 양조:2.0|콩기름:2.0|소고기, 한우(1등급), 양지(양지머리), 생것:30.0|갯나물, 세발나물, 생것:50.0|생수:220.0|멥쌀, 백미, 남찬, 생것:40.0|기장, 도정, 생것:20.0",
D040005,새우죽,죽류,죽류,101.0,,,"소금, 천일염, 가는소금:1.0|소고기, 한우, 양지, 삶은것:10.0|새우, 중하, 생것:40.0|멥쌀, 백미, 밥:50.0",
D040070,브로콜리 타락죽,죽류,죽류,332.2,,,"소금, 천일염, 가는소금:1.2|참기름:2.0|맛술:2.0|간장, 개량, 양조:2.0|우유:80.0|다시마 육수:120.0|멥쌀, 백미, 생것:45.0|당근, 뿌리, 생것:10.0|브로콜리, 생것:40.0|소고기, 한우(1등급), 양지, 생것:30.0",
D040083,비타민이유식,죽류,죽류,410.0,,,"설탕, 가루:5.0|요구르트, 호상, 플레인:15.0|감자, 대지, 생것:60.0|브로콜리, 생것:30.0|멜론, 머스크, 생것:300.0",
D040077,새우아욱죽,죽류,죽류,210.0,,대두(콩),"된장, 개량:30.0|새우, 중하, 생것:25.0|새우 볶음, 말린것, 볶은것:25.0|아욱, 생것:30.0|귀리, 쌀귀리, 도정, 밥:100.0",
D055018,브로콜리스프,국(탕)류,기타,89.02,,,"파슬리, 말린것:0.01|후추, 흰색, 가루:0.01|마늘, 생것:1.0|양파, 생것:8.0|버터, 무가염:10.0|브로콜리, 생것:15.0|우유:15.0|크림, 휘핑, 식물성:15.0|스프, 크림 스프, 가루:25.0|파슬리, 말린것:0.01|후추, 흰색, 가루:0.01|마늘, 생것:1.0|양파, 생것:8.0|버터, 무가염:10.0|브로콜리, 생것:15.0|우유:15.0|크림, 휘핑, 식물성:15.0|스프, 크림 스프, 가루:25.0",
D040004,버섯죽,죽류,죽류,104.0,,,"소금, 천일염, 가는소금:1.0|참기름:3.0|소고기, 한우, 양지, 삶은것:10.0|양송이버섯, 데친것:20.0|느타리버섯, 데친것:20.0|멥쌀, 백미, 밥:50.0|소금, 천일염, 가는소금:1.0|참기름:3.0|소고기, 한우, 양지, 삶은것:10.0|양송이버섯, 데친것:20.0|느타리버섯, 데친것:20.0|멥쌀, 백미, 밥:50.0",
D040064,미음(현미),죽류,죽류,100.0,,,"멥쌀, 현미, 미음:100.0",
D040063,미음(백미),죽류,죽류,100.0,,,"멥쌀, 백미, 미음:100.0",
D040086,바다향이 풍부한 전복죽,죽류,죽류,210.0,,,"후추, 흰색, 가루:2.0|발효주, 청주, 알코올 16%:15.0|참기름:15.0|참깨, 검은색, 볶은것:3.0|찹쌀, 백미, 생것:50.0|미역, 말린것:10.0|당근, 뿌리, 생것:15.0|전복, 북방전복, 생것:100.0",
D040081,두부청국장죽,죽류,죽류,356.0,,,"참깨, 검은색, 볶은것:1.0|파, 대파, 생것:7.0|마늘, 다진것:10.0|후추, 흰색, 가루:1.0|소금, 천일염, 가는소금:1.0|간장, 개량, 양조:4.0|참기름:15.0|소고기, 한우(1++등급), 양지, 생것:30.0|호박, 애호박, 생것:25.0|당근, 뿌리, 생것:20.0|표고버섯, 배지재배, 생것:12.0|멥쌀, 백미, 밥:150.0|두부:60.0|청국장, 가루:20.0",
D040069,대추죽,죽류,죽류,300.8,,,"설탕, 백설탕:3.0|소금, 천일염, 가는소금:1.8|잣, 생것:4.0|대추, 말린것:12.0|생수:220.0|멥쌀, 백미, 생것:20.0|찹쌀, 백미, 생것:20.0|멥쌀, 현미, 밥:20.0",
D040061,닭죽,죽류,죽류,220.2,,,"멥쌀, 백미, 밥:23.9|후추, 검은색, 가루:0.4|소금, 천일염, 가는소금:1.6|대추, 말린것:1.6|파, 대파, 생것:2.5|마늘, 생것:4.7|찹쌀, 백미, 생것:22.6|닭고기, 영계, 삶은것:25.2|멥쌀, 백미, 밥:23.9|후추, 검은색, 가루:0.4|소금, 천일염, 가는소금:1.6|대추, 말린것:1.6|파, 대파, 생것:2.5|마늘, 생것:4.7|찹쌀, 백미, 생것:22.6|닭고기, 영계, 삶은것:25.2",https://www.nongsaro.go.kr/cms_contents/mgnNew/978-89-480-6205-2/978-89-480-6205-2_B_103.jpg
D040080,닭가슴살스튜,죽류,죽류,670.0,,,"후추, 흰색, 가루:3.0|밀, 중력밀가루:7.0|마늘, 다진것:15.0|토마토, 통조림, 페이스트:100.0|올리브유:15.0|우유:100.0|토마토, 방울토마토, 생것:100.0|감자, 대지, 생것:40.0|브로콜리, 생것:30.0|양파, 생것:30.0|당근, 뿌리, 생것:30.0|닭고기, 가슴, 생것:200.0",
D040002,깨죽,죽류,죽류,61.0,,,"소금, 천일염, 가는소금:1.0|들깨, 볶은것:10.0|멥쌀, 백미, 밥:50.0",
D040068,단호박타락죽,죽류,죽류,168.0,,잣,"잣, 생것:2.0|소금, 천일염, 가는소금:1.0|대추, 말린것:5.0|우유:60.0|찹쌀, 백미, 생것:30.0|호박, 단호박, 생것:70.0",
D040085,관자브로콜리스프,죽류,죽류,426.0,,,"마늘, 가루:2.0|후추, 흰색, 가루:1.0|마늘, 다진것:5.0|치즈, 파르메산(파마산):3.0|버터, 무가염:15.0|우유:200.0|크림, 생크림:25.0|시금치, 생것:10.0|브로콜리, 생것:40.0|양파, 생것:25.0|가리비, 관자, 생것:100.0",
D040001,감자죽,죽류,죽류,111.0,,,"소금, 천일염, 가는소금:1.0|완두, 삶은것:10.0|당근, 뿌리, 데친것:10.0|멥쌀, 백미, 밥:40.0|감자, 대지, 삶은것:50.0",
D212038,프루트칵테일(통조림),과일 및 과일가공품,가공품류,100.0,,,"프루트칵테일, 통조림:100.0|프루트칵테일, 통조림:100.0",
D301007,흑맥주,주류,주류,100.0,,,"발효주, 맥주, 흑맥주, 알코올 4.2%:100.0",
D102014,"불고기(돼지고기, 고추장, 청주)",볶음류,육류 및 난류볶음,115.0,,,"후추, 검은색, 가루:1.0|생강, 뿌리줄기, 생것:1.0|참기름:2.0|고춧가루:2.0|마늘, 생것:3.0|설탕, 백설탕:4.0|간장, 개량, 양조:4.0|파, 쪽파, 생것:5.0|고추, 풋고추, 생것:5.0|양파, 데친것:20.0|발효주, 청주, 알코올 16%:3.0|고추장, 개량:5.0|돼지고기, 등심, 구운것(팬):60.0|후추, 검은색, 가루:1.0|생강, 뿌리줄기, 생것:1.0|참기름:2.0|고춧가루:2.0|마늘, 생것:3.0|설탕, 백설탕:4.0|간장, 개량, 양조:4.0|파, 쪽파, 생것:5.0|고추, 풋고추, 생것:5.0|양파, 데친것:20.0|발효주, 청주, 알코올 16%:3.0|고추장, 개량:5.0|돼지고기, 등심, 구운것(팬):60.0",
D301017,적포도주,주류,주류,100.0,,아황산류,"발효주, 과실주, 포도주, 적포도주, 알코올 13%:100.0",
D301013,위스키,주류,주류,100.0,,,"증류주, 위스키, 알코올 40%:100.0",
D301012,오가피주,주류,주류,100.0,,,"발효주, 약주, 전통주, 알코올 15%:100.0",
D016022,우리통밀 뿌리채소주먹밥,밥류,김(초)밥,256.05,,,"참기름:3.0|후추, 검은색, 가루:0.05|물엿:2.0|간장, 개량, 양조:8.0|발효주, 청주, 알코올 16%:3.0|당근, 뿌리, 생것:10.0|우엉, 생것:20.0|소고기, 한우(1등급), 우둔(우둔살), 생것:20.0|생수:75.0|찹쌀, 백미, 생것:30.0|즉석밥, 잡곡밥(멥쌀, 찹쌀, 흑미, 팥, 기장, 찰수수):70.0|밀, 통밀, 생것:15.0|참기름:3.0|후추, 검은색, 가루:0.05|물엿:2.0|간장, 개량, 양조:8.0|발효주, 청주, 알코올 16%:3.0|당근, 뿌리, 생것:10.0|우엉, 생것:20.0|소고기, 한우(1등급), 우둔(우둔살), 생것:20.0|생수:75.0|찹쌀, 백미, 생것:30.0|즉석밥, 잡곡밥(멥쌀, 찹쌀, 흑미, 팥, 기장, 찰수수):70.0|밀, 통밀, 생것:15.0",
D301010,샴페인,주류,주류,100.0,,,"발효주, 과실주, 샴페인, 알코올 6%:100.0",
D301009,복분자주,주류,주류,100.0,,,"발효주, 과실주, 복분자주, 알코올 15%:100.0",
D113016,풋고추조림,조림류,채소류조림,67.0,,,"소금, 천일염, 가는소금:1.0|설탕, 백설탕:1.0|참깨, 흰색, 볶은것:1.0|파, 쪽파, 생것:2.0|고춧가루:2.0|간장, 개량, 양조:10.0|고추, 풋고추, 생것:50.0",
D113012,우엉조림,조림류,채소류조림,74.0,,,"참깨, 흰색, 볶은것:1.0|소금, 천일염, 가는소금:2.0|콩기름:5.0|물엿:5.0|간장, 개량, 양조:11.0|우엉, 생것:50.0",
D301008,보드카,주류,주류,100.0,,,"증류주, 보드카, 알코올 40%:100.0",
D113009,무조림,조림류,채소류조림,90.0,,,"소금, 천일염, 가는소금:1.0|설탕, 백설탕:1.0|참깨, 흰색, 볶은것:1.0|고춧가루:2.0|파, 쪽파, 생것:5.0|간장, 개량, 양조:10.0|무, 조선무, 생것:70.0",
D301016,백포도주,주류,주류,100.0,,,"발효주, 과실주, 포도주, 백포도주, 쇼비뇽블랑:100.0",
D301001,맥주,주류,주류,200.0,,,"발효주, 맥주, 알코올 4.5%:200.0",
D113005,깻잎조림,조림류,채소류조림,39.0,,,"참깨, 흰색, 볶은것:1.0|고춧가루:1.0|설탕, 백설탕:2.0|마늘, 생것:2.0|들기름:2.0|파, 대파, 생것:3.0|간장, 개량, 양조:8.0|들깻잎, 데친것:20.0",
D301006,매실주,주류,주류,100.0,,,"발효주, 과실주, 매실주:100.0",
D301005,막걸리,주류,주류,100.0,,,"발효주, 탁주, 막걸리, 알코올 6%:100.0",
D113017,호박조림,조림류,채소류조림,89.0,,,"소금, 천일염, 가는소금:1.0|참깨, 흰색, 볶은것:1.0|파, 쪽파, 생것:2.0|고춧가루:2.0|물엿:3.0|간장, 개량, 양조:10.0|호박, 애호박, 데친것:70.0",
D301004,고량주,주류,주류,100.0,,,"증류주, 고량주, 알코올 50%:100.0",
D113008,마늘종조림(멸치),조림류,채소류조림,105.0,,,"소금, 천일염, 가는소금:1.0|설탕, 백설탕:1.0|참깨, 흰색, 볶은것:1.0|고춧가루:2.0|파, 쪽파, 생것:5.0|물엿:5.0|멸치, 중멸치, 삶아서 말린것:10.0|간장, 개량, 양조:10.0|마늘종, 꽃줄기, 데친것:70.0",
D113024,토마토콩조림,조림류,채소류조림,388.0,,,"파슬리, 생것:2.0|후추, 흰색, 가루:2.0|설탕, 가루:4.0|토마토, 생것:200.0|양송이버섯, 생것:30.0|양파, 생것:50.0|대두, 노란색, 말린것:100.0",
D113015,토란조림,조림류,채소류조림,91.0,,,"참깨, 흰색, 볶은것:1.0|파, 쪽파, 생것:2.0|설탕, 백설탕:3.0|마늘, 생것:3.0|물엿:5.0|고추, 빨간색, 생것:7.0|고추, 풋고추, 생것:10.0|간장, 개량, 양조:10.0|토란, 생것:50.0",
D113014,우엉조림(어묵),조림류,채소류조림,100.0,,,"마늘, 생것:1.0|참기름:4.0|간장, 재래:5.0|물엿:10.0|어묵:30.0|우엉, 생것:50.0",
D113006,당근조림,조림류,채소류조림,100.0,,,"파, 쪽파, 생것:2.0|콩기름:3.0|물엿:5.0|양파, 데친것:10.0|간장, 재래:10.0|당근, 뿌리, 데친것:70.0",
D113010,버섯조림(양송이버섯),조림류,채소류조림,90.0,,,"소금, 천일염, 가는소금:1.0|설탕, 백설탕:1.0|참깨, 흰색, 볶은것:1.0|고춧가루:2.0|파, 쪽파, 생것:5.0|간장, 개량, 양조:10.0|느타리버섯, 데친것:30.0|양송이버섯, 데친것:40.0",
D113013,우엉조림(소고기),조림류,채소류조림,88.0,,,"소금, 천일염, 가는소금:2.0|물엿:5.0|간장, 개량, 양조:11.0|소고기, 한우, 양지, 삶은것:20.0|우엉, 생것:50.0",
D113025,곤약 감자조림,조림류,채소류조림,423.0,,,"생수:200.0|식초, 사과식초:10.0|참기름:3.0|맛술:15.0|설탕, 가루:10.0|간장, 개량, 양조:15.0|다시마, 생것:10.0|고추, 빨간색, 생것:5.0|고추, 풋고추, 생것:5.0|감자, 대지, 생것:50.0|곤약(구약나물), 판형, 생것:100.0",
D113023,보리열무지짐,조림류,채소류조림,185.0,,,"들기름:3.0|된장, 개량:4.0|마늘, 생것:3.0|생수:100.0|멸치, 대멸치, 삶아서 말린것:3.0|다시마, 말린것:2.0|김치, 열무 김치:40.0|보리, 쌀보리, 도정, 생것:30.0",
D113011,연근조림,조림류,채소류조림,69.0,,,"참깨, 흰색, 볶은것:2.0|설탕, 백설탕:3.0|간장, 개량, 양조:4.0|물엿:20.0|연근, 생것:40.0",
D113022,고춧잎두부조림,조림류,채소류조림,118.5,,,"마늘, 생것:3.0|간장, 개량, 양조:6.0|고춧가루:1.0|설탕, 백설탕:4.0|참깨, 흰색, 볶은것:0.5|참기름:2.0|양파, 생것:10.0|파, 대파, 생것:6.0|고추, 빨간색, 생것:3.0|두부:80.0|고춧잎, 말린것:3.0",
D113004,고구마조림,조림류,채소류조림,122.0,,,"소금, 천일염, 가는소금:1.0|설탕, 백설탕:1.0|참깨, 흰색, 볶은것:1.0|파, 쪽파, 생것:2.0|고춧가루:2.0|물엿:5.0|고추, 풋고추, 생것:5.0|양파, 데친것:10.0|당근, 뿌리, 데친것:10.0|간장, 개량, 양조:10.0|고구마, 점질(호박) 고구마, 찐것:75.0",
D113007,마늘종조림,조림류,채소류조림,95.0,,,"소금, 천일염, 가는소금:1.0|설탕, 백설탕:1.0|참깨, 흰색, 볶은것:1.0|고춧가루:2.0|파, 쪽파, 생것:5.0|물엿:5.0|간장, 개량, 양조:10.0|마늘종, 꽃줄기, 데친것:70.0",
D112037,타콤소스닭조림,조림류,육류 및 난류조림,720.9,,,"파슬리, 생것:0.1|바질, 잎, 생것:0.25|오레가노, 말린것:0.25|월계수, 잎, 말린것:1.0|후추, 흰색, 가루:0.3|생강, 뿌리줄기, 생것:2.5|마늘, 다진것:4.0|닭 육수:200.0|닭고기, 가슴, 생것:150.0|브로콜리, 생것:25.0|호박, 단호박, 생것:35.0|토마토, 생것:125.0|가지, 생것:15.0|큰느타리버섯(새송이버섯), 생것:17.5|양송이버섯, 생것:20.0|사과, 생것:30.0|당근, 뿌리, 생것:15.0|양파, 생것:80.0",
D112034,시래기 등갈비 조림,조림류,육류 및 난류조림,274.6,,,"후추, 검은색, 가루:0.1|참기름:4.0|참깨, 흰색, 볶은것:1.0|생강, 뿌리줄기, 생것:2.0|마늘, 생것:4.0|고추장, 개량:5.0|고춧가루:1.5|간장, 개량, 양조:8.0|파, 대파, 생것:13.0|고추, 초록색, 녹광, 생것:3.0|고추, 빨간색, 생것:3.0|양파, 생것:20.0|무, 조선무, 생것:50.0|돼지고기, 삼겹살(등갈비), 생것:90.0|무청, 시래기, 말린것, 삶은것:70.0",
D113003,감자조림(어묵),조림류,채소류조림,111.0,,,"참깨, 흰색, 볶은것:1.0|설탕, 백설탕:1.0|간장, 개량, 양조:4.0|파, 대파, 생것:5.0|양파, 데친것:10.0|어묵, 게맛살 첨가:20.0|감자, 대지, 삶은것:70.0",
D112018,햄조림,조림류,육류 및 난류조림,70.0,,,"설탕, 백설탕:1.0|소금, 천일염, 가는소금:2.0|마늘, 생것:2.0|파, 쪽파, 생것:5.0|양파, 데친것:10.0|간장, 개량, 양조:10.0|햄, 등심햄:40.0",
D113002,감자조림,조림류,채소류조림,43.0,,,"설탕, 백설탕:2.0|물엿:4.0|간장, 개량, 양조:7.0|감자, 대지, 삶은것:30.0",
D113021,가지조림,조림류,채소류조림,56.1,,,"설탕, 백설탕:1.0|가지, 데친것:30.2|양파, 데친것:5.1|파, 대파, 생것:2.5|소고기, 한우, 양지, 삶은것:10.0|참기름:3.3|간장, 개량, 양조:2.5|소금, 천일염, 가는소금:1.0|후추, 검은색, 가루:0.5|설탕, 백설탕:1.0|가지, 데친것:30.2|양파, 데친것:5.1|파, 대파, 생것:2.5|소고기, 한우, 양지, 삶은것:10.0|참기름:3.3|간장, 개량, 양조:2.5|소금, 천일염, 가는소금:1.0|후추, 검은색, 가루:0.5|설탕, 백설탕:1.0|가지, 데친것:30.2|양파, 데친것:5.1|파, 대파, 생것:2.5|소고기, 한우, 양지, 삶은것:10.0|참기름:3.3|간장, 개량, 양조:2.5|소금, 천일염, 가는소금:1.0|후추, 검은색, 가루:0.5",
D112017,폭찹,조림류,육류 및 난류조림,180.0,,,"후추, 검은색, 가루:1.0|소금, 천일염, 가는소금:2.0|우스터 소스:5.0|토마토 케첩:7.0|피망, 초록색, 데친것:10.0|밀, 중력밀가루:10.0|당근, 뿌리, 데친것:10.0|콩기름:15.0|양파, 데친것:20.0|돼지고기, 등심, 구운것(팬):100.0",
D112038,토마토소고기장조림,조림류,육류 및 난류조림,568.0,,,"설탕, 가루:15.0|후추, 흰색, 가루:1.0|간장, 개량, 양조:27.0|양파, 생것:45.0|고추, 꽈리고추, 생것:50.0|마늘, 생것:30.0|토마토, 방울토마토, 생것:100.0|메추리알, 삶은것:100.0|소고기, 한우(1++등급), 우둔, 생것:200.0",
D112036,육장(장조림),조림류,육류 및 난류조림,139.1,,,"다시마, 말린것:1.0|설탕, 백설탕:5.0|간장, 개량, 양조:10.0|고추, 빨간색, 말린것:3.0|고추, 꽈리고추, 생것:40.0|메추리알, 삶은것:20.0|후추, 검은색, 가루:0.1|생강, 뿌리줄기, 생것:2.0|마늘, 생것:8.0|파, 대파, 생것:10.0|소고기, 한우(1등급), 우둔(홍두깨살), 생것:40.0",
D112016,"완자조림(돼지고기, 고추장)",조림류,육류 및 난류조림,122.0,,대두(콩),"콩기름:3.0|고추장, 개량:4.0|토마토 케첩:5.0|물엿:5.0|양파, 데친것:10.0|밀, 중력밀가루:15.0|두부:20.0|달걀, 삶은것:20.0|돼지고기, 사태, 삶은것:40.0",
D112015,완자조림(돼지고기),조림류,육류 및 난류조림,80.0,,,"마늘, 생것:1.0|파, 대파, 생것:2.0|참깨, 흰색, 볶은것:2.0|설탕, 백설탕:2.0|콩기름:5.0|물엿:5.0|간장, 개량, 양조:5.0|토마토 케첩:8.0|돼지고기, 사태, 삶은것:50.0",
D112035,오리고기장조림,조림류,육류 및 난류조림,115.05,,,"후추, 검은색, 가루:0.05|설탕, 백설탕:2.0|간장, 개량, 양조:5.0|마늘, 생것:5.0|양파, 생것:15.0|파, 대파, 생것:8.0|고추, 꽈리고추, 생것:10.0|달걀, 생것:30.0|오리고기, 생것, 껍질 포함:40.0",
D112033,수삼돈육조림,조림류,육류 및 난류조림,126.5,,,"생수:30.0|간장, 개량, 양조:3.0|고추장, 개량:5.0|맛술:5.0|마늘, 생것:3.0|고춧가루:0.5|꿀:5.0|돼지고기, 삼겹살, 생것:60.0|인삼, 수삼, 생것:15.0",
D112014,소시지조림,조림류,육류 및 난류조림,70.0,,,"설탕, 백설탕:1.0|소금, 천일염, 가는소금:2.0|마늘, 생것:2.0|파, 쪽파, 생것:5.0|양파, 데친것:10.0|간장, 개량, 양조:10.0|소시지, 위너(비엔나)소시지:40.0",
D112012,소고기장조림(메추리알),조림류,육류 및 난류조림,171.0,,,"참기름:2.0|생강, 뿌리줄기, 생것:4.0|마늘, 생것:5.0|간장, 개량, 양조:20.0|메추리알, 삶은것:40.0|소고기, 한우, 양지, 삶은것:100.0",
D112013,소고기조림,조림류,육류 및 난류조림,48.0,,,"참깨, 흰색, 볶은것:1.0|마늘, 생것:1.0|설탕, 백설탕:2.0|고춧가루:2.0|파, 대파, 생것:5.0|콩기름:5.0|고추, 풋고추, 생것:5.0|간장, 개량, 양조:7.0|소고기, 한우, 양지, 삶은것:20.0",
D112011,소고기장조림(감자),조림류,육류 및 난류조림,544.0,,,"후추, 검은색, 가루:1.0|참기름:4.0|생강, 뿌리줄기, 생것:4.0|마늘, 생것:10.0|감자, 대지, 삶은것:25.0|간장, 개량, 양조:100.0|소고기, 한우, 양지, 삶은것:400.0",
D112028,소고기장조림,조림류,육류 및 난류조림,50.0,,,"참기름:3.5|생강, 뿌리줄기, 생것:1.8|마늘, 생것:2.2|간장, 개량, 양조:7.1|소고기, 한우, 양지, 삶은것:35.4|참기름:3.5|생강, 뿌리줄기, 생것:1.8|마늘, 생것:2.2|간장, 개량, 양조:7.1|소고기, 한우, 양지, 삶은것:35.4",
D112029,메추리알장조림,조림류,육류 및 난류조림,46.0,,,"양파, 데친것:1.0|설탕, 백설탕:0.8|소금, 천일염, 가는소금:1.3|물엿:1.3|마늘, 생것:1.3|파, 쪽파, 생것:3.4|간장, 개량, 양조:6.9|메추리알, 삶은것:30.0|양파, 데친것:1.0|설탕, 백설탕:0.8|소금, 천일염, 가는소금:1.3|물엿:1.3|마늘, 생것:1.3|파, 쪽파, 생것:3.4|간장, 개량, 양조:6.9|메추리알, 삶은것:30.0",
D112026,돼지고기장조림(메추리알),조림류,육류 및 난류조림,120.0,,,"물엿:3.8|생강, 뿌리줄기, 생것:5.1|마늘, 생것:5.1|발효주, 청주, 알코올 16%:6.4|양파, 데친것:12.8|고추, 풋고추, 생것:12.8|간장, 개량, 양조:10.2|메추리알, 삶은것:25.5|돼지고기, 사태, 삶은것:38.3|물엿:3.8|생강, 뿌리줄기, 생것:5.1|마늘, 생것:5.1|발효주, 청주, 알코올 16%:6.4|양파, 데친것:12.8|고추, 풋고추, 생것:12.8|간장, 개량, 양조:10.2|메추리알, 삶은것:25.5|돼지고기, 사태, 삶은것:38.3",
D112007,돼지고기장조림(감자),조림류,육류 및 난류조림,137.0,,,"생강, 뿌리줄기, 생것:1.0|마늘, 생것:2.0|발효주, 청주, 알코올 16%:4.0|물엿:10.0|간장, 개량, 양조:10.0|감자, 대지, 삶은것:40.0|돼지고기, 사태, 삶은것:70.0",
D112005,닭다리조림,조림류,육류 및 난류조림,92.0,,,"참깨, 흰색, 볶은것:1.0|마늘, 생것:2.0|고춧가루:2.0|간장, 개량, 양조:2.0|물엿:5.0|양파, 데친것:10.0|당근, 뿌리, 데친것:10.0|닭고기, 다리(아랫다리), 삶은것:60.0",
D112004,닭고기조림(고추장),조림류,육류 및 난류조림,137.0,,,"마늘, 생것:2.0|간장, 개량, 양조:2.0|고추장, 개량:3.0|토마토 케첩:5.0|발효주, 청주, 알코올 16%:5.0|물엿:5.0|당근, 뿌리, 데친것:15.0|양파, 데친것:20.0|감자, 대지, 삶은것:20.0|닭고기, 영계, 삶은것:60.0",
D112031,닭가슴살 채소조림,조림류,육류 및 난류조림,135.75,,,"소금, 천일염, 가는소금:0.2|후추, 검은색, 가루:0.05|매실청:3.0|참깨, 흰색, 볶은것:0.5|참기름:2.0|설탕, 백설탕:3.0|간장, 개량, 양조:5.0|발효주, 청주, 알코올 16%:3.0|생강, 뿌리줄기, 생것:1.0|마늘, 생것:4.0|파프리카, 빨간색, 생것:15.0|파프리카, 노란색, 생것:15.0|피망, 초록색, 생것:12.0|양파, 생것:12.0|닭고기, 가슴, 생것:60.0",
D112032,돼지고기 채소조림,조림류,육류 및 난류조림,172.5,,,"치커리, 뿌리, 생것:6.0|상추, 결구(양상추), 녹색, 생것:10.0|상추, 잎상추, 치마상추, 녹색, 생것:10.0|들깻잎, 생것:4.0|생수:15.0|설탕, 백설탕:3.0|간장, 개량, 양조:5.0|파, 대파, 생것:3.0|고추, 초록색, 녹광, 생것:3.0|고추, 빨간색, 생것:3.0|표고버섯, 참나무재배, 생것:15.0|당근, 뿌리, 생것:8.0|양파, 생것:8.0|콩기름:3.0|전분, 감자, 가루:4.0|마늘, 생것:5.0|생강, 뿌리줄기, 생것:3.0|발효주, 청주, 알코올 16%:4.0|후추, 검은색, 가루:0.1|소금, 천일염, 가는소금:0.4|돼지고기, 안심, 생것:60.0",
D112006,닭볶음탕(고추장),조림류,육류 및 난류조림,149.0,,,"마늘, 생것:2.0|간장, 개량, 양조:2.0|파, 쪽파, 생것:5.0|발효주, 청주, 알코올 16%:5.0|물엿:5.0|고추장, 개량:10.0|양파, 데친것:20.0|당근, 뿌리, 데친것:20.0|감자, 대지, 삶은것:20.0|닭고기, 영계, 삶은것:60.0",
D111036,쥐포조림,조림류,어패류조림,29.0,,대두(콩),"간장, 개량, 양조:3.0|물엿:8.0|쥐치, 포, 말린것:18.0",
D112030,닭 버섯 조림,조림류,육류 및 난류조림,146.3,,,"고추, 빨간색, 생것:4.0|다시마, 말린것:1.0|생강, 뿌리줄기, 생것:1.0|파, 대파, 생것:4.0|발효주, 청주, 알코올 16%:3.0|생수:15.0|간장, 개량, 양조:4.0|후추, 검은색, 가루:0.1|소금, 천일염, 가는소금:0.2|전분, 감자, 가루:4.0|마늘, 생것:5.0|양송이버섯, 생것:15.0|표고버섯, 참나무재배, 생것:15.0|큰느타리버섯(새송이버섯), 생것:15.0|닭고기, 다리(넓적다리), 생것:60.0",
D112003,닭고기조림,조림류,육류 및 난류조림,144.0,,,"마늘, 생것:2.0|간장, 개량, 양조:2.0|토마토 케첩:5.0|발효주, 청주, 알코올 16%:5.0|물엿:5.0|옥수수, 통조림, 가당:10.0|당근, 뿌리, 데친것:15.0|양파, 데친것:20.0|감자, 대지, 삶은것:20.0|닭고기, 영계, 삶은것:60.0",
D112001,계란장조림,조림류,육류 및 난류조림,143.0,,,"참기름:4.0|생강, 뿌리줄기, 생것:4.0|물엿:5.0|마늘, 생것:10.0|달걀, 삶은것:20.0|간장, 개량, 양조:100.0",
D112002,계란장조림(소고기),조림류,육류 및 난류조림,177.0,,,"설탕, 백설탕:1.0|참기름:4.0|생강, 뿌리줄기, 생것:4.0|마늘, 생것:4.0|물엿:6.0|간장, 개량, 양조:8.0|달걀, 삶은것:50.0|소고기, 한우, 양지, 삶은것:100.0",
D111055,생강코다리조림,조림류,어패류조림,156.0,,대두(콩),"간장, 개량, 양조:7.0|맛술:5.0|설탕, 백설탕:3.0|생수:20.0|콩기름:2.0|고추, 빨간색, 생것:4.0|다시마, 말린것:2.0|양파, 생것:20.0|파, 대파, 생것:8.0|마늘, 생것:4.0|생강, 뿌리줄기, 생것:11.0|명태, 코다리, 반건조:70.0|간장, 개량, 양조:7.0|맛술:5.0|설탕, 백설탕:3.0|생수:20.0|콩기름:2.0|고추, 빨간색, 생것:4.0|다시마, 말린것:2.0|양파, 생것:20.0|파, 대파, 생것:8.0|마늘, 생것:4.0|생강, 뿌리줄기, 생것:11.0|명태, 코다리, 반건조:70.0",
D111039,홍합조림,조림류,어패류조림,95.0,,,"후추, 검은색, 가루:1.0|참기름:1.0|마늘, 생것:1.0|피망, 초록색, 데친것:2.0|물엿:5.0|간장, 개량, 양조:5.0|담치, 참담치(홍합), 생것:80.0",
D111037,청어조림,조림류,어패류조림,135.0,,,"후추, 검은색, 가루:1.0|생강, 뿌리줄기, 생것:2.0|참깨, 흰색, 볶은것:2.0|고춧가루:2.0|마늘, 생것:3.0|파, 쪽파, 생것:5.0|발효주, 청주, 알코올 16%:5.0|간장, 개량, 양조:5.0|양파, 데친것:10.0|무, 조선무, 생것:30.0|청어, 생것:70.0",
D111035,조기조림,조림류,어패류조림,139.0,,,"설탕, 백설탕:1.0|생강, 뿌리줄기, 생것:1.0|마늘, 생것:1.0|고춧가루:1.0|고추, 풋고추, 생것:5.0|간장, 개량, 양조:10.0|무, 조선무, 생것:40.0|조기(참조기), 생것:80.0",
D111034,정어리조림,조림류,어패류조림,142.0,,,"생강, 뿌리줄기, 생것:1.0|설탕, 백설탕:2.0|마늘, 생것:2.0|고춧가루:2.0|고추, 풋고추, 생것:5.0|간장, 개량, 양조:10.0|무, 조선무, 생것:40.0|정어리, 생것:80.0",
D111033,전어조림,조림류,어패류조림,122.0,,,"마늘, 생것:1.0|고추, 풋고추, 생것:3.0|간장, 개량, 양조:3.0|발효주, 청주, 알코올 16%:5.0|양파, 데친것:10.0|무, 조선무, 생것:30.0|전어, 생것:70.0",
D111032,장어조림(고추장),조림류,어패류조림,121.0,,,"파, 쪽파, 생것:2.0|마늘, 생것:2.0|고추, 풋고추, 생것:2.0|고추, 빨간색, 생것:2.0|발효주, 청주, 알코올 16%:3.0|물엿:5.0|고추장, 개량:5.0|양파, 데친것:10.0|고춧가루:10.0|간장, 개량, 양조:10.0|장어, 뱀장어, 생것:70.0",
D111030,오징어채조림(고추장),조림류,어패류조림,17.0,,대두(콩),"콩기름:2.0|고추장, 개량:2.0|설탕, 백설탕:3.0|오징어, 포, 조미하여 말린것:10.0",
D111023,새우조림,조림류,어패류조림,34.0,,,"참기름:1.0|마늘, 생것:1.0|설탕, 백설탕:2.0|콩기름:5.0|간장, 개량, 양조:5.0|새우, 중하, 삶아서 말린것:20.0",
D111027,"어묵조림(감자, 햄)",조림류,어패류조림,113.0,,,"설탕, 백설탕:1.0|파, 쪽파, 생것:2.0|햄, 등심햄:10.0|간장, 개량, 양조:10.0|감자, 대지, 삶은것:40.0|어묵:50.0",
D111026,어묵조림(감자),조림류,어패류조림,103.0,,,"설탕, 백설탕:1.0|파, 쪽파, 생것:2.0|간장, 개량, 양조:10.0|감자, 대지, 삶은것:40.0|어묵:50.0",
D111017,방어조림,조림류,어패류조림,67.0,,,"고춧가루:1.0|파, 대파, 생것:2.0|마늘, 생것:2.0|간장, 개량, 양조:3.0|설탕, 백설탕:4.0|방어, 생것:55.0",
D111031,임연수어조림,조림류,어패류조림,67.0,,,"고춧가루:1.0|파, 대파, 생것:2.0|마늘, 생것:2.0|간장, 개량, 양조:3.0|설탕, 백설탕:4.0|임연수어, 생것:55.0",
D111018,뱅어포조림,조림류,어패류조림,62.0,,,"고춧가루:1.0|파, 대파, 생것:2.0|마늘, 생것:2.0|간장, 개량, 양조:3.0|설탕, 백설탕:4.0|뱅어, 포, 말린것:50.0",
D111028,오징어조림,조림류,어패류조림,149.0,,,"마늘, 생것:2.0|고춧가루:2.0|파, 쪽파, 생것:5.0|양파, 데친것:10.0|물엿:10.0|간장, 재래:10.0|무, 조선무, 생것:40.0|오징어, 구운것:70.0",
D111025,양미리조림,조림류,어패류조림,108.0,,,"고춧가루:1.0|마늘, 생것:2.0|고추, 풋고추, 생것:2.0|물엿:3.0|발효주, 청주, 알코올 16%:5.0|간장, 재래:5.0|양파, 데친것:10.0|무, 조선무, 생것:40.0|양미리, 말린것:40.0",
D111056,장어조림,조림류,어패류조림,360.0,,,"파, 대파, 생것:10.0|마늘, 생것:20.0|참깨, 흰색, 볶은것:5.0|후추, 흰색, 가루:1.0|참기름:15.0|발효주, 청주, 알코올 16%:15.0|과당:15.0|간장, 개량, 양조:10.0|생강, 뿌리줄기, 생것:15.0|양파, 생것:60.0|고추, 빨간색, 생것:17.0|고추, 초록색, 녹광, 생것:17.0|들깻잎, 생것:10.0|장어, 뱀장어, 생것:150.0",
D111029,오징어채조림(간장),조림류,어패류조림,51.0,,,"마늘, 생것:1.0|참깨, 흰색, 볶은것:1.0|고춧가루:2.0|간장, 개량, 양조:4.0|물엿:5.0|오징어, 포, 조미하여 말린것:18.0|고추, 풋고추, 생것:20.0",
D111024,서대조림,조림류,어패류조림,67.0,,,"고춧가루:1.0|파, 대파, 생것:2.0|마늘, 생것:2.0|간장, 개량, 양조:3.0|설탕, 백설탕:4.0|서대, 참서대, 생것:55.0",
D111022,삼치조림,조림류,어패류조림,128.0,,,"마늘, 생것:1.0|고춧가루:1.0|파, 쪽파, 생것:2.0|참깨, 흰색, 볶은것:2.0|간장, 개량, 양조:2.0|발효주, 청주, 알코올 16%:10.0|양파, 데친것:10.0|무, 조선무, 생것:30.0|삼치, 생것:70.0",
D111020,북어조림,조림류,어패류조림,39.0,,,"참기름:1.0|마늘, 생것:2.0|파, 쪽파, 생것:5.0|간장, 개량, 양조:6.0|명태, 북어, 말린것:25.0",
D111021,붕어조림,조림류,어패류조림,67.0,,,"고춧가루:1.0|파, 대파, 생것:2.0|마늘, 생것:2.0|간장, 개량, 양조:3.0|설탕, 백설탕:4.0|붕어, 생것:55.0",
D111019,병어조림,조림류,어패류조림,141.0,,,"후추, 검은색, 가루:1.0|소금, 천일염, 가는소금:2.0|고춧가루:3.0|파, 쪽파, 생것:5.0|마늘, 생것:5.0|고추, 풋고추, 생것:5.0|간장, 개량, 양조:10.0|무, 조선무, 생것:40.0|병어, 생것:70.0",
D111014,멸치조림(고추장),조림류,어패류조림,53.0,,,"참깨, 흰색, 볶은것:1.0|참기름:1.0|간장, 개량, 양조:3.0|물엿:5.0|고추장, 개량:8.0|고추, 풋고추, 생것:10.0|멸치, 중멸치, 삶아서 말린것:25.0",
D111016,바지락조림,조림류,어패류조림,141.0,,,"후추, 검은색, 가루:1.0|소금, 천일염, 가는소금:2.0|고춧가루:3.0|파, 대파, 생것:5.0|마늘, 생것:5.0|고추, 풋고추, 생것:5.0|간장, 개량, 양조:10.0|무, 조선무, 생것:40.0|바지락, 생것:70.0",
D111015,"멸치조림(고추장, 풋고추)",조림류,어패류조림,63.0,,,"참깨, 흰색, 볶은것:1.0|참기름:1.0|간장, 개량, 양조:3.0|물엿:5.0|고추장, 개량:8.0|고추, 풋고추, 생것:20.0|멸치, 중멸치, 삶아서 말린것:25.0",
D111013,동태조림,조림류,어패류조림,162.0,,,"후추, 검은색, 가루:1.0|들기름:1.0|참깨, 흰색, 볶은것:2.0|소금, 천일염, 가는소금:2.0|고춧가루:2.0|마늘, 생것:3.0|설탕, 백설탕:5.0|파, 대파, 생것:7.0|간장, 개량, 양조:9.0|무, 조선무, 생것:20.0|명태, 동태, 냉동:110.0",
D111054,단호박갈치조림,조림류,어패류조림,162.1,,,"후추, 검은색, 가루:0.1|고추장, 개량:5.0|간장, 개량, 양조:4.0|생강, 뿌리줄기, 생것:1.0|마늘, 생것:4.0|고춧가루:1.0|설탕, 백설탕:2.0|고추, 빨간색, 생것:4.0|파, 대파, 생것:6.0|고사리, 생것:15.0|양파, 생것:10.0|갈치, 생것:70.0|호박, 단호박, 생것:40.0",
D111012,대구포조림(고추장),조림류,어패류조림,35.0,,,"참깨, 흰색, 볶은것:1.0|참기름:1.0|마늘, 생것:1.0|간장, 개량, 양조:2.0|파, 대파, 생것:5.0|고추장, 개량:5.0|대구, 포, 말린것:20.0",
D111009,꽁치조림(물엿),조림류,어패류조림,77.0,,,"고춧가루:1.0|파, 대파, 생것:2.0|마늘, 생것:2.0|간장, 개량, 양조:3.0|설탕, 백설탕:4.0|물엿:10.0|꽁치, 구운것:55.0",
D111010,꽁치조림(통조림),조림류,어패류조림,117.0,,,"고추, 빨간색, 생것:1.0|파, 쪽파, 생것:2.0|마늘, 생것:2.0|고춧가루:2.0|발효주, 청주, 알코올 16%:5.0|고추, 풋고추, 생것:5.0|양파, 데친것:10.0|무, 조선무, 생것:10.0|간장, 개량, 양조:10.0|꽁치, 통조림, 조미:70.0",
D111011,노가리조림,조림류,어패류조림,38.0,,,"참깨, 흰색, 볶은것:1.0|설탕, 백설탕:2.0|간장, 개량, 양조:5.0|고추, 풋고추, 생것:10.0|명태, 노가리, 말린것:20.0",
D111008,꽁치조림,조림류,어패류조림,67.0,,,"고춧가루:1.0|파, 대파, 생것:2.0|마늘, 생것:2.0|간장, 개량, 양조:3.0|설탕, 백설탕:4.0|꽁치, 구운것:55.0",
D111003,건꼴뚜기조림,조림류,어패류조림,46.0,,,"소금, 천일염, 가는소금:1.0|설탕, 백설탕:1.0|파, 쪽파, 생것:2.0|고춧가루:2.0|고추, 빨간색, 생것:10.0|간장, 개량, 양조:10.0|꼴뚜기, 참꼴뚜기, 삶아서 말린것:20.0|소금, 천일염, 가는소금:1.0|설탕, 백설탕:1.0|파, 쪽파, 생것:2.0|고춧가루:2.0|고추, 빨간색, 생것:10.0|간장, 개량, 양조:10.0|꼴뚜기, 참꼴뚜기, 삶아서 말린것:20.0",
D111006,광어조림(고추장),조림류,어패류조림,155.0,,,"고춧가루:1.0|파, 대파, 생것:3.0|마늘, 생것:5.0|간장, 개량, 양조:5.0|설탕, 백설탕:6.0|고추장, 개량:10.0|고추, 풋고추, 생것:10.0|무, 조선무, 생것:30.0|넙치(광어), 생것:85.0",
D111053,고등어조림(고추장),조림류,어패류조림,90.1,,,"고춧가루:0.5|파, 대파, 생것:1.6|마늘, 생것:2.9|간장, 개량, 양조:2.9|설탕, 백설탕:3.4|고추장, 개량:5.5|고추, 풋고추, 생것:5.5|고춧가루:0.5|파, 대파, 생것:1.6|무, 조선무, 생것:16.8|고등어, 삶은것:51.0|마늘, 생것:2.9|간장, 개량, 양조:2.9|설탕, 백설탕:3.4|고추장, 개량:5.5|고추, 풋고추, 생것:5.5|무, 조선무, 생것:16.8|고등어, 삶은것:51.0",
D111004,게조림,조림류,어패류조림,160.0,,,"후추, 검은색, 가루:1.0|들기름:1.0|소금, 천일염, 가는소금:2.0|고춧가루:2.0|마늘, 생것:3.0|설탕, 백설탕:5.0|파, 대파, 생것:7.0|간장, 개량, 양조:9.0|무, 조선무, 생것:20.0|게, 꽃게, 찐것:110.0",
D111052,가자미조림,조림류,어패류조림,85.6,,,"쌀겨기름(미강유):4.8|후추, 검은색, 가루:0.8|참깨, 흰색, 볶은것:1.6|고춧가루:1.6|마늘, 생것:2.4|파, 쪽파, 생것:4.0|양파, 데친것:8.0|간장, 개량, 양조:6.4|무, 조선무, 생것:32.0|가자미, 생것:24.0|쌀겨기름(미강유):4.8|후추, 검은색, 가루:0.8|참깨, 흰색, 볶은것:1.6|고춧가루:1.6|마늘, 생것:2.4|파, 쪽파, 생것:4.0|양파, 데친것:8.0|간장, 개량, 양조:6.4|무, 조선무, 생것:32.0|가자미, 생것:24.0",
D111002,갈치조림,조림류,어패류조림,141.0,,,"고추, 빨간색, 생것:1.0|마늘, 생것:2.0|설탕, 백설탕:3.0|발효주, 청주, 알코올 16%:5.0|고추, 풋고추, 생것:5.0|간장, 개량, 양조:5.0|양파, 데친것:10.0|무, 조선무, 생것:40.0|갈치, 생것:70.0",
D114009,유부조림,조림류,기타 조림류,61.0,,,"파, 쪽파, 생것:1.0|콩기름:1.0|참깨, 흰색, 볶은것:1.0|설탕, 백설탕:3.0|간장, 개량, 양조:5.0|두부, 유부:50.0",
D114005,땅콩조림,조림류,기타 조림류,88.0,,,"참깨, 흰색, 볶은것:2.0|참기름:4.0|설탕, 백설탕:4.0|마늘, 생것:5.0|파, 대파, 생것:10.0|물엿:13.0|땅콩, 볶은것:20.0|간장, 개량, 양조:30.0|참깨, 흰색, 볶은것:2.0|참기름:4.0|설탕, 백설탕:4.0|마늘, 생것:5.0|파, 대파, 생것:10.0|물엿:13.0|땅콩, 볶은것:20.0|간장, 개량, 양조:30.0",
D114006,떡조림(고추장),조림류,기타 조림류,87.0,,,"참기름:1.0|참깨, 흰색, 볶은것:1.0|고춧가루:1.0|간장, 개량, 양조:2.0|마늘, 생것:3.0|콩기름:5.0|파, 대파, 생것:6.0|고추장, 개량:8.0|멥쌀떡, 가래떡:60.0",
D114008,밤초,조림류,기타 조림류,69.0,,,"설탕, 백설탕:2.0|참기름:4.0|간장, 개량, 양조:5.0|물엿:8.0|밤, 생것:50.0",
D114007,만두조림(고추장),조림류,기타 조림류,87.0,,,"참기름:1.0|참깨, 흰색, 볶은것:1.0|고춧가루:1.0|간장, 개량, 양조:2.0|마늘, 생것:3.0|콩기름:5.0|파, 대파, 생것:6.0|고추장, 개량:8.0|만두, 고기 만두:60.0",
D114004,두부조림(돼지고기),조림류,기타 조림류,108.0,,,"파, 쪽파, 생것:1.0|고춧가루:1.0|참깨, 흰색, 볶은것:2.0|콩기름:3.0|마늘, 생것:4.0|간장, 개량, 양조:7.0|돼지고기, 사태, 삶은것:10.0|두부:80.0",
D114003,"두부조림(고추장, 물엿)",조림류,기타 조림류,97.0,,,"참기름:1.0|참깨, 흰색, 볶은것:1.0|고춧가루:1.0|간장, 개량, 양조:2.0|마늘, 생것:3.0|콩기름:5.0|파, 대파, 생것:6.0|고추장, 개량:8.0|물엿:10.0|두부:60.0",
D114002,두부조림(고추장),조림류,기타 조림류,87.0,,,"참기름:1.0|참깨, 흰색, 볶은것:1.0|고춧가루:1.0|간장, 개량, 양조:2.0|마늘, 생것:3.0|콩기름:5.0|파, 대파, 생것:6.0|고추장, 개량:8.0|두부:60.0",
D114022,껍질콩두부조림,조림류,기타 조림류,100.05,,대두(콩),"콩기름:3.0|소금, 천일염, 가는소금:2.0|후추, 검은색, 가루:0.05|참기름:2.0|마늘, 생것:3.0|생강, 뿌리줄기, 생것:1.0|발효주, 청주, 알코올 16%:4.0|맛술:4.0|간장, 개량, 양조:5.0|설탕, 흑설탕:2.0|전분, 감자, 가루:4.0|두부:40.0|완두, 생것:30.0",
D114001,곤약조림,조림류,기타 조림류,106.0,,,"설탕, 백설탕:2.0|마늘, 생것:2.0|파, 대파, 생것:5.0|간장, 개량, 양조:7.0|양파, 데친것:10.0|소고기, 한우, 양지, 삶은것:10.0|곤약(구약나물), 판형, 생것:70.0",
D311053,"햄버거(소고기,토마토,양상추,양파)",조리가공식품류,조리가공식품류,100.0,,"밀,돼지고기,닭고기,쇠고기,토마토","햄버거, 소고기패티, 토마토, 양상추, 양파:100.0",
D311018,할라피뇨(통조림),조리가공식품류,조리가공식품류,100.0,,,"할라페뇨, 통조림:100.0",
D311017,토마토(통조림),조리가공식품류,조리가공식품류,100.0,,토마토,"토마토, 통조림:100.0",
D311045,초밥(모듬),조리가공식품류,조리가공식품류,100.0,,대두(콩),"초밥, 유부 초밥:100.0",
D311009,즉석밥(잡곡),조리가공식품류,조리가공식품류,100.0,,,"즉석밥, 잡곡밥(멥쌀, 찹쌀, 흑미, 팥, 기장, 찰수수):100.0",
D311010,즉석밥(백미),조리가공식품류,조리가공식품류,100.0,,,"즉석밥, 백미:100.0",
D311008,즉석밥(누룽지),조리가공식품류,조리가공식품류,100.0,,,"즉석밥, 누룽지, 끓는물 부음:100.0",
D311021,육포,조리가공식품류,조리가공식품류,100.0,,쇠고기,"소고기, 육포:100.0",
D311011,옥수수(통조림),조리가공식품류,조리가공식품류,100.0,,,"옥수수, 통조림, 가당:100.0",
D012064,오곡연잎밥,밥류,잡곡밥류,207.7,,,"소금, 천일염, 가는소금:0.7|밤, 생것:20.0|연잎밥:0.0|생수:110.0|조, 차조, 도정, 생것:10.0|수수, 도정, 생것:12.0|팥, 적색, 말린것:15.0|대두, 검은색, 서리태, 말린것:10.0|멥쌀, 백미, 생것:15.0|찹쌀, 백미, 생것:15.0|소금, 천일염, 가는소금:0.7|밤, 생것:20.0|연잎밥:0.0|생수:110.0|조, 차조, 도정, 생것:10.0|수수, 도정, 생것:12.0|팥, 적색, 말린것:15.0|대두, 검은색, 서리태, 말린것:10.0|멥쌀, 백미, 생것:15.0|찹쌀, 백미, 생것:15.0",
D311019,양송이버섯(통조림),조리가공식품류,조리가공식품류,100.0,,,"양송이버섯, 통조림:100.0",
D311016,양배추샐러드(코울슬로),조리가공식품류,조리가공식품류,100.0,,,"양배추 샐러드, 코울슬로:100.0",
D311006,스프(크림),조리가공식품류,조리가공식품류,300.0,,"쇠고기,밀","스프, 크림 스프, 가루, 끓인것:300.0",
D311005,스프(콘소메),조리가공식품류,조리가공식품류,300.0,,,"스프, 옥수수 스프, 가루, 끓인것:300.0",
D311004,스프(양송이),조리가공식품류,조리가공식품류,300.0,,"쇠고기,밀","스프, 양송이 스프, 가루, 끓인것:300.0",
D311003,"스프(소고기, 채소)",조리가공식품류,조리가공식품류,300.0,,"쇠고기,밀","스프, 소고기 스프, 가루, 끓인것:300.0",
D311002,스프(소고기),조리가공식품류,조리가공식품류,300.0,,"쇠고기,밀","스프, 소고기 스프, 가루, 끓인것:300.0",
D031090,까르보나라스파게티,면 및 만두류,면류,198.32,,,"후추, 흰색, 가루:0.02|소금, 천일염:0.3|전분, 감자, 가루:2.0|버터, 무가염:2.0|크림, 생크림:4.0|크림, 휘핑, 식물성:5.0|양파, 생것:10.0|브로콜리, 생것:10.0|새우, 흰다리새우, 생것:10.0|베이컨:15.0|달걀, 난황, 생것:20.0|우유:40.0|스파게티면, 말린것:80.0|후추, 흰색, 가루:0.02|소금, 천일염:0.3|전분, 감자, 가루:2.0|버터, 무가염:2.0|크림, 생크림:4.0|크림, 휘핑, 식물성:5.0|양파, 생것:10.0|브로콜리, 생것:10.0|새우, 흰다리새우, 생것:10.0|베이컨:15.0|달걀, 난황, 생것:20.0|우유:40.0|스파게티면, 말린것:80.0",
D055031,토마소소고기스튜,국(탕)류,기타,712.0,,,"월계수, 잎, 말린것:0.5|정향, 가루:0.5|소금, 천일염, 가는소금:0.5|후추, 흰색, 가루:0.5|마늘, 생것:5.0|버터, 무가염:5.0|셀러리, 생것:6.0|밀, 중력밀가루:7.0|당근, 뿌리, 생것:10.0|양파, 생것:12.0|우스터 소스:15.0|토마토, 통조림, 페이스트:25.0|토마토, 통조림:25.0|사과, 생것:40.0|소고기, 한우, 등심, 생것:60.0|생수:500.0|월계수, 잎, 말린것:0.5|정향, 가루:0.5|소금, 천일염, 가는소금:0.5|후추, 흰색, 가루:0.5|마늘, 생것:5.0|버터, 무가염:5.0|셀러리, 생것:6.0|밀, 중력밀가루:7.0|당근, 뿌리, 생것:10.0|양파, 생것:12.0|우스터 소스:15.0|토마토, 통조림, 페이스트:25.0|토마토, 통조림:25.0|사과, 생것:40.0|소고기, 한우, 등심, 생것:60.0|생수:500.0",
D311036,"샌드위치(햄,치즈,채소)",조리가공식품류,조리가공식품류,100.0,,"밀,돼지고기,난류,쇠고기,우유","샌드위치, 햄, 치즈, 채소:100.0",
D311034,샌드위치(소고기),조리가공식품류,조리가공식품류,100.0,,"난류,쇠고기,우유,밀","샌드위치, 소고기:100.0",
D311033,샌드위치(생선),조리가공식품류,조리가공식품류,100.0,,"난류,우유,밀","샌드위치, 생선:100.0",
D311032,샌드위치(닭고기),조리가공식품류,조리가공식품류,100.0,,"닭고기,난류,우유,밀","샌드위치, 닭고기:100.0",
D311012,밤(통조림),조리가공식품류,조리가공식품류,100.0,,,"밤, 통조림:100.0",
D311015,무말랭이 무침,조리가공식품류,조리가공식품류,100.0,,,무말랭이 무침:100.0,
D311014,들깻잎장아찌(통조림),조리가공식품류,조리가공식품류,100.0,,,"들깻잎장아찌, 통조림:100.0",
D311027,동그랑땡(냉동),조리가공식품류,조리가공식품류,100.0,,"밀,돼지고기","돈저냐(동그랑땡), 냉동:100.0",
D311020,닭꼬치,조리가공식품류,조리가공식품류,100.0,,닭고기,닭꼬치:100.0,
D311055,달팽이(통조림),조리가공식품류,조리가공식품류,100.0,,,"달팽이, 통조림:100.0",
D311054,누에번데기(통조림),조리가공식품류,조리가공식품류,100.0,,,"누에, 번데기, 통조림:100.0",
D311013,녹색완두(통조림),조리가공식품류,조리가공식품류,100.0,,,"완두, 통조림:100.0",
D160015,황새치젓,젓갈류,젓갈류,15.0,,,"황새치, 젓갈:15.0",
D160030,해삼젓(염절임),젓갈류,젓갈류,100.0,,,"해삼, 젓갈:100.0",
D160013,조기젓,젓갈류,젓갈류,15.0,,,"조기(참조기), 젓갈:15.0",
D160033,조개젓(염절임),젓갈류,젓갈류,100.0,,,"조개, 젓갈:100.0",
D160012,전어젓,젓갈류,젓갈류,15.0,,,"전어, 젓갈:15.0",
D160025,은어젓,젓갈류,젓갈류,100.0,,,"은어, 내장, 젓갈:100.0",
D160027,전복젓(염절임),젓갈류,젓갈류,100.0,,"어패류(굴, 전복, 홍합 포함)","전복, 젓갈:100.0",
D160011,오징어젓(양념),젓갈류,젓갈류,15.0,,오징어,"오징어, 양념젓갈:15.0",
D160009,어리굴젓,젓갈류,젓갈류,15.0,,"어패류(굴, 전복, 홍합 포함)","굴, 참굴, 양념젓갈(어리굴젓):15.0",
D160008,아가미젓,젓갈류,젓갈류,15.0,,,"대구, 아가미, 젓갈:15.0",
D160024,송어젓,젓갈류,젓갈류,100.0,,,"송어, 젓갈:100.0",
D051241,두부새우젓국,국(탕)류,맑은국류,33.5,,,"마늘, 생것:0.5|다시마, 말린것:1.0|새우, 젓갈, 토굴육젓:1.0|파, 대파, 생것:2.0|멸치, 대멸치, 삶아서 말린것:2.0|양파, 생것:3.0|무, 조선무, 생것:7.0|곤약(구약나물), 판형, 생것:17.0|마늘, 생것:0.5|다시마, 말린것:1.0|새우, 젓갈, 토굴육젓:1.0|파, 대파, 생것:2.0|멸치, 대멸치, 삶아서 말린것:2.0|양파, 생것:3.0|무, 조선무, 생것:7.0|곤약(구약나물), 판형, 생것:17.0",
D160029,성게젓,젓갈류,젓갈류,100.0,,,"성게, 젓갈:100.0",
D160006,밴댕이젓,젓갈류,젓갈류,15.0,,,"밴댕이, 젓갈:15.0",
D160026,바지락젓,젓갈류,젓갈류,100.0,,"어패류(굴, 전복, 홍합 포함)","바지락, 젓갈:100.0",
D160032,명란젓,젓갈류,젓갈류,100.0,,,"명태, 알, 양념젓갈(명란젓):100.0",
D160004,멸치젓,젓갈류,젓갈류,15.0,,,"멸치, 젓갈:15.0",
D160035,"멍게젓(양념,염절임)",젓갈류,젓갈류,100.0,,,"멍게, 양념젓갈:100.0",
D160023,대구젓,젓갈류,젓갈류,100.0,,,"대구, 젓갈:100.0",
D160034,"낙지젓(양념,염절임)",젓갈류,젓갈류,100.0,,,"낙지, 양념젓갈:100.0",
D160003,꼴뚜기젓,젓갈류,젓갈류,15.0,,,"꼴뚜기, 젓갈:15.0",
D160031,까나리젓,젓갈류,젓갈류,100.0,,,"까나리, 액젓:100.0",
D171017,유부초절임,절임류,절임류,88.0,,,"다시마, 생것:5.0|오이, 다다기, 생것:15.0|식초, 사과식초:15.0|설탕, 가루:3.0|당근, 뿌리, 생것:10.0|양배추, 생것:15.0|두부, 유부:5.0|사과, 생것:20.0",
D171016,연근 피클,절임류,절임류,168.7,,,"레몬, 생것:5.0|비트, 뿌리, 생것:10.0|생수:80.0|소금, 천일염, 가는소금:1.7|유자청:20.0|식초, 감식초:12.0|연근, 생것:40.0",
D160028,게젓(염절임),젓갈류,젓갈류,100.0,,게,"게, 닭게, 젓갈:100.0",
D051006,게장국,국(탕)류,맑은국류,576.0,,,"마늘, 생것:1.0|파, 대파, 생것:5.0|소금, 천일염, 가는소금:5.0|고추, 풋고추, 생것:5.0|간장, 재래:15.0|호박, 애호박, 데친것:25.0|무, 조선무, 생것:40.0|게, 꽃게, 찐것:80.0|마늘, 생것:1.0|파, 대파, 생것:5.0|소금, 천일염, 가는소금:5.0|고추, 풋고추, 생것:5.0|간장, 재래:15.0|호박, 애호박, 데친것:25.0|무, 조선무, 생것:40.0|게, 꽃게, 찐것:80.0",
D132105,오이지무침,무침류,숙채,101.0,,,"참기름:1.0|설탕, 백설탕:2.0|고춧가루:2.0|마늘, 생것:2.0|파, 대파, 생것:2.0|참깨, 흰색, 볶은것:2.0|오이지, 염절임:90.0|참기름:1.0|설탕, 백설탕:2.0|고춧가루:2.0|마늘, 생것:2.0|파, 대파, 생것:2.0|참깨, 흰색, 볶은것:2.0|오이지, 염절임:90.0",
D160001,갈치젓,젓갈류,젓갈류,15.0,,,"갈치, 젓갈:15.0",
D171015,생강초절임,절임류,절임류,34.4,,,"생수:15.0|식초, 감식초:4.0|설탕, 백설탕:3.0|소금, 천일염, 가는소금:0.4|비트, 뿌리, 생것:2.0|생강, 뿌리줄기, 생것:10.0",
D171014,버섯고추기름절임,절임류,절임류,109.0,,대두(콩),"간장, 개량, 양조:5.0|식초, 감식초:5.0|설탕, 백설탕:3.0|고춧가루:2.0|콩기름:8.0|파, 쪽파, 생것:3.0|마늘, 생것:3.0|파, 대파, 생것:8.0|양파, 생것:12.0|팽이버섯, 생것:60.0",
D171009,생강피클,절임류,절임류,100.0,,,생강 피클:100.0,
D171013,배피클,절임류,절임류,112.1,,,"소금, 천일염, 가는소금:1.1|유자청:5.0|식초, 감식초:10.0|설탕, 백설탕:6.0|오이, 취청, 생것:40.0|배, 생것:50.0",
D171012,방울토마토 즉석피클,절임류,절임류,100.0,,,"마늘, 생것:5.0|올리브유:2.0|바질, 잎, 생것:1.0|소금, 천일염, 가는소금:1.0|설탕, 백설탕:9.0|식초, 발사믹:5.0|식초, 감식초:6.0|후추, 검은색, 가루:1.0|토마토, 방울토마토, 생것:70.0",
D171011,무켜피클,절임류,절임류,97.9,,,"비트, 뿌리, 생것:6.0|식초, 감식초:7.0|설탕, 백설탕:6.0|소금, 천일염, 가는소금:0.9|까나리, 액젓:1.0|생강, 뿌리줄기, 생것:2.0|마늘, 생것:5.0|양배추, 생것:20.0|무, 조선무, 생것:50.0",
D171003,무초절임(쌈무),절임류,절임류,70.0,,,"무 절임, 쌈무:70.0",
D171002,무절임,절임류,절임류,1.0,,,"무 절임, 치킨무:1.0",
D171010,단감 피클,절임류,절임류,196.25,,,"후추, 검은색, 가루:0.05|소금, 천일염, 가는소금:2.2|레몬 착즙:6.0|설탕, 백설탕:16.0|식초, 감식초:12.0|생수:60.0|감, 단감, 생것:100.0",
D171001,단무지,절임류,절임류,70.0,,,"무 절임, 단무지:70.0",
D170009,참외장아찌,절임류,장아찌,23.0,,,"마늘, 생것:2.0|된장, 개량:3.0|고춧가루:3.0|간장, 개량, 양조:5.0|참외, 생것, 씨 제거:10.0",
D170031,움파장아찌,절임류,장아찌,80.0,,대두(콩),"간장, 개량, 양조:7.0|식초, 감식초:7.0|생수:20.0|설탕, 백설탕:6.0|파, 대파, 생것:40.0",
D170026,울외장아찌,절임류,장아찌,100.0,,,울외장아찌:100.0,
D170004,도라지장아찌,절임류,장아찌,23.0,,,"마늘, 생것:2.0|된장, 개량:3.0|고춧가루:3.0|간장, 개량, 양조:5.0|도라지, 뿌리, 생것:10.0",
D170008,오이장아찌,절임류,장아찌,40.0,,,"참기름:1.0|설탕, 백설탕:2.0|마늘, 생것:2.0|간장, 개량, 양조:5.0|오이, 취청, 생것:30.0",
D170025,염교(락교)장아찌,절임류,장아찌,100.0,,,염교(락교):100.0,
D170007,양파장아찌,절임류,장아찌,10.0,,,양파 장아찌:10.0,
D170030,양파매실장아찌,절임류,장아찌,98.0,,,"식초, 감식초:8.0|간장, 개량, 양조:8.0|매실청:7.0|들깻잎, 생것:5.0|오이, 취청, 생것:30.0|양파, 생것:40.0",
D170029,새송이버섯장아찌,절임류,장아찌,167.0,,,"식초, 감식초:14.0|생수:25.0|간장, 개량, 양조:14.0|설탕, 백설탕:12.0|다시마, 말린것:1.0|레몬, 생것:10.0|마늘, 생것:4.0|파, 대파, 생것:6.0|양파, 생것:15.0|고추, 빨간색, 생것:3.0|고추, 청양고추, 생것:3.0|큰느타리버섯(새송이버섯), 생것:60.0",
D170024,산마늘장아찌(명이나물),절임류,장아찌,100.0,,,산마늘(명이나물)장아찌:100.0,
D170032,사과장아찌,절임류,장아찌,447.0,,,"발효주, 청주, 알코올 16%:30.0|매실청:15.0|생강청:30.0|설탕, 가루:10.0|식초, 양조:30.0|간장, 개량, 양조:12.0|고추, 빨간색, 생것:20.0|고추, 초록색, 녹광, 생것:20.0|양파, 생것:80.0|사과, 아오리, 생것:200.0",
D170028,무장아찌무침,절임류,장아찌,79.0,,,"참깨, 흰색, 볶은것:1.0|참기름:2.0|설탕, 백설탕:2.0|파, 대파, 생것:3.0|마늘, 생것:2.0|식초, 감식초:7.0|간장, 개량, 양조:12.0|생수:10.0|무 절임, 단무지:40.0",
D170023,마늘종 장아찌,절임류,장아찌,100.0,,,마늘종 장아찌:100.0,
D170005,마늘장아찌,절임류,장아찌,25.0,,,마늘 장아찌:25.0,
D016037,깻잎장아찌롤,밥류,김(초)밥,401.0,,,"설탕, 가루:3.0|머스타드 소스:15.0|마요네즈:20.0|달걀, 삶은것:60.0|오이 피클:20.0|양파, 생것:20.0|참깨, 흰색, 볶은것:3.0|참기름:5.0|비타민채(다채), 어린잎, 생것:20.0|김, 김밥용김, 말린것:5.0|들깻잎장아찌:30.0|멥쌀, 백미, 신동진, 생것:200.0|설탕, 가루:3.0|머스타드 소스:15.0|마요네즈:20.0|달걀, 삶은것:60.0|오이 피클:20.0|양파, 생것:20.0|참깨, 흰색, 볶은것:3.0|참기름:5.0|비타민채(다채), 어린잎, 생것:20.0|김, 김밥용김, 말린것:5.0|들깻잎장아찌:30.0|멥쌀, 백미, 신동진, 생것:200.0",
D170002,고추장아찌,절임류,장아찌,25.0,,,고추장아찌:25.0,
D093037,호박전(애호박),전류,채소류전,48.7,,,"소금, 천일염, 가는소금:1.9|콩기름:8.0|달걀, 부침(달걀프라이):6.0|호박, 애호박, 데친것:30.2|파, 대파, 생것:0.9|밀, 중력밀가루:1.7|소금, 천일염, 가는소금:1.9|콩기름:8.0|달걀, 부침(달걀프라이):6.0|호박, 애호박, 데친것:30.2|파, 대파, 생것:0.9|밀, 중력밀가루:1.7|소금, 천일염, 가는소금:1.9|콩기름:8.0|달걀, 부침(달걀프라이):6.0|호박, 애호박, 데친것:30.2|파, 대파, 생것:0.9|밀, 중력밀가루:1.7",
D170027,가지장아찌,절임류,장아찌,1700.0,,,"고추, 빨간색, 말린것:10.0|생강, 뿌리줄기, 생것:10.0|마늘, 생것:20.0|설탕, 백설탕:60.0|식초, 감식초:70.0|간장, 개량, 양조:460.0|소금, 천일염, 가는소금:70.0|가지, 생것:1000.0",
D170001,고들빼기장아찌,절임류,장아찌,23.0,,,"마늘, 생것:2.0|된장, 개량:3.0|고춧가루:3.0|간장, 개량, 양조:5.0|고들빼기, 생것:10.0",
D093019,호박전(늙은호박),전류,채소류전,85.0,,,"소금, 천일염, 가는소금:2.0|밀, 중력밀가루:2.0|콩기름:4.0|달걀, 부침(달걀프라이):7.0|호박, 늙은호박, 찐것:70.0",
D093017,"파전(오징어, 조개살)",전류,채소류전,167.0,,,"소금, 천일염, 가는소금:2.0|마늘, 생것:4.0|조개, 살조개, 생것:10.0|달걀, 부침(달걀프라이):10.0|콩기름:11.0|오징어, 구운것:25.0|대합, 북방대합, 생것:25.0|밀, 중력밀가루:40.0|파, 대파, 생것:40.0",
D093018,피망전,전류,채소류전,62.0,,,"소금, 천일염, 가는소금:2.0|콩기름:5.0|고추, 풋고추, 생것:5.0|피망, 초록색, 데친것:10.0|들깻잎, 데친것:10.0|달걀, 부침(달걀프라이):10.0|밀, 중력밀가루:20.0",
D093050,토란대채소산적,전류,채소류전,118.45,,대두(콩),"콩기름:5.0|참기름:2.0|설탕, 백설탕:2.0|간장, 개량, 양조:1.0|밀, 부침가루:8.0|후추, 검은색, 가루:0.05|소금, 천일염, 가는소금:0.4|달걀, 생것:20.0|가지, 생것:30.0|파, 대파, 생것:10.0|토란대, 줄기, 생것:40.0",
D093016,파전(오징어),전류,채소류전,157.0,,,"소금, 천일염, 가는소금:2.0|마늘, 생것:4.0|달걀, 부침(달걀프라이):10.0|콩기름:11.0|오징어, 구운것:25.0|대합, 북방대합, 생것:25.0|밀, 중력밀가루:40.0|파, 대파, 생것:40.0",
D093051,카레감자전,전류,채소류전,378.0,,,"설탕, 가루:15.0|간장, 개량, 양조:15.0|식초, 발사믹:30.0|콩기름:30.0|루꼴라, 생것:3.0|양파, 생것:70.0|카레 소스, 가루:15.0|밀, 중력밀가루:50.0|감자, 대지, 생것:150.0",
D093015,연근전,전류,채소류전,72.0,,,"소금, 천일염, 가는소금:2.0|콩기름:5.0|밀, 중력밀가루:5.0|달걀, 부침(달걀프라이):10.0|연근, 생것:50.0",
D093049,애호박새우전,전류,채소류전,143.55,,,"후추, 검은색, 가루:0.05|파, 대파, 생것:2.0|발효주, 청주, 알코올 16%:3.0|고추, 빨간색, 생것:2.0|고추, 초록색, 녹광, 생것:2.0|콩기름:6.0|소금, 천일염, 가는소금:0.5|밀, 중력밀가루:8.0|달걀, 생것:30.0|새우, 중하, 생것:40.0|호박, 애호박, 생것:50.0",
D093048,시금치전,전류,채소류전,95.0,,,"식초, 감식초:2.0|생수:4.0|간장, 개량, 양조:3.0|콩기름:4.0|고추, 빨간색, 생것:1.0|양파, 생것:8.0|밀, 부침가루:8.0|달걀, 생것:15.0|새우, 중하, 생것:20.0|시금치, 생것:30.0",
D093014,야채전,전류,채소류전,92.0,,,"소금, 천일염, 가는소금:2.0|콩기름:5.0|고추, 풋고추, 생것:5.0|피망, 초록색, 데친것:10.0|들깻잎, 데친것:10.0|달걀, 부침(달걀프라이):10.0|밀, 중력밀가루:20.0|감자 튀김, 튀긴것:30.0",
D093047,수수배추전,전류,채소류전,135.6,,,"참깨, 흰색, 볶은것:0.5|참기름:1.0|매실청:1.0|마늘, 생것:3.0|간장, 개량, 양조:3.0|콩기름:8.0|고추, 빨간색, 생것:2.0|고추, 청양고추, 생것:2.0|생수:55.0|소금, 천일염, 가는소금:0.1|수수, 도정, 생것:15.0|밀, 부침가루:15.0|배추, 생것:30.0",
D093013,부추전,전류,채소류전,132.0,,,"소금, 천일염, 가는소금:2.0|콩기름:5.0|고추, 빨간색, 생것:5.0|고추, 풋고추, 생것:10.0|밀, 중력밀가루:20.0|담치, 참담치(홍합), 생것:30.0|오징어, 구운것:30.0|부추, 재래종, 데친것:30.0",
D180341,초간장(배추전),장류,양념류,10.0,,,"식초, 감식초:3.2|간장, 개량, 양조:6.8|식초, 감식초:3.2|간장, 개량, 양조:6.8",
D093046,메밀배추전,전류,채소류전,182.7,,대두(콩),"콩기름:8.0|참깨, 흰색, 볶은것:0.5|마늘, 생것:3.0|참기름:3.0|간장, 개량, 양조:7.0|고춧가루:1.0|파, 쪽파, 생것:10.0|배추, 생것:60.0|생수:60.0|소금, 천일염:0.2|밀, 중력밀가루:10.0|메밀, 도정, 생것:20.0",
D093012,버섯전(모둠),전류,채소류전,87.0,,,"소금, 천일염, 가는소금:2.0|콩기름:5.0|표고버섯, 참나무재배, 말린것, 삶은것:10.0|달걀, 부침(달걀프라이):10.0|밀, 중력밀가루:20.0|양송이버섯, 데친것:20.0|느타리버섯, 데친것:20.0",
D093045,리코타치즈주키니전,전류,채소류전,101.45,,,"마늘, 생것:2.0|후추, 검은색, 가루:0.05|소금, 천일염, 가는소금:0.4|콩기름:6.0|밀, 박력밀가루:8.0|달걀, 생것:20.0|치즈, 리코타:15.0|새우, 중하, 생것:20.0|호박, 쥬키니, 생것:30.0",
D093044,두릅적,전류,채소류전,144.8,,,"참깨, 흰색, 볶은것:0.5|설탕, 백설탕:2.0|마늘, 생것:2.0|파, 대파, 생것:2.0|간장, 개량, 양조:4.0|참기름:2.0|소금, 천일염, 가는소금:0.3|콩기름:6.0|밀, 중력밀가루:6.0|달걀, 생것:20.0|소고기, 한우(1등급), 우둔, 생것:40.0|두릅, 땅두릅, 생것:60.0|참깨, 흰색, 볶은것:0.5|설탕, 백설탕:2.0|마늘, 생것:2.0|파, 대파, 생것:2.0|간장, 개량, 양조:4.0|참기름:2.0|소금, 천일염, 가는소금:0.3|콩기름:6.0|밀, 중력밀가루:6.0|달걀, 생것:20.0|소고기, 한우(1등급), 우둔, 생것:40.0|두릅, 땅두릅, 생것:60.0",
D093008,더덕산적,전류,채소류전,74.0,,,"파, 쪽파, 생것:1.0|마늘, 생것:1.0|참기름:2.0|소금, 천일염, 가는소금:2.0|콩기름:3.0|밀, 중력밀가루:5.0|달걀, 부침(달걀프라이):10.0|더덕, 뿌리, 생것:50.0",
D093043,더덕들깨전병,전류,채소류전,80.0,,잣,"잣, 생것:2.0|대추, 말린것:3.0|콩기름:5.0|소금, 천일염, 가는소금:2.0|간장, 개량, 양조:4.0|물엿:3.0|레몬 착즙:3.0|포도씨유:3.0|찹쌀, 백미, 생것:12.0|더덕, 뿌리, 생것:40.0|들깨, 볶은것:3.0",
D093041,고사리전,전류,채소류전,126.1,,,"참깨, 흰색, 볶은것:0.5|생수:4.0|식초, 감식초:1.5|고춧가루:0.5|콩기름:3.0|소금, 천일염, 가는소금:0.1|들기름:2.0|맛술:3.0|간장, 개량, 양조:3.5|설탕, 백설탕:1.0|고추, 빨간색, 생것:2.0|고추, 초록색, 녹광, 생것:2.0|밀, 부침가루:8.0|달걀, 생것:20.0|소고기, 한우(1등급), 설도, 생것:15.0|당근, 뿌리, 생것:10.0|양파, 생것:10.0|고사리, 데친것:40.0",
D093052,단호박 마전,전류,채소류전,103.3,,,"소금, 천일염, 가는소금:0.3|대추, 말린것:1.0|생수:2.0|찹쌀, 백미, 가루:5.0|밀, 중력밀가루:5.0|마늘, 생것:20.0|호박, 단호박, 생것:70.0",
D093006,깻잎전,전류,채소류전,57.0,,,"소금, 천일염, 가는소금:2.0|콩기름:5.0|달걀, 부침(달걀프라이):10.0|들깻잎, 데친것:20.0|밀, 중력밀가루:20.0",
D093007,깻잎전(소고기),전류,채소류전,77.0,,,"소금, 천일염, 가는소금:2.0|콩기름:5.0|달걀, 부침(달걀프라이):10.0|소고기, 한우, 등심, 구운것(팬):20.0|들깻잎, 데친것:20.0|밀, 중력밀가루:20.0",
D093005,김치전,전류,채소류전,258.0,,,"파, 대파, 생것:6.0|콩기름:17.0|달걀, 부침(달걀프라이):30.0|다랑어, 가다랑어, 통조림, 유지:30.0|밀, 중력밀가루:45.0|양파, 데친것:50.0|김치, 배추 김치:80.0",
D093042,기장 감자채전,전류,채소류전,176.0,,대두(콩),"콩기름:15.0|양파, 생것:10.0|달걀, 생것:15.0|생수:15.0|밀, 부침가루:8.0|감자, 대지, 생것:90.0|김치, 배추 김치:15.0|기장, 도정, 생것:8.0",
D093004,고추전,전류,채소류전,146.0,,,"참기름:2.0|소금, 천일염, 가는소금:2.0|마늘, 생것:2.0|파, 대파, 생것:5.0|콩기름:5.0|두부:10.0|고추, 풋고추, 생것:10.0|밀, 중력밀가루:30.0|돼지고기, 등심, 구운것(팬):30.0|달걀, 부침(달걀프라이):50.0",
D093003,고구마전,전류,채소류전,106.0,,,"소금, 천일염, 가는소금:1.0|콩기름:5.0|밀, 중력밀가루:10.0|달걀, 부침(달걀프라이):15.0|고구마, 점질(호박) 고구마, 구운것:75.0",
D093002,감자전,전류,채소류전,106.0,,,"소금, 천일염, 가는소금:1.0|콩기름:5.0|밀, 중력밀가루:10.0|달걀, 부침(달걀프라이):15.0|감자 튀김, 튀긴것:75.0",
D093001,가지전,전류,채소류전,97.0,,,"소금, 천일염, 가는소금:2.0|콩기름:5.0|밀, 중력밀가루:10.0|달걀, 부침(달걀프라이):10.0|가지, 데친것:70.0",
D092009,화양적,전류,육류전,111.0,,,"후추, 검은색, 가루:1.0|소금, 천일염, 가는소금:1.0|마늘, 생것:1.0|콩기름:3.0|고추, 풋고추, 생것:5.0|달걀, 부침(달걀프라이):10.0|파, 대파, 생것:20.0|오이, 다다기, 생것:30.0|소고기, 한우, 등심, 구운것(팬):40.0",
D092015,육전 야채쌈,전류,육류전,137.0,,,"설탕, 백설탕:5.0|식초, 감식초:6.0|겨자 페이스트:2.0|후추, 검은색, 가루:0.1|소금, 천일염, 가는소금:0.9|콩기름:7.0|찹쌀, 백미, 가루:8.0|파프리카, 빨간색, 생것:16.0|파프리카, 노란색, 생것:16.0|양파, 생것:16.0|들깻잎, 생것:10.0|소고기, 한우, 등심, 생것:50.0",
D092008,햄부침,전류,육류전,82.0,,,"후추, 검은색, 가루:1.0|소금, 천일염, 가는소금:1.0|콩기름:5.0|밀, 중력밀가루:15.0|달걀, 부침(달걀프라이):20.0|햄, 등심햄:40.0",
D092007,완자전(소고기),전류,육류전,121.0,,,"후추, 검은색, 가루:1.0|소금, 천일염, 가는소금:1.0|마늘, 생것:1.0|파, 쪽파, 생것:5.0|콩기름:5.0|밀, 중력밀가루:8.0|달걀, 부침(달걀프라이):10.0|양파, 데친것:20.0|두부:30.0|소고기, 한우, 등심, 구운것(팬):40.0",
D092006,완자전(돼지고기),전류,육류전,113.0,,,"후추, 검은색, 가루:1.0|소금, 천일염, 가는소금:1.0|마늘, 생것:1.0|콩기름:5.0|당근, 뿌리, 데친것:5.0|밀, 중력밀가루:10.0|양파, 데친것:20.0|두부:30.0|돼지고기, 등심, 구운것(팬):40.0",
D092014,옥수수고기완자전,전류,육류전,154.65,,대두(콩),"콩기름:7.0|생강, 뿌리줄기, 생것:2.0|후추, 검은색, 가루:0.05|소금, 천일염, 가는소금:0.6|간장, 개량, 양조:3.0|양파, 생것:10.0|부추, 재래종, 생것:8.0|당근, 뿌리, 생것:6.0|달걀, 생것:20.0|밀, 중력밀가루:8.0|옥수수, 단옥수수, 생것:30.0|두부:20.0|돼지고기, 등심, 생것:40.0",
D092005,소시지부침,전류,육류전,94.0,,,"소금, 천일염, 가는소금:1.0|콩기름:8.0|달걀, 부침(달걀프라이):25.0|소시지, 프랑크푸르트소시지:60.0",
D092004,소고기전,전류,육류전,92.0,,,"후추, 검은색, 가루:1.0|소금, 천일염, 가는소금:1.0|콩기름:5.0|밀, 중력밀가루:5.0|달걀, 부침(달걀프라이):20.0|소고기, 한우, 등심, 구운것(팬):60.0",
D092003,소고기내장전(천엽),전류,육류전,93.0,,,"후추, 검은색, 가루:1.0|소금, 천일염, 가는소금:2.0|콩기름:5.0|밀, 중력밀가루:5.0|달걀, 부침(달걀프라이):20.0|소 부산물, 천엽, 생것:60.0",
D092002,소간전,전류,육류전,92.0,,,"후추, 검은색, 가루:1.0|소금, 천일염, 가는소금:1.0|콩기름:5.0|밀, 중력밀가루:5.0|달걀, 부침(달걀프라이):20.0|소 부산물, 간, 생것:60.0",
D092016,미역 닭가슴살전,전류,육류전,311.0,,,"참깨, 흰색, 볶은것:1.0|고추냉이, 페이스트:5.0|레몬 착즙:10.0|식초, 양조:15.0|간장, 개량, 양조:30.0|달걀, 생것:60.0|당근, 뿌리, 생것:10.0|파, 대파, 생것:10.0|고추, 청양고추, 생것:10.0|두부:50.0|미역, 말린것:10.0|닭고기, 가슴, 생것:100.0",
D092001,돼지고기전,전류,육류전,92.0,,,"후추, 검은색, 가루:1.0|소금, 천일염, 가는소금:1.0|콩기름:5.0|밀, 중력밀가루:5.0|달걀, 부침(달걀프라이):20.0|돼지고기, 등심, 구운것(팬):60.0",
D092013,겨자깨소스를 곁들인 소고기찹쌀전,전류,육류전,156.05,,대두(콩),"콩기름:6.0|참깨, 흰색, 볶은것:1.0|마요네즈:3.0|참기름:2.0|마늘, 생것:3.0|생수:6.0|매실청:4.0|식초, 감식초:3.0|겨자 페이스트:1.0|후추, 검은색, 가루:0.05|발효주, 청주, 알코올 16%:3.0|간장, 개량, 양조:7.0|상추, 결구(양상추), 녹색, 생것:10.0|치커리, 잎, 생것:8.0|비타민채(다채), 생것:8.0|토마토, 방울토마토, 생것:25.0|무 절임, 쌈무:20.0|찹쌀, 백미, 가루:6.0|소고기, 한우(1등급), 우둔, 생것:40.0",
D091013,홍합전,전류,어패류전,131.0,,,"소금, 천일염, 가는소금:1.0|콩기름:5.0|파, 대파, 생것:10.0|밀, 중력밀가루:15.0|달걀, 부침(달걀프라이):20.0|담치, 참담치(홍합), 생것:80.0",
D091012,해물파전,전류,어패류전,146.0,,,"소금, 천일염, 가는소금:1.0|콩기름:5.0|고추, 풋고추, 생것:5.0|담치, 참담치(홍합), 생것:10.0|조개, 살조개, 생것:10.0|양파, 데친것:10.0|새우, 중하, 생것:10.0|부추, 재래종, 데친것:10.0|밀, 중력밀가루:10.0|달걀, 부침(달걀프라이):15.0|파, 대파, 생것:20.0|오징어, 구운것:40.0",
D091023,우리밀싹 명란달걀말이,전류,어패류전,102.1,,대두(콩),"콩기름:4.0|소금, 천일염, 가는소금:0.1|맛술:3.0|달걀, 생것:60.0|명태, 알, 양념젓갈(명란젓):15.0|메밀, 싹, 생것:20.0",
D091010,오징어전,전류,어패류전,183.0,,,"후추, 검은색, 가루:1.0|소금, 천일염, 가는소금:2.0|밀, 부침가루:10.0|피망, 초록색, 데친것:20.0|옥수수, 통조림, 가당:20.0|달걀, 부침(달걀프라이):30.0|오징어, 냉동:100.0",
D091011,참치전,전류,어패류전,44.0,,,"후추, 검은색, 가루:1.0|소금, 천일염, 가는소금:1.0|콩기름:5.0|밀, 중력밀가루:5.0|달걀, 부침(달걀프라이):12.0|다랑어, 가다랑어, 통조림, 유지:20.0",
D091009,어묵부침,전류,어패류전,92.0,,,"후추, 검은색, 가루:1.0|소금, 천일염, 가는소금:1.0|콩기름:5.0|밀, 중력밀가루:15.0|달걀, 부침(달걀프라이):20.0|어묵:50.0",
D091022,깻잎 새우전,전류,어패류전,102.05,,대두(콩),"콩기름:3.0|밀, 부침가루:4.0|달걀, 생것:30.0|후추, 검은색, 가루:0.05|파, 대파, 생것:5.0|들깻잎, 생것:10.0|새우, 중하, 생것:50.0|콩기름:3.0|밀, 부침가루:4.0|달걀, 생것:30.0|후추, 검은색, 가루:0.05|파, 대파, 생것:5.0|들깻잎, 생것:10.0|새우, 중하, 생것:50.0",
D091005,대구전,전류,어패류전,96.0,,,"후추, 검은색, 가루:1.0|소금, 천일염, 가는소금:1.0|마늘, 생것:2.0|콩기름:5.0|밀, 중력밀가루:5.0|달걀, 부침(달걀프라이):12.0|대구, 포, 말린것:70.0",
D091007,병어전,전류,어패류전,109.0,,대두(콩),"콩기름:2.0|소금, 천일염, 가는소금:2.0|밀, 중력밀가루:5.0|달걀, 부침(달걀프라이):20.0|병어, 생것:80.0",
D091006,동태전,전류,어패류전,96.0,,,"후추, 검은색, 가루:1.0|소금, 천일염, 가는소금:1.0|마늘, 생것:2.0|콩기름:5.0|밀, 중력밀가루:5.0|달걀, 부침(달걀프라이):12.0|명태, 구운것:70.0",
D091004,굴전,전류,어패류전,113.0,,,"소금, 천일염, 가는소금:1.0|파, 대파, 생것:2.0|콩기름:5.0|달걀, 부침(달걀프라이):10.0|밀, 중력밀가루:15.0|굴, 튀긴것(튀김옷):80.0",
D091021,고춧잎 조갯살전,전류,어패류전,176.0,,대두(콩),"콩기름:12.0|식초, 감식초:6.0|간장, 개량, 양조:8.0|고추, 빨간색, 생것:3.0|고추, 초록색, 녹광, 생것:2.0|참깨, 검은색, 볶은것:1.0|생수:30.0|달걀, 생것:20.0|감자, 부침가루:12.0|바지락, 생것:40.0|양파, 생것:12.0|고춧잎, 생것:30.0",
D091003,고등어전,전류,어패류전,108.0,,대두(콩),"콩기름:1.0|소금, 천일염, 가는소금:2.0|밀, 중력밀가루:5.0|달걀, 부침(달걀프라이):20.0|고등어, 구운것:80.0",
D091002,게맛살전(느타리버섯),전류,어패류전,92.0,,,"소금, 천일염, 가는소금:2.0|콩기름:10.0|밀, 중력밀가루:10.0|느타리버섯, 데친것:10.0|게맛살, 어육함량이 낮은것:20.0|파, 쪽파, 생것:20.0|달걀, 부침(달걀프라이):20.0",
D091001,게맛살전,전류,어패류전,113.0,,,"소금, 천일염, 가는소금:1.0|파, 대파, 생것:2.0|콩기름:5.0|달걀, 부침(달걀프라이):10.0|밀, 중력밀가루:15.0|게맛살, 어육함량이 낮은것:80.0",
D095040,토란 수수 지짐이,전류,기타 전류,171.2,,,"꿀:6.0|생수:80.0|콩기름:4.0|소금, 천일염, 가는소금:1.2|찹쌀, 백미, 가루:20.0|수수, 찰수수, 도정, 생것:20.0|토란, 생것:40.0",
D095015,찹쌀전병,전류,기타 전류,56.0,,,"소금, 천일염, 가는소금:1.0|콩기름:5.0|찹쌀, 백미, 생것:50.0",
D095041,일본식 계란말이,전류,기타 전류,210.0,,,"생수:30.0|맛술:5.0|설탕, 가루:5.0|다시마, 말린것:10.0|다랑어, 가다랑어 육수:10.0|달걀, 생것:150.0",
D095014,오믈렛(두부),전류,기타 전류,100.0,,,"소금, 천일염, 가는소금:1.0|파, 쪽파, 생것:3.0|콩기름:5.0|옥수수, 통조림, 가당:5.0|양송이버섯, 데친것:6.0|햄, 통조림, 돼지고기와 닭고기 함유:10.0|우유:10.0|두부:10.0|달걀, 부침(달걀프라이):50.0",
D095013,오믈렛,전류,기타 전류,90.0,,,"소금, 천일염, 가는소금:1.0|파, 쪽파, 생것:3.0|콩기름:5.0|옥수수, 통조림, 가당:5.0|양송이버섯, 데친것:6.0|햄, 통조림, 돼지고기와 닭고기 함유:10.0|우유:10.0|달걀, 부침(달걀프라이):50.0",
D095011,수수부침,전류,기타 전류,56.0,,,"소금, 천일염, 가는소금:1.0|콩기름:5.0|수수, 찰수수, 도정, 생것:50.0",
D095038,새싹달걀말이,전류,기타 전류,150.4,,난류,"마요네즈:8.0|땅콩 버터:2.0|참깨, 흰색, 볶은것:0.8|식초, 감식초:4.0|설탕, 백설탕:4.0|콩기름:1.0|전분, 감자, 가루:2.0|소금, 천일염, 가는소금:0.6|발효주, 청주, 알코올 16%:2.0|참나물, 야생, 생것:8.0|달걀, 생것:60.0|닭고기, 가슴, 생것:30.0|오이, 취청, 생것:20.0|비타민채(다채), 어린잎, 생것:8.0",
D095012,스크램블드에그,전류,기타 전류,56.0,,,"소금, 천일염, 가는소금:1.0|버터, 가염:5.0|우유:10.0|달걀, 부침(달걀프라이):40.0",
D095039,수수밀쌈,전류,기타 전류,136.7,,,"겨자 페이스트:1.0|식초, 감식초:2.0|간장, 개량, 양조:3.0|설탕, 백설탕:2.0|콩기름:5.0|파, 대파, 생것:2.0|간장, 재래:1.0|참깨, 흰색, 볶은것:0.5|참기름:3.0|소금, 천일염, 가는소금:0.2|참나물, 야생, 생것:10.0|생수:55.0|밀, 중력밀가루:10.0|수수, 도정, 생것:20.0|도라지, 뿌리, 생것:8.0|당근, 뿌리, 생것:8.0|표고버섯, 참나무재배, 말린것:3.0|고춧잎, 말린것:3.0",
D095043,삼색 꽃 화전,전류,기타 전류,140.0,,,"꿀:20.0|설탕, 가루:15.0|타임, 가루:5.0|진달래꽃, 생것:5.0|치자꽃, 생것:5.0|시금치, 생것:30.0|찹쌀, 백미, 가루:60.0",
D095010,빈대떡(돼지고기),전류,기타 전류,88.0,,,"소금, 천일염, 가는소금:2.0|콩기름:6.0|파, 대파, 생것:10.0|고사리, 데친것:10.0|찹쌀, 백미, 가루:20.0|숙주나물, 데친것:20.0|돼지고기, 등심, 구운것(팬):20.0",
D095037,목이버섯전,전류,기타 전류,128.0,,대두(콩),"간장, 개량, 양조:4.0|식초, 감식초:4.0|생수:25.0|설탕, 백설탕:3.0|콩기름:4.0|들기름:1.0|당근, 뿌리, 생것:10.0|달걀, 생것:20.0|밀, 부침가루:15.0|양파, 생것:12.0|표고버섯, 참나무재배, 생것:15.0|목이버섯, 생것:15.0",
D095009,떡산적,전류,기타 전류,142.0,,,"후추, 검은색, 가루:1.0|소금, 천일염, 가는소금:1.0|마늘, 생것:1.0|설탕, 백설탕:2.0|간장, 개량, 양조:2.0|콩기름:10.0|파, 대파, 생것:15.0|소고기, 한우, 등심, 구운것(팬):30.0|당근, 뿌리, 데친것:30.0|멥쌀떡, 가래떡:50.0",
D095008,두부전(돼지고기),전류,기타 전류,116.0,,,"소금, 천일염, 가는소금:1.0|밀, 중력밀가루:5.0|달걀, 부침(달걀프라이):10.0|돼지고기, 등심, 구운것(팬):20.0|두부:80.0",
D095007,두부전,전류,기타 전류,96.0,,,"소금, 천일염, 가는소금:1.0|밀, 중력밀가루:5.0|달걀, 부침(달걀프라이):10.0|두부:80.0",
D095006,두부부침,전류,기타 전류,111.0,,,"파, 대파, 생것:2.0|소금, 천일염, 가는소금:2.0|밀, 중력밀가루:4.0|콩기름:5.0|달걀, 부침(달걀프라이):23.0|두부:75.0",
D014132,청국장볶음밥,밥류,비빔밥 및 볶음밥류,330.0,,,"들기름:8.0|올리브유:10.0|들깨, 볶은것:2.0|청국장:30.0|다시마, 말린것:2.0|미나리, 물미나리, 생것:5.0|들깻잎, 생것:5.0|참나물, 재배, 생것:10.0|시금치, 생것:5.0|마늘, 생것:3.0|우엉, 생것:15.0|호박, 애호박, 생것:15.0|당근, 뿌리, 생것:15.0|연근, 생것:15.0|양파, 생것:15.0|고구마, 생것:15.0|감자, 대지, 생것:30.0|멥쌀, 현미, 신동진, 생것:30.0|멥쌀, 백미, 신동진, 생것:100.0|들기름:8.0|올리브유:10.0|들깨, 볶은것:2.0|청국장:30.0|다시마, 말린것:2.0|미나리, 물미나리, 생것:5.0|들깻잎, 생것:5.0|참나물, 재배, 생것:10.0|시금치, 생것:5.0|마늘, 생것:3.0|우엉, 생것:15.0|호박, 애호박, 생것:15.0|당근, 뿌리, 생것:15.0|연근, 생것:15.0|양파, 생것:15.0|고구마, 생것:15.0|감자, 대지, 생것:30.0|멥쌀, 현미, 신동진, 생것:30.0|멥쌀, 백미, 신동진, 생것:100.0",
D095036,기장두부패티,전류,기타 전류,212.7,,대두(콩),"콩기름:20.0|포크커틀릿 소스:16.0|후추, 검은색, 가루:0.1|소금, 천일염, 가는소금:0.6|파프리카, 노란색, 생것:20.0|밀, 빵가루:6.0|달걀, 생것:20.0|양송이버섯, 생것:15.0|양파, 생것:20.0|두부:80.0|기장, 도정, 생것:15.0",
D095005,계란프라이,전류,기타 전류,55.0,,,"소금, 천일염, 가는소금:2.0|콩기름:3.0|달걀, 부침(달걀프라이):50.0",
D095004,"계란부침(양파, 실파)",전류,기타 전류,78.0,,,"소금, 천일염, 가는소금:1.0|콩기름:3.0|당근, 뿌리, 데친것:6.0|파, 쪽파, 생것:8.0|양파, 데친것:10.0|달걀, 부침(달걀프라이):50.0",
D095001,계란말이,전류,기타 전류,78.0,,,"소금, 천일염, 가는소금:1.0|콩기름:3.0|당근, 뿌리, 데친것:6.0|파, 쪽파, 생것:8.0|양파, 데친것:10.0|달걀, 부침(달걀프라이):50.0",
D095003,"계란부침(양파, 당근)",전류,기타 전류,78.0,,대두(콩),"콩기름:1.0|소금, 천일염, 가는소금:2.0|파, 대파, 생것:5.0|양파, 데친것:10.0|당근, 뿌리, 데친것:10.0|달걀, 부침(달걀프라이):50.0",
D095002,계란부침(김말이),전류,기타 전류,54.0,,대두(콩),"콩기름:1.0|소금, 천일염, 가는소금:1.0|김, 참김, 구운것:2.0|달걀, 부침(달걀프라이):50.0",
D095035,검은콩전,전류,기타 전류,88.5,,대두(콩),"콩기름:8.0|찹쌀, 백미, 가루:5.0|밀, 중력밀가루:10.0|달걀, 생것:15.0|소금, 천일염, 가는소금:0.5|부추, 재래종, 생것:15.0|당근, 뿌리, 생것:10.0|표고버섯, 참나무재배, 생것:10.0|대두, 검은색, 서리태, 말린것:15.0",
D180009,참기름장,장류,양념류,6.0,,,"소금, 천일염, 가는소금:2.0|참기름:4.0",
D014116,산채비빔밥&표고약고추장,밥류,비빔밥 및 볶음밥류,347.5,,대두(콩),"간장, 개량, 양조:0.5|소금, 천일염:0.5|참깨, 흰색, 볶은것:1.0|설탕, 백설탕:1.0|콩기름:1.0|참기름:2.0|찹쌀, 백미, 생것:5.0|상추, 잎상추, 치마상추, 녹색, 생것:5.0|당근, 뿌리, 생것:10.0|도라지, 뿌리, 생것:10.0|표고버섯, 배지재배, 생것:10.0|고비, 야생, 삶아서 말린것:20.0|소고기, 한우(1++등급), 목심, 생것:21.5|취나물, 곰취, 재배, 말린것:25.0|무, 조선무, 생것:30.0|호박, 애호박, 생것:30.0|콩나물, 생것:40.0|달걀, 생것:60.0|멥쌀, 백미, 생것:75.0",
D180345,양념고추장,장류,양념류,93.0,,,"마늘, 생것:6.0|참기름:2.0|꿀:10.0|소고기, 한우(1등급), 우둔, 생것:20.0|고추장, 개량:40.0",
D180008,양념간장(참기름),장류,양념류,11.0,,,"소금, 천일염, 가는소금:1.0|마늘, 생것:1.0|간장, 재래:2.0|참기름:2.0|파, 대파, 생것:5.0",
D180007,양념간장,장류,양념류,9.0,,,"소금, 천일염, 가는소금:1.0|마늘, 생것:1.0|간장, 재래:2.0|파, 대파, 생것:5.0",
D081069,저염된장삼치구이,구이류,어패류구이,245.0,,,"고추, 빨간색, 생것:20.0|고추, 초록색, 녹광, 생것:15.0|마늘, 다진것:5.0|유자청:15.0|발효주, 청주, 알코올 16%:15.0|미소:15.0|전분, 감자, 가루:10.0|치커리, 잎, 생것:30.0|삼치, 생것:120.0|고추, 빨간색, 생것:20.0|고추, 초록색, 녹광, 생것:15.0|마늘, 다진것:5.0|유자청:15.0|발효주, 청주, 알코올 16%:15.0|미소:15.0|전분, 감자, 가루:10.0|치커리, 잎, 생것:30.0|삼치, 생것:120.0",
D180005,쌈장,장류,양념류,4.0,,대두(콩),쌈장:4.0,
D180343,된장(재래),장류,양념류,100.0,,대두(콩),"된장, 재래:100.0",
D180346,늙은 호박 강된장,장류,양념류,246.0,,,"고춧가루:1.0|된장, 개량:12.0|마늘, 생것:3.0|콩기름:2.0|멸치 육수:150.0|다시마, 말린것:1.0|고추, 청양고추, 생것:2.0|파, 대파, 생것:5.0|호박, 애호박, 생것:20.0|양파, 생것:10.0|호박, 늙은호박, 생것:40.0",
D083003,더덕구이(고추장),구이류,기타 구이류,70.0,,,"참기름:1.0|마늘, 생것:1.0|참깨, 흰색, 볶은것:1.0|콩기름:2.0|파, 쪽파, 생것:3.0|설탕, 백설탕:3.0|간장, 개량, 양조:4.0|고추장, 개량:5.0|더덕, 뿌리, 생것:50.0|참기름:1.0|마늘, 생것:1.0|참깨, 흰색, 볶은것:1.0|콩기름:2.0|파, 쪽파, 생것:3.0|설탕, 백설탕:3.0|간장, 개량, 양조:4.0|고추장, 개량:5.0|더덕, 뿌리, 생것:50.0",
D180342,고추장(재래),장류,양념류,100.0,,대두(콩),"고추장, 재래:100.0",
D180340,간장양념장,장류,양념류,15.3,,,"후추, 검은색, 가루:0.2|참기름:0.5|참깨, 흰색, 볶은것:0.3|마늘, 생것:1.1|파, 대파, 생것:1.5|설탕, 백설탕:2.6|간장, 개량, 양조:5.0",
D180002,간장(재래),장류,양념류,4.0,,대두(콩),"간장, 재래:4.0",
D180001,간장(양조),장류,양념류,4.0,,대두(콩),"간장, 개량, 양조:4.0",
D203046,홍차(추출),음료류,차류,100.0,,,홍차:100.0,
D203047,홍차(티백),음료류,차류,100.0,,,홍차:100.0,
D203050,"홍차(복숭아,가루)",음료류,차류,100.0,,,"홍차, 복숭아, 가루:100.0",
D203049,홍삼차(액상),음료류,차류,100.0,,,홍삼 음료:100.0,
D203045,홍삼차(가루),음료류,차류,100.0,,,"홍삼차, 가루:100.0",
D203044,헛개차,음료류,차류,100.0,,,헛개 음료:100.0,
D203012,"코코아(밀크코코아, 가루 )",음료류,차류,15.0,,우유,"코코아, 밀크코코아, 가루:15.0",
D203011,커피(캔),음료류,차류,200.0,,우유,"커피, 캔:200.0",
D203010,커피(인스턴트),음료류,차류,100.0,,우유,"커피, 커피가루, 설탕, 크림, 물에 탄것(중량 12g):100.0",
D203043,카모마일차(추출),음료류,차류,100.0,,,카모마일차:100.0,
D203042,치커리차(말린것),음료류,차류,100.0,,,"치커리차, 말린것:100.0",
D203009,율무차,음료류,차류,15.0,,,"율무차, 가루:15.0",
D203041,인삼차(가루),음료류,차류,100.0,,,"인삼차, 과립차, 가루:100.0",
D203039,우롱차(캔),음료류,차류,100.0,,,"우롱차, 캔:100.0",
D203040,유자차(당절임),음료류,차류,200.0,,,유자청:100.0|유자청:100.0,
D203038,우롱차(추출),음료류,차류,100.0,,,우롱차:100.0,
D203008,오미자차,음료류,차류,5.0,,,"오미자, 추출:5.0",
D203037,야콘차(추출),음료류,차류,100.0,,,야콘차:100.0,
D203036,쑥차(말린것),음료류,차류,100.0,,,"쑥차, 말린것:100.0",
D203007,쌍화차,음료류,차류,15.0,,,"설탕, 백설탕:5.0|쌍화차, 가루:10.0",
D203005,수정과,음료류,차류,64.0,,잣,"잣, 볶은것:1.0|계피, 가루:3.0|설탕, 백설탕:5.0|생강, 뿌리줄기, 생것:8.0|설탕, 흑설탕:17.0|감, 떫은감, 곶감, 반건시:30.0",
D201034,식혜(캔),음료류,기타 음료류,100.0,,,"식혜, 캔:100.0|식혜, 캔:100.0",
D203048,생강차(당절임),음료류,차류,100.0,,,생강청:100.0,
D203035,생강차(가루),음료류,차류,100.0,,,"생강차, 가루:100.0",
D203051,생강대추차,음료류,차류,36.0,,,"꿀:17.0|식초, 감식초:2.0|대추, 말린것:5.0|생강, 뿌리줄기, 생것:12.0",
D203034,상지차,음료류,차류,100.0,,,"상지차, 말린것:100.0",
D203033,사과차,음료류,차류,100.0,,,사과차:100.0,
D203032,보이차,음료류,차류,100.0,,,보이차:100.0,
D203004,보리차,음료류,차류,100.0,,,보리차:100.0,
D203031,민들레차,음료류,차류,100.0,,,민들레차:100.0,
D203030,둥글레차(티백),음료류,차류,100.0,,,둥굴레차:100.0,
D203029,둥글레차(추출),음료류,차류,100.0,,,둥굴레차:100.0,
D203028,두충차(가루),음료류,차류,100.0,,,"두충차, 가루:100.0",
D203027,도라지차(추출),음료류,차류,100.0,,,도라지차:100.0,
D203026,대추차(추출),음료류,차류,100.0,,,대추차:100.0,
D203025,다래나무순차(추출),음료류,차류,100.0,,,다래나무순차:100.0,
D203024,녹차라떼(가루),음료류,차류,100.0,,,"녹차라테, 가루:100.0",
D203003,녹차(현미),음료류,차류,15.0,,,"녹차, 현미:15.0",
D017004,녹차밥,밥류,기타,92.3,,,"녹차, 현미:0.3|찹쌀, 현미, 흑미, 생것:2.0|멥쌀, 백미, 생것:90.0|녹차, 현미:0.3|찹쌀, 현미, 흑미, 생것:2.0|멥쌀, 백미, 생것:90.0",
D203023,국화차(말린것),음료류,차류,100.0,,,"국화차, 말린것:100.0",
D203022,구절초차(말린것),음료류,차류,100.0,,,"구절초차, 말린것:100.0",
D203021,구기자차(말린것),음료류,차류,100.0,,,"구기자차, 말린것:100.0",
D203020,계피차(가루),음료류,차류,100.0,,,"계피차, 가루:100.0",
D203001,결명자차,음료류,차류,2.0,,,"결명자차, 말린것:2.0",
D201003,화채(수박),음료류,기타 음료류,150.0,,,"탄산 음료, 사이다:50.0|수박, 적육질, 생것:100.0",
D203019,감잎차(가루),음료류,차류,100.0,,,감잎차:100.0,
D201049,토닉워터,음료류,기타 음료류,100.0,,,토닉워터:100.0,
D201048,탄산음료(포도소다),음료류,기타 음료류,100.0,,,"탄산 음료, 포도소다:100.0",
D201047,탄산음료(파인애플소다),음료류,기타 음료류,100.0,,,"탄산 음료, 파인애플소다:100.0",
D201045,탄산음료(콜라),음료류,기타 음료류,100.0,,,"탄산 음료, 콜라:100.0",
D201044,탄산음료(진저에일),음료류,기타 음료류,100.0,,,"탄산 음료, 진저에일:100.0",
D201043,탄산음료(저칼로리콜라),음료류,기타 음료류,100.0,,,"탄산 음료, 저칼로리콜라:100.0",
D201042,탄산음료(요구르트소다),음료류,기타 음료류,100.0,,,"탄산 음료, 요구르트소다:100.0",
D201041,탄산음료(오렌지소다),음료류,기타 음료류,100.0,,,"탄산 음료, 오렌지소다:100.0",
D201040,탄산음료(소다수),음료류,기타 음료류,100.0,,,"탄산 음료, 소다수:100.0",
D201039,탄산음료(사이다),음료류,기타 음료류,100.0,,,"탄산 음료, 사이다:100.0",
D201038,탄산음료(보리소다),음료류,기타 음료류,100.0,,,"탄산 음료, 보리소다:100.0",
D015073,코코넛밀크새우그린커리,밥류,덮밥 및 국밥류,252.0,,대두(콩),"콩기름:2.0|양송이버섯, 생것:10.0|시금치, 생것:10.0|피망, 초록색, 생것:10.0|양파, 생것:20.0|감자, 대지, 생것:20.0|호박, 단호박, 생것:20.0|카레 소스, 가루:20.0|새우, 흰다리새우, 생것:30.0|코코넛, 코코넛밀크:30.0|멥쌀, 백미, 생것:80.0|콩기름:2.0|양송이버섯, 생것:10.0|시금치, 생것:10.0|피망, 초록색, 생것:10.0|양파, 생것:20.0|감자, 대지, 생것:20.0|호박, 단호박, 생것:20.0|카레 소스, 가루:20.0|새우, 흰다리새우, 생것:30.0|코코넛, 코코넛밀크:30.0|멥쌀, 백미, 생것:80.0",
D201037,탄산음료(레몬소다),음료류,기타 음료류,100.0,,,"탄산 음료, 레몬소다:100.0",
D201028,커피(에스프레소),음료류,기타 음료류,100.0,,,"커피, 에스프레소:100.0",
D201026,커피(무카페인),음료류,기타 음료류,100.0,,,"커피, 커피가루, 디카페인:100.0",
D201024,칡즙,음료류,기타 음료류,100.0,,,칡즙:100.0,
D201036,이온음료(레몬향),음료류,기타 음료류,100.0,,,"이온 음료, 레몬향:100.0",
D201053,참외스무디,음료류,기타 음료류,245.0,,,"꿀:12.0|아몬드, 볶은것:3.0|생수:80.0|요구르트, 호상, 플레인:50.0|참외, 생것, 씨 제거:100.0",
D201027,아메리카노(2샷),음료류,기타 음료류,100.0,,,"커피, 아메리카노(2샷):100.0",
D201035,쌀음료,음료류,기타 음료류,100.0,,,쌀 음료:100.0,
D201033,쉐이크(초콜릿맛),음료류,기타 음료류,100.0,,우유,"셰이크, 초콜릿맛:100.0",
D201032,쉐이크(바닐라맛),음료류,기타 음료류,100.0,,우유,"셰이크, 바닐라맛:100.0",
D201031,쉐이크(딸기맛),음료류,기타 음료류,100.0,,우유,"셰이크, 딸기맛:100.0",
D201023,매실음료,음료류,기타 음료류,100.0,,,매실 음료:100.0,
D201030,레모네이드,음료류,기타 음료류,100.0,,,레모네이드:100.0,
D201052,두유(콩국물),음료류,기타 음료류,100.0,,대두(콩),"두유, 콩국물, 소금 0.3%:100.0",
D201051,"두유(검은콩,검은참깨)",음료류,기타 음료류,100.0,,대두(콩),"두유, 검은콩, 검은참깨:100.0",
D201050,두유(검은콩),음료류,기타 음료류,100.0,,대두(콩),"두유, 검은콩:100.0",
D053070,두유버섯들깨탕,국(탕)류,곰국 및 탕류,350.3,,,"소금, 천일염, 가는소금:2.3|파, 쪽파, 생것:3.0|느타리버섯, 생것:30.0|감자, 대지, 생것:70.0|들깨, 볶은것:5.0|두유, 대두:100.0|두부:20.0|생수:100.0|대두, 노란색, 삶은것:20.0|소금, 천일염, 가는소금:2.3|파, 쪽파, 생것:3.0|느타리버섯, 생것:30.0|감자, 대지, 생것:70.0|들깨, 볶은것:5.0|두유, 대두:100.0|두부:20.0|생수:100.0|대두, 노란색, 삶은것:20.0|소금, 천일염, 가는소금:2.3|파, 쪽파, 생것:3.0|느타리버섯, 생것:30.0|감자, 대지, 생것:70.0|들깨, 볶은것:5.0|두유, 대두:100.0|두부:20.0|생수:100.0|대두, 노란색, 삶은것:20.0",
D201029,기능성음료,음료류,기타 음료류,100.0,,,"혼합 음료, 비타민C 함유:100.0",
D200008,호박즙,음료류,과채류,100.0,,,호박즙:100.0,
D200005,포도주스(천연과즙),음료류,과채류,200.0,,,포도 주스:200.0,
D200022,파인애플주스,음료류,과채류,100.0,,,파인애플 주스:100.0,
D200004,토마토주스,음료류,과채류,200.0,,토마토,토마토 음료:200.0,
D200021,키위주스,음료류,과채류,100.0,,,키위 주스:100.0,
D200020,크랜베리주스,음료류,과채류,100.0,,,"크랜베리 주스, 칵테일:100.0",
D200018,유자(과육),음료류,과채류,100.0,,,"유자, 과육, 생것:100.0",
D200019,자몽주스(천연과즙),음료류,과채류,100.0,,,자몽 주스:100.0,
D200003,오렌지주스,음료류,과채류,200.0,,,오렌지 주스:200.0,
D200007,알로에음료,음료류,과채류,100.0,,,알로에 음료:100.0,
D200002,사과주스,음료류,과채류,200.0,,,사과 주스:200.0,
D200017,사과음료,음료류,과채류,100.0,,,사과 음료:100.0,
D200023,백향과주스(천연과즙),음료류,과채류,100.0,,,"백향과(패션프루트) 주스, 천연과즙:100.0",
D083025,배숙구이,구이류,기타 구이류,1210.0,,,"탄산수:200.0|토마토, 방울토마토, 생것:60.0|생강청:50.0|프루트칵테일, 통조림:150.0|배, 생것:750.0|탄산수:200.0|토마토, 방울토마토, 생것:60.0|생강청:50.0|프루트칵테일, 통조림:150.0|배, 생것:750.0",
D200015,배즙,음료류,과채류,100.0,,,배즙:100.0,
D200016,배 음료(캔),음료류,과채류,100.0,,,"배 음료, 캔:100.0",
D200013,레몬과즙,음료류,과채류,100.0,,,레몬 착즙:100.0,
D200014,머루주스,음료류,과채류,100.0,,,포도 주스:100.0,
D200012,라임주스(천연과즙),음료류,과채류,100.0,,,"라임 주스, 천연과즙:100.0",
D200001,당근주스(캔),음료류,과채류,100.0,,,당근 주스:100.0,
D200011,귤주스(천연과즙),음료류,과채류,100.0,,,귤 주스:100.0,
D200010,구아바주스,음료류,과채류,100.0,,,"구아바 주스, 과즙 음료(10%):100.0",
D200024,과일채소(음료),음료류,과채류,100.0,,토마토,채소 주스:100.0,
D200009,감주스,음료류,과채류,100.0,,,감 주스:100.0,
D293003,미역쌈,원재료,해조류,375.0,,,"마늘, 생것:8.0|파, 대파, 생것:60.0|설탕, 백설탕:17.0|식초, 감식초:20.0|고추장, 개량:40.0|쑥갓, 생것:30.0|미역, 생것:200.0",
D293001,다시마(생것),원재료,해조류,70.0,,,"다시마, 생것:70.0",
D292100,흑토마토,원재료,채소류,100.0,,토마토,"토마토, 흑토마토, 생것:100.0",
D292108,피망(초록색),원재료,채소류,100.0,,,"피망, 초록색, 생것:100.0",
D292107,피망(빨간색),원재료,채소류,100.0,,,"피망, 빨간색, 생것:100.0",
D082048,풋고추 돼지 등갈비구이,구이류,육류구이,118.7,,,"발효주, 청주, 알코올 16%:4.0|올리브유:2.0|간장, 개량, 양조:2.0|치즈, 파르메산(파마산):3.0|설탕, 백설탕:2.0|소금, 천일염, 가는소금:0.3|마늘, 생것:5.0|월계수, 잎, 말린것:0.2|후추, 검은색, 가루:0.2|고추, 청양고추, 생것:2.0|고추, 풋고추, 생것:8.0|돼지고기, 삼겹살(등갈비), 생것:90.0|발효주, 청주, 알코올 16%:4.0|올리브유:2.0|간장, 개량, 양조:2.0|치즈, 파르메산(파마산):3.0|설탕, 백설탕:2.0|소금, 천일염, 가는소금:0.3|마늘, 생것:5.0|월계수, 잎, 말린것:0.2|후추, 검은색, 가루:0.2|고추, 청양고추, 생것:2.0|고추, 풋고추, 생것:8.0|돼지고기, 삼겹살(등갈비), 생것:90.0",
D292017,호박잎(데친것),원재료,채소류,50.0,,,"호박, 잎, 데친것:50.0",
D292042,미니파프리카(주황색),원재료,채소류,100.0,,,"미니파프리카, 주황색, 생것:100.0|미니파프리카, 주황색, 생것:100.0",
D292044,미나파프리카(빨간색),원재료,채소류,100.0,,,"미니파프리카, 빨간색, 생것:100.0|미니파프리카, 빨간색, 생것:100.0",
D292043,미니파프리카(노란색),원재료,채소류,100.0,,,"미니파프리카, 노란색, 생것:100.0|미니파프리카, 노란색, 생것:100.0",
D292015,파슬리,원재료,채소류,10.0,,,"파슬리, 생것:10.0",
D292035,통마늘(구운것),원재료,채소류,100.0,,,"마늘, 통마늘, 구운것:100.0",
D292102,토마토퓨레(통조림),원재료,채소류,100.0,,토마토,"토마토, 통조림, 퓌레:100.0",
D292101,토마토페이스트,원재료,채소류,100.0,,토마토,"토마토, 통조림, 페이스트:100.0",
D082058,토마토소고기찜,구이류,육류구이,494.0,,,"소금, 가공염, 퉁퉁마디(함초):1.0|파슬리, 말린것:2.0|후추, 흰색, 가루:1.0|레몬, 생것:25.0|버터, 무가염:20.0|토마토, 통조림, 페이스트:100.0|발효주, 과실주, 포도주, 백포도주, 무스카데:25.0|양파, 생것:50.0|당근, 뿌리, 생것:30.0|셀러리, 생것:40.0|소고기, 한우(1++등급), 우둔, 생것:200.0|소금, 가공염, 퉁퉁마디(함초):1.0|파슬리, 말린것:2.0|후추, 흰색, 가루:1.0|레몬, 생것:25.0|버터, 무가염:20.0|토마토, 통조림, 페이스트:100.0|발효주, 과실주, 포도주, 백포도주, 무스카데:25.0|양파, 생것:50.0|당근, 뿌리, 생것:30.0|셀러리, 생것:40.0|소고기, 한우(1++등급), 우둔, 생것:200.0",
D292013,콩잎,원재료,채소류,15.0,,,"콩잎, 잎, 생것:15.0",
D292098,콜라비(생것),원재료,채소류,100.0,,,"콜라비, 생것:100.0",
D292099,콜라비(데친것),원재료,채소류,100.0,,,"콜라비, 데친것:100.0",
D292097,케일(생것),원재료,채소류,100.0,,,"케일, 생것:100.0",
D292088,취청오이(생것),원재료,채소류,100.0,,,"오이, 취청, 생것:100.0",
D292022,청양고추(생것),원재료,채소류,100.0,,,"고추, 청양고추, 생것:100.0",
D292095,청경채(생것),원재료,채소류,100.0,,,"청경채, 생것:100.0",
D292096,청경채(데친것),원재료,채소류,100.0,,,"청경채, 데친것:100.0",
D292093,참나물(생것),원재료,채소류,100.0,,,"참나물, 재배, 생것:100.0",
D292094,참나물(데친것),원재료,채소류,100.0,,,"참나물, 재배, 데친것:100.0",
D292092,죽순(통조림),원재료,채소류,100.0,,,"대나무순(죽순), 통조림:100.0",
D292090,죽순(생것),원재료,채소류,100.0,,,"대나무순(죽순), 생것:100.0",
D292091,죽순(데친것),원재료,채소류,100.0,,,"대나무순(죽순), 삶은것:100.0",
D292085,적양배추(생것),원재료,채소류,100.0,,,"양배추, 적색, 생것:100.0",
D292087,자색양파,원재료,채소류,100.0,,,"양파, 적색, 생것:100.0",
D054019,상추오이냉국,국(탕)류,냉국류,24.2,,,"소금, 천일염, 가는소금:0.3|마늘, 생것:0.5|멸치, 대멸치, 삶아서 말린것:1.0|다시마, 말린것:1.0|간장, 개량, 양조:1.0|고춧가루:1.0|설탕, 백설탕:1.4|식초, 사과식초:3.0|상추, 잎상추, 치마상추, 녹색, 생것:5.0|오이, 취청, 생것:10.0|소금, 천일염, 가는소금:0.3|마늘, 생것:0.5|멸치, 대멸치, 삶아서 말린것:1.0|다시마, 말린것:1.0|간장, 개량, 양조:1.0|고춧가루:1.0|설탕, 백설탕:1.4|식초, 사과식초:3.0|상추, 잎상추, 치마상추, 녹색, 생것:5.0|오이, 취청, 생것:10.0|소금, 천일염, 가는소금:0.3|마늘, 생것:0.5|멸치, 대멸치, 삶아서 말린것:1.0|다시마, 말린것:1.0|간장, 개량, 양조:1.0|고춧가루:1.0|설탕, 백설탕:1.4|식초, 사과식초:3.0|상추, 잎상추, 치마상추, 녹색, 생것:5.0|오이, 취청, 생것:10.0",
D292089,오이피클,원재료,채소류,100.0,,,오이 피클:100.0,
D292021,오이고추(생것),원재료,채소류,100.0,,,"고추, 오이고추, 생것:100.0",
D055015,감자양파스프,국(탕)류,기타,37.48,,,"후추, 흰색, 가루:0.01|파슬리, 말린것:0.02|소금, 천일염, 가는소금:0.2|버터, 무가염:1.25|양파, 생것:8.0|감자, 대지, 생것:8.0|우유:10.0|사과 주스:10.0|후추, 흰색, 가루:0.01|파슬리, 말린것:0.02|소금, 천일염, 가는소금:0.2|버터, 무가염:1.25|양파, 생것:8.0|감자, 대지, 생것:8.0|우유:10.0|사과 주스:10.0|후추, 흰색, 가루:0.01|파슬리, 말린것:0.02|소금, 천일염, 가는소금:0.2|버터, 무가염:1.25|양파, 생것:8.0|감자, 대지, 생것:8.0|우유:10.0|사과 주스:10.0",
D052027,배추된장국(양배추),국(탕)류,된장국류,527.0,,,"마늘, 생것:2.0|파, 대파, 생것:6.0|무, 조선무, 생것:25.0|두부:50.0|양배추, 데친것:10.0|된장, 개량:14.0|배추, 생것:20.0|마늘, 생것:2.0|파, 대파, 생것:6.0|무, 조선무, 생것:25.0|두부:50.0|양배추, 데친것:10.0|된장, 개량:14.0|배추, 생것:20.0",
D292109,양상추(생것),원재료,채소류,100.0,,,"상추, 결구(양상추), 녹색, 생것:100.0",
D292084,양배추(찐것),원재료,채소류,100.0,,,"양배추, 찐것:100.0",
D292082,아욱(생것),원재료,채소류,100.0,,,"아욱, 생것:100.0",https://www.nongsaro.go.kr/cms_contents/mgnNew/978-89-480-5845-1/978-89-480-5845-1_B_065.jpg
D292083,아욱(데친것),원재료,채소류,100.0,,,"아욱, 데친것:100.0",
D292081,"아스파라거스(하얀색,생것)",원재료,채소류,100.0,,,"아스파라거스, 하얀색, 생것:100.0",
D292009,아스파라거스(통조림),원재료,채소류,60.0,,,"아스파라거스, 통조림:60.0",
D292079,아스파라거스(생것),원재료,채소류,100.0,,,"아스파라거스, 생것:100.0",
D292077,쑥갓(데친것),원재료,채소류,100.0,,,"쑥갓, 데친것:100.0",
D051028,대합국(쑥갓),국(탕)류,맑은국류,490.0,,,"참기름:2.0|마늘, 생것:2.0|간장, 재래:2.0|소금, 천일염, 가는소금:3.0|고추, 풋고추, 생것:3.0|고추, 빨간색, 생것:3.0|파, 쪽파, 생것:5.0|무, 조선무, 생것:30.0|쑥갓, 데친것:10.0|대합, 북방대합, 생것:30.0|참기름:2.0|마늘, 생것:2.0|간장, 재래:2.0|소금, 천일염, 가는소금:3.0|고추, 풋고추, 생것:3.0|고추, 빨간색, 생것:3.0|파, 쪽파, 생것:5.0|무, 조선무, 생것:30.0|쑥갓, 데친것:10.0|대합, 북방대합, 생것:30.0",
D292080,아스파라거스(데친것),원재료,채소류,100.0,,,"아스파라거스, 데친것:100.0",
D292074,쑥(생것),원재료,채소류,100.0,,,"쑥, 생것:100.0",https://www.nongsaro.go.kr/cms_contents/mgnNew/978-89-480-5845-1/978-89-480-5845-1_B_019.jpg
D292075,쑥(데친것),원재료,채소류,100.0,,,"쑥, 데친것:100.0",
D292073,쌈추(생것),원재료,채소류,100.0,,,"쌈추, 생것:100.0",
D292071,"시금치(섬초,생것)",원재료,채소류,100.0,,,"시금치, 섬초, 생것:100.0",
D292072,"시금치(섬초,데친것)",원재료,채소류,100.0,,,"시금치, 섬초, 데친것:100.0",
D292069,시금치(생것),원재료,채소류,100.0,,,"시금치, 생것:100.0",
D292070,시금치(데친것),원재료,채소류,100.0,,,"시금치, 데친것:100.0",https://www.nongsaro.go.kr/cms_contents/mgnNew/978-89-480-6205-2/978-89-480-6205-2_B_115.jpg
D292065,세발나물(생것),원재료,채소류,100.0,,,"갯나물, 세발나물, 생것:100.0",
D292066,세발나물(데친것),원재료,채소류,100.0,,,"갯나물, 세발나물, 데친것:100.0",
D292053,섬쑥부쟁이(생것),원재료,채소류,100.0,,,"부지깽이(섬쑥부쟁이), 생것:100.0",
D292054,섬쑥부쟁이(데친것),원재료,채소류,100.0,,,"부지깽이(섬쑥부쟁이), 데친것:100.0",
D292067,샐러리(생것),원재료,채소류,100.0,,,"셀러리, 생것:100.0",
D012061,상추쌈보리밥,밥류,잡곡밥류,270.0,,대두(콩),"쌈장:25.0|양파, 생것:15.0|상추, 잎상추, 치마상추, 녹색, 생것:30.0|생수:120.0|조, 메조, 도정, 생것:10.0|멥쌀, 백미, 생것:30.0|보리, 쌀보리, 도정, 생것:40.0|쌈장:25.0|양파, 생것:15.0|상추, 잎상추, 치마상추, 녹색, 생것:30.0|생수:120.0|조, 메조, 도정, 생것:10.0|멥쌀, 백미, 생것:30.0|보리, 쌀보리, 도정, 생것:40.0",
D292068,샐러리(데친것),원재료,채소류,100.0,,,"셀러리, 데친것:100.0",
D292007,상추(청상추),원재료,채소류,15.0,,,"상추, 반결구, 로메인, 녹색, 생것:15.0",
D292064,상추(적상추),원재료,채소류,100.0,,,"상추, 반결구, 로메인, 적색, 생것:100.0",
D292061,삼채(생것),원재료,채소류,100.0,,,"삼채, 잎줄기, 생것:100.0",
D292062,삼채(데친것),원재료,채소류,100.0,,,"삼채, 잎줄기, 데친것:100.0",
D292059,비트(생것),원재료,채소류,100.0,,,"비트, 뿌리, 생것:100.0",
D292060,비트(데친것),원재료,채소류,100.0,,,"비트, 뿌리, 데친것:100.0",
D292057,브로콜리(생것),원재료,채소류,100.0,,,"브로콜리, 생것:100.0",
D292058,브로콜리(데친것),원재료,채소류,100.0,,,"브로콜리, 데친것:100.0",
D292055,부추(생것),원재료,채소류,100.0,,,"부추, 재래종, 생것:100.0",https://www.nongsaro.go.kr/cms_contents/mgnNew/978-89-480-5845-1/978-89-480-5845-1_B_084.jpg
D292056,부추(데친것),원재료,채소류,100.0,,,"부추, 재래종, 데친것:100.0",
D292051,봄동(생것),원재료,채소류,100.0,,,"배추, 봄동, 생것:100.0",
D083022,배추롤오븐구이,구이류,기타 구이류,130.6,,대두(콩),"콩기름:3.0|후추, 검은색, 가루:0.1|참기름:1.0|맛술:1.0|마늘, 생것:3.0|소금, 천일염, 가는소금:1.5|표고버섯, 참나무재배, 생것:15.0|양파, 생것:10.0|돼지고기, 앞다리(앞다리살), 생것:30.0|치즈, 모차렐라, 슈레드타입:20.0|토마토 소스:6.0|배추, 생것:40.0|콩기름:3.0|후추, 검은색, 가루:0.1|참기름:1.0|맛술:1.0|마늘, 생것:3.0|소금, 천일염, 가는소금:1.5|표고버섯, 참나무재배, 생것:15.0|양파, 생것:10.0|돼지고기, 앞다리(앞다리살), 생것:30.0|치즈, 모차렐라, 슈레드타입:20.0|토마토 소스:6.0|배추, 생것:40.0",
D292052,봄동(데친것),원재료,채소류,100.0,,,"배추, 봄동, 데친것:100.0",
D292050,배암차즈기(생것),원재료,채소류,100.0,,,"배암차즈기(곰보배추), 잎, 생것:100.0",
D292005,방울토마토,원재료,채소류,140.0,,토마토,"토마토, 방울토마토, 생것:140.0",
D292048,방울다다기양배추(생것),원재료,채소류,100.0,,,"방울다다기양배추, 생것:100.0",
D292049,방울다다기양배추(데친것),원재료,채소류,100.0,,,"방울다다기양배추, 데친것:100.0",
D292047,박고지(말린것),원재료,채소류,100.0,,,"박고지, 말린것:100.0",
D292045,바질(생것),원재료,채소류,100.0,,,"바질, 잎, 생것:100.0",
D292046,바질(데친것),원재료,채소류,100.0,,,"바질, 잎, 데친것:100.0",
D292039,무순(생것),원재료,채소류,100.0,,,"무순, 싹, 생것:100.0",
D212048,무화과(통조림),과일 및 과일가공품,가공품류,100.0,,,"무화과, 통조림:100.0|무화과, 통조림:100.0|무화과, 통조림:100.0",
D292037,머위(생것),원재료,채소류,100.0,,,"머위, 생것:100.0",
D292038,머위(데친것),원재료,채소류,100.0,,,"머위, 데친것:100.0",
D292036,마늘종(생것),원재료,채소류,100.0,,,"마늘종, 꽃줄기, 생것:100.0",
D292033,리크(생것),원재료,채소류,100.0,,,"리크, 생것:100.0",
D292034,리크(데친것),원재료,채소류,100.0,,,"리크, 데친것:100.0",
D292032,루꼴라(생것),원재료,채소류,100.0,,,"루꼴라, 생것:100.0",
D292030,땅두릅(생것),원재료,채소류,100.0,,,"두릅, 땅두릅, 잎, 생것:100.0",
D292031,땅두릅(데친것),원재료,채소류,100.0,,,"두릅, 땅두릅, 잎, 데친것:100.0",
D292028,두릅(생것),원재료,채소류,100.0,,,"두릅, 참두릅, 생것:100.0",
D292029,두릅(데친것),원재료,채소류,100.0,,,"두릅, 참두릅, 데친것:100.0",https://www.nongsaro.go.kr/cms_contents/mgnNew/978-89-480-5845-1/978-89-480-5845-1_B_011.jpg
D292041,돌미나리(데친것),원재료,채소류,100.0,,,"미나리, 돌미나리, 데친것:100.0",
D292024,"꽃양배추(콜리플라워,데친것)",원재료,채소류,100.0,,,"꽃양배추(콜리플라워), 데친것:100.0",
D292040,돌미나리(생것),원재료,채소류,100.0,,,"미나리, 돌미나리, 생것:100.0",
D292027,돌나물(생것),원재료,채소류,100.0,,,"돌나물, 생것:100.0",
D292025,당귀(생것),원재료,채소류,100.0,,,"당귀, 일당귀, 잎, 생것:100.0",
D055002,당근스프,국(탕)류,기타,81.02,,,"파슬리, 말린것:0.01|후추, 흰색, 가루:0.01|마늘, 생것:1.0|당근, 뿌리, 생것:10.0|양파, 생것:10.0|버터, 무가염:10.0|우유:15.0|크림, 휘핑, 식물성:15.0|스프, 크림 스프, 가루:20.0|파슬리, 말린것:0.01|후추, 흰색, 가루:0.01|마늘, 생것:1.0|당근, 뿌리, 생것:10.0|양파, 생것:10.0|버터, 무가염:10.0|우유:15.0|크림, 휘핑, 식물성:15.0|스프, 크림 스프, 가루:20.0",
D292023,"꽃양배추(콜리플라워,생것)",원재료,채소류,100.0,,,"꽃양배추(콜리플라워), 생것:100.0",
D082032,꽈리고추 소고기말이,구이류,육류구이,112.55,,,"참깨, 흰색, 볶은것:0.5|마늘, 생것:3.0|후추, 검은색, 가루:0.05|간장, 개량, 양조:2.0|파, 대파, 생것:2.0|참기름:2.0|발효주, 청주, 알코올 16%:2.0|파, 쪽파, 생것:3.0|굴 소스:3.0|생수:20.0|치즈, 모차렐라:15.0|소고기, 한우, 등심, 생것:30.0|고추, 꽈리고추, 생것:30.0|참깨, 흰색, 볶은것:0.5|마늘, 생것:3.0|후추, 검은색, 가루:0.05|간장, 개량, 양조:2.0|파, 대파, 생것:2.0|참기름:2.0|발효주, 청주, 알코올 16%:2.0|파, 쪽파, 생것:3.0|굴 소스:3.0|생수:20.0|치즈, 모차렐라:15.0|소고기, 한우, 등심, 생것:30.0|고추, 꽈리고추, 생것:30.0",
D082031,깻잎석쇠불고기,구이류,육류구이,101.0,,,"후추, 검은색, 가루:0.1|생강, 뿌리줄기, 생것:0.4|마늘, 생것:3.0|설탕, 가루:3.0|참깨, 흰색, 볶은것:0.5|콩기름:2.0|참기름:4.0|매실청:2.0|간장, 개량, 양조:5.0|파, 대파, 생것:5.0|들깻잎, 생것:16.0|소고기, 한우, 등심, 생것:60.0|후추, 검은색, 가루:0.1|생강, 뿌리줄기, 생것:0.4|마늘, 생것:3.0|설탕, 가루:3.0|참깨, 흰색, 볶은것:0.5|콩기름:2.0|참기름:4.0|매실청:2.0|간장, 개량, 양조:5.0|파, 대파, 생것:5.0|들깻잎, 생것:16.0|소고기, 한우, 등심, 생것:60.0",
D292001,깐마늘,원재료,채소류,12.0,,,"마늘, 생것:12.0",
D291021,후추,원재료,조미로류,100.0,,,"후추, 검은색, 가루:100.0",
D292019,고수,원재료,채소류,100.0,,,"고수(향채), 생것:100.0",
D132016,미역나물(식초),무침류,숙채,81.0,,,"파, 쪽파, 생것:1.0|소금, 천일염, 가는소금:1.0|고춧가루:1.0|간장, 재래:1.0|참기름:2.0|마늘, 생것:2.0|오이, 다다기, 생것:20.0|식초, 감식초:3.0|미역, 염장, 데친것:50.0|파, 쪽파, 생것:1.0|소금, 천일염, 가는소금:1.0|고춧가루:1.0|간장, 재래:1.0|참기름:2.0|마늘, 생것:2.0|오이, 다다기, 생것:20.0|식초, 감식초:3.0|미역, 염장, 데친것:50.0",
D291020,타임,원재료,조미로류,100.0,,,"타임, 가루:100.0",
D291019,월계수잎(말린것),원재료,조미로류,100.0,,,"월계수, 잎, 말린것:100.0",
D135044,"상추나물(소금, 고추장, 된장)",무침류,생채(샐러드),99.3,,,"마늘, 생것:2.0|된장, 개량:2.0|고춧가루:0.3|파, 대파, 생것:1.0|들기름:2.0|고추장, 개량:3.0|참기름:1.0|참깨, 흰색, 볶은것:0.8|소금, 천일염, 가는소금:0.2|고추, 빨간색, 생것:3.0|당근, 뿌리, 생것:6.0|양파, 생것:8.0|상추, 잎상추, 치마상추, 녹색, 생것:70.0|마늘, 생것:2.0|된장, 개량:2.0|고춧가루:0.3|파, 대파, 생것:1.0|들기름:2.0|고추장, 개량:3.0|참기름:1.0|참깨, 흰색, 볶은것:0.8|소금, 천일염, 가는소금:0.2|고추, 빨간색, 생것:3.0|당근, 뿌리, 생것:6.0|양파, 생것:8.0|상추, 잎상추, 치마상추, 녹색, 생것:70.0",
D291002,"소금(파, 마늘)",원재료,조미로류,7.0,,,"소금, 천일염, 가는소금:1.0|마늘, 생것:1.0|파, 대파, 생것:5.0",
D291017,생강페이스트,원재료,조미로류,100.0,,,생강 페이스트:100.0,
D291016,발사믹식초,원재료,조미로류,100.0,,,"식초, 발사믹:100.0",
D054001,가지냉국(고춧가루),국(탕)류,냉국류,387.0,,,"참깨, 흰색, 볶은것:1.0|참기름:2.0|식초, 감식초:2.0|소금, 천일염, 가는소금:2.0|마늘, 생것:2.0|파, 쪽파, 생것:6.0|고춧가루:2.0|가지, 데친것:70.0|참깨, 흰색, 볶은것:1.0|참기름:2.0|식초, 감식초:2.0|소금, 천일염, 가는소금:2.0|마늘, 생것:2.0|파, 쪽파, 생것:6.0|고춧가루:2.0|가지, 데친것:70.0",
D291015,맛술,원재료,조미로류,100.0,,,맛술:100.0,
D291014,깨소금,원재료,조미로류,100.0,,,"참깨, 흰색, 볶은것:100.0",
D291012,겨자페이스트,원재료,조미로류,100.0,,,겨자 페이스트:100.0,
D289007,참기름,원재료,유지류,100.0,,,참기름:100.0,
D289005,아보카도유,원재료,유지류,100.0,,,아보카도유:100.0,
D289006,올리브유,원재료,유지류,100.0,,,올리브유:100.0,
D022042,땅콩버터쿠키(과자),과자 및 빵류,과자류,100.0,,"난류,땅콩,밀","과자, 쿠키, 땅콩버터:100.0|과자, 쿠키, 땅콩버터:100.0|과자, 쿠키, 땅콩버터:100.0|과자, 쿠키, 땅콩버터:100.0",
D289001,마가린,원재료,유지류,6.0,,,마가린:6.0,
D051242,들기름무채국,국(탕)류,맑은국류,72.5,,,"소금, 천일염, 소금꽃:0.5|파, 대파, 생것:1.0|다시마, 말린것:1.0|들기름:10.0|무, 조선무, 생것:60.0|소금, 천일염, 소금꽃:0.5|파, 대파, 생것:1.0|다시마, 말린것:1.0|들기름:10.0|무, 조선무, 생것:60.0",
D288023,홍합(통조림),원재료,어패류 및 수산물가공품,100.0,,"어패류(굴, 전복, 홍합 포함)","담치, 참담치(홍합), 통조림:100.0",
D288006,참다랑어샐러드,원재료,어패류 및 수산물가공품,100.0,,,참다랑어 샐러드:100.0,
D288022,조개(통조림),원재료,어패류 및 수산물가공품,100.0,,"어패류(굴, 전복, 홍합 포함)","조개, 피조개, 통조림, 조미:100.0",
D288012,정어리(통조림),원재료,어패류 및 수산물가공품,100.0,,,"정어리, 통조림:100.0",
D288021,전복(통조림),원재료,어패류 및 수산물가공품,100.0,,"어패류(굴, 전복, 홍합 포함)","전복, 통조림, 삶은것:100.0",
D288011,전갱이(통조림),원재료,어패류 및 수산물가공품,100.0,,,"전갱이, 통조림, 조미:100.0",
D288004,오징어(마른것),원재료,어패류 및 수산물가공품,18.0,,오징어,"오징어, 말린것:18.0",
D288009,연어(훈제),원재료,어패류 및 수산물가공품,100.0,,,"연어, 훈제:100.0",
D288010,연어(통조림),원재료,어패류 및 수산물가공품,100.0,,,"연어, 통조림:100.0",
D288026,시바새우(통조림),원재료,어패류 및 수산물가공품,100.0,,새우,"새우, 중하, 통조림:100.0",
D288008,송어(통조림),원재료,어패류 및 수산물가공품,100.0,,,"송어, 통조림:100.0",
D288020,소라(통조림),원재료,어패류 및 수산물가공품,100.0,,"어패류(굴, 전복, 홍합 포함)","소라, 통조림:100.0",
D288027,성게(통조림),원재료,어패류 및 수산물가공품,100.0,,,"성게, 통조림:100.0",
D288025,새우(장조림),원재료,어패류 및 수산물가공품,100.0,,새우,"새우, 꽃새우, 장조림:100.0",
D288019,백합(통조림),원재료,어패류 및 수산물가공품,100.0,,"어패류(굴, 전복, 홍합 포함)","백합, 통조림, 조미:100.0",
D288007,방어(훈제통조림),원재료,어패류 및 수산물가공품,100.0,,,"방어, 통조림, 훈제:100.0",
D288018,바지락(통조림),원재료,어패류 및 수산물가공품,100.0,,"어패류(굴, 전복, 홍합 포함)","바지락, 통조림:100.0",
D288017,바지락(장조림),원재료,어패류 및 수산물가공품,100.0,,"어패류(굴, 전복, 홍합 포함)","바지락, 장조림:100.0",
D288003,멸치(중멸치),원재료,어패류 및 수산물가공품,15.0,,,"멸치, 중멸치, 삶아서 말린것:15.0",
D288024,대게(통조림),원재료,어패류 및 수산물가공품,100.0,,게,"게, 대게, 통조림:100.0",
D288028,꽁치(통조림),원재료,어패류 및 수산물가공품,100.0,,,"꽁치, 통조림:100.0",
D288014,굴(통조림),원재료,어패류 및 수산물가공품,100.0,,"어패류(굴, 전복, 홍합 포함)","굴, 통조림:100.0",
D288015,굴(훈제통조림),원재료,어패류 및 수산물가공품,100.0,,"어패류(굴, 전복, 홍합 포함)","굴, 통조림, 훈제:100.0",
D288002,고등어(통조림),원재료,어패류 및 수산물가공품,60.0,,고등어,"고등어, 통조림:60.0",
D288016,굴(생것),원재료,어패류 및 수산물가공품,100.0,,"어패류(굴, 전복, 홍합 포함)","굴, 참굴, 생것:100.0",
D082011,소고기산적(게맛살),구이류,육류구이,161.0,,,"소금, 천일염, 가는소금:1.0|콩기름:5.0|밀, 중력밀가루:5.0|달걀, 부침(달걀프라이):10.0|파, 대파, 생것:30.0|멥쌀떡, 가래떡:30.0|당근, 뿌리, 데친것:30.0|게맛살, 어육함량이 낮은것:20.0|소고기, 한우, 등심, 구운것(팬):30.0|소금, 천일염, 가는소금:1.0|콩기름:5.0|밀, 중력밀가루:5.0|달걀, 부침(달걀프라이):10.0|파, 대파, 생것:30.0|멥쌀떡, 가래떡:30.0|당근, 뿌리, 데친것:30.0|게맛살, 어육함량이 낮은것:20.0|소고기, 한우, 등심, 구운것(팬):30.0",
D288013,가리비(통조림),원재료,어패류 및 수산물가공품,100.0,,"어패류(굴, 전복, 홍합 포함)","가리비, 통조림:100.0",
D287006,핫소스,원재료,소스류,20.0,,,핫 소스:20.0,
D287005,토마토소스(케첩),원재료,소스류,20.0,,토마토,토마토 소스:20.0,
D287004,카레소스,원재료,소스류,20.0,,,"카레 소스, 가루:20.0",
D287045,칠리소스,원재료,소스류,100.0,,,칠리 소스:100.0,
D287044,춘장,원재료,소스류,100.0,,대두(콩),"짜장 소스, 춘장:100.0",
D287042,우스터소스,원재료,소스류,100.0,,"어패류(굴, 전복, 홍합 포함)",우스터 소스:100.0,
D287043,짜장소스,원재료,소스류,100.0,,대두(콩),"짜장 소스, 가루:100.0",
D287041,스파게티소스,원재료,소스류,100.0,,,"스파게티 소스, 토마토, 병조림:100.0",
D287040,샐러드드레싱(프렌치),원재료,소스류,100.0,,난류,"샐러드 드레싱, 프렌치:100.0",
D287039,샐러드드레싱(이탈리안),원재료,소스류,100.0,,난류,"샐러드 드레싱, 이탈리안:100.0",
D287038,샐러드드레싱(사우전드아일랜드),원재료,소스류,100.0,,난류,"샐러드 드레싱, 사우전드아일랜드:100.0",
D287037,바비큐소스,원재료,소스류,100.0,,,바비큐 소스:100.0,
D287002,마요네즈,원재료,소스류,10.0,,난류,마요네즈:10.0,
D031114,버섯우동면굴소스볶음,면 및 만두류,면류,156.5,,,"참깨, 흰색, 볶은것:0.5|마늘, 생것:1.0|올리브유:1.0|간장, 개량, 양조:1.0|굴 소스:3.0|파, 대파, 생것:10.0|양파, 생것:20.0|큰느타리버섯(새송이버섯), 생것:20.0|우동면, 생것:100.0|참깨, 흰색, 볶은것:0.5|마늘, 생것:1.0|올리브유:1.0|간장, 개량, 양조:1.0|굴 소스:3.0|파, 대파, 생것:10.0|양파, 생것:20.0|큰느타리버섯(새송이버섯), 생것:20.0|우동면, 생것:100.0",
D287036,돈까스소스,원재료,소스류,100.0,,,포크커틀릿 소스:100.0,
D286008,팥묵,원재료,두류,222.1,,,"참깨, 흰색, 볶은것:0.5|참기름:2.0|마늘, 생것:2.0|파, 대파, 생것:3.0|설탕, 백설탕:3.0|고춧가루:0.5|간장, 개량, 양조:8.0|생수:166.0|소금, 천일염, 가는소금:0.1|도토리묵, 가루:7.0|팥, 적색, 말린것:30.0",
D286007,잣두부,원재료,두류,100.0,,잣,잣두부:100.0,
D052146,어린이유부된장국,국(탕)류,된장국류,35.0,,,"마늘, 생것:0.5|다시마, 말린것:1.0|멸치, 대멸치, 삶아서 말린것:2.0|파, 대파, 생것:2.5|된장, 개량:4.0|두부, 유부:10.0|두부:15.0|마늘, 생것:0.5|다시마, 말린것:1.0|멸치, 대멸치, 삶아서 말린것:2.0|파, 대파, 생것:2.5|된장, 개량:4.0|두부, 유부:10.0|두부:15.0|마늘, 생것:0.5|다시마, 말린것:1.0|멸치, 대멸치, 삶아서 말린것:2.0|파, 대파, 생것:2.5|된장, 개량:4.0|두부, 유부:10.0|두부:15.0",
D053122,콩비지들깨탕,국(탕)류,곰국 및 탕류,123.0,,,"마늘, 생것:1.0|파, 대파, 생것:2.0|새우, 젓갈:2.0|들깨, 볶은것:3.0|표고버섯, 배지재배, 생것:15.0|비지:100.0|마늘, 생것:1.0|파, 대파, 생것:2.0|새우, 젓갈:2.0|들깨, 볶은것:3.0|표고버섯, 배지재배, 생것:15.0|비지:100.0",
D286002,두부(연두부),원재료,두류,80.0,,대두(콩),"두부, 연두부:80.0",
D083033,고구마두부스테이크,구이류,기타 구이류,605.0,,밀,"전분, 감자, 가루:5.0|유자청:10.0|청국장:15.0|다시마 육수:80.0|양송이버섯, 생것:20.0|찹쌀, 백미, 가루:50.0|양파, 생것:60.0|파, 대파, 생것:20.0|마늘, 생것:15.0|고구마, 생것:130.0|두부:200.0|전분, 감자, 가루:5.0|유자청:10.0|청국장:15.0|다시마 육수:80.0|양송이버섯, 생것:20.0|찹쌀, 백미, 가루:50.0|양파, 생것:60.0|파, 대파, 생것:20.0|마늘, 생것:15.0|고구마, 생것:130.0|두부:200.0",
D285003,초콜릿(밀크초콜릿),원재료,당류,28.0,,,"초콜릿, 밀크 초콜릿:28.0",
D285017,조청(오가피),원재료,당류,100.0,,,"조청, 쌀:100.0",
D285016,조청(쌀),원재료,당류,100.0,,,"조청, 쌀:100.0",
D285015,조청(산수유),원재료,당류,100.0,,,"조청, 쌀:100.0",
D285014,조청(배),원재료,당류,100.0,,,"조청, 쌀:100.0",
D285013,조청(도라지),원재료,당류,100.0,,,"조청, 도라지:100.0",
D285012,조청(고구마),원재료,당류,100.0,,,"조청, 고구마:100.0",
D285011,조청(감),원재료,당류,100.0,,,"조청, 쌀:100.0",
D285002,사탕(드롭스),원재료,당류,3.0,,,"사탕, 드롭스:3.0",
D230005,꿀떡,떡류,떡류,150.0,,,"멥쌀떡, 꿀떡:150.0|멥쌀떡, 꿀떡:150.0",
D285001,껌(추잉껌),원재료,당류,3.0,,,"껌, 추잉 껌:3.0",
D284008,오리알(생것),원재료,난류,100.0,,난류,"오리알, 생것:100.0",
D284009,오리알(삶은것),원재료,난류,100.0,,난류,"오리알, 삶은것:100.0",
D284006,수란(중탕),원재료,난류,100.0,,난류,"달걀, 수란, 중탕:100.0",
D284007,스크램에그,원재료,난류,100.0,,난류,"달걀, 스크램블드에그:100.0",
D284003,메추리알(삶은것),원재료,난류,50.0,,난류,"메추리알, 삶은것:50.0",
D284001,계란(삶은것),원재료,난류,50.0,,난류,"달걀, 삶은것:50.0",
D284002,계란(생것),원재료,난류,50.0,,난류,"달걀, 생것:50.0",
D284004,거위알(생것),원재료,난류,100.0,,,"거위알, 생것:100.0",
D284005,거위알(삶은것),원재료,난류,100.0,,,"거위알, 삶은것:100.0",
D282029,호박씨(말린것),원재료,견과 및 종실류,100.0,,,"호박씨, 말린것:100.0",
D282030,"호박씨(조미,볶은것)",원재료,견과 및 종실류,100.0,,,"호박씨, 조미, 볶은것:100.0",
D282028,호두(볶은것),원재료,견과 및 종실류,100.0,,호두,"호두, 볶은것:100.0",
D282027,호두(말린것),원재료,견과 및 종실류,100.0,,호두,"호두, 말린것:100.0",
D282026,"해바라기씨(조미,볶은것)",원재료,견과 및 종실류,100.0,,,"해바라기씨, 볶은것:100.0",
D282025,해바라기씨(말린것),원재료,견과 및 종실류,100.0,,,"해바라기씨, 말린것:100.0",
D282024,"피칸(조미,볶은것)",원재료,견과 및 종실류,100.0,,,"피칸, 조미, 볶은것:100.0",
D282023,피칸(말린것),원재료,견과 및 종실류,100.0,,,"피칸, 말린것:100.0",
D282022,"피스타치오넛(조미,볶은것)",원재료,견과 및 종실류,100.0,,,"피스타치오, 조미, 볶은것:100.0",
D282020,피스타치오넛(말린것),원재료,견과 및 종실류,100.0,,,"피스타치오, 말린것:100.0",
D282021,피스타치오넛(볶은것),원재료,견과 및 종실류,100.0,,,"피스타치오, 볶은것:100.0",
D282019,코코넛(볶은것),원재료,견과 및 종실류,100.0,,,"코코넛, 볶은것:100.0",
D282018,캐슈넛(조미),원재료,견과 및 종실류,100.0,,,"캐슈너트, 조미, 볶은것:100.0",
D282016,잣(생것),원재료,견과 및 종실류,100.0,,잣,"잣, 생것:100.0",
D282017,잣(볶은것),원재료,견과 및 종실류,100.0,,잣,"잣, 볶은것:100.0",
D282013,은행(생것),원재료,견과 및 종실류,100.0,,,"은행, 생것:100.0",
D282014,은행(삶은것),원재료,견과 및 종실류,100.0,,,"은행, 삶은것:100.0",
D282015,은행(볶은것),원재료,견과 및 종실류,100.0,,,"은행, 볶은것:100.0",
D282012,아몬드(조미),원재료,견과 및 종실류,100.0,,,"아몬드, 조미, 볶은것:100.0",
D282011,아몬드(볶은것),원재료,견과 및 종실류,100.0,,,"아몬드, 볶은것:100.0",
D282010,아몬드(말린것),원재료,견과 및 종실류,100.0,,,"아몬드, 말린것:100.0",
D282009,브라질너트(볶은것),원재료,견과 및 종실류,100.0,,,"브라질너트, 말린것:100.0",
D282008,브라질너트(말린것),원재료,견과 및 종실류,100.0,,,"브라질너트, 말린것:100.0",
D282002,밤(생것),원재료,견과 및 종실류,60.0,,,"밤, 생것:60.0",
D282007,밤(삶은것),원재료,견과 및 종실류,100.0,,,"밤, 삶은것:100.0",
D282005,땅콩(조미),원재료,견과 및 종실류,100.0,,땅콩,"땅콩, 조미, 볶은것:100.0",
D282006,마카다미아넛(조미),원재료,견과 및 종실류,100.0,,,"마카다미아, 조미, 볶은것:100.0",
D282001,땅콩(볶은것),원재료,견과 및 종실류,13.0,,땅콩,"땅콩, 볶은것:13.0",
D282031,대추(생것),원재료,견과 및 종실류,100.0,,,"대추, 생것:100.0",
D281028,토란(생것),원재료,감자 및 전분류,100.0,,,"토란, 생것:100.0",
D281030,토란(찐것),원재료,감자 및 전분류,100.0,,,"토란, 찐것:100.0",
D281029,토란(삶은것),원재료,감자 및 전분류,100.0,,,"토란, 삶은것:100.0",
D281027,칡뿌리(생것),원재료,감자 및 전분류,100.0,,,"칡, 뿌리, 생것:100.0",
D281026,천마(찐것),원재료,감자 및 전분류,100.0,,,"천마, 찐것:100.0",
D281025,천마(생것),원재료,감자 및 전분류,100.0,,,"천마, 생것:100.0",
D281010,찰옥수수(삶은것),원재료,감자 및 전분류,100.0,,,"옥수수, 찰옥수수, 삶은것:100.0",https://www.nongsaro.go.kr/cms_contents/mgnNew/978-89-480-6205-2/978-89-480-6205-2_B_061.jpg
D281012,자색감자(생것),원재료,감자 및 전분류,100.0,,,"감자, 자색, 생것:100.0",
D281013,자색감자(삶은것),원재료,감자 및 전분류,100.0,,,"감자, 자색, 찐것:100.0",
D281011,옥수수묵,원재료,감자 및 전분류,100.0,,,옥수수묵:100.0,
D281031,얌빈(생것),원재료,감자 및 전분류,100.0,,,"히카마(얌빈), 생것:100.0",
D281014,보라밸리 감자(생것),원재료,감자 및 전분류,100.0,,,"감자, 자색, 보라밸리, 생것:100.0",
D281032,얌빈(삶은것),원재료,감자 및 전분류,100.0,,,"히카마(얌빈), 삶은것:100.0",
D281015,보라밸리 감자(삶은것),원재료,감자 및 전분류,100.0,,,"감자, 자색, 보라밸리, 삶은것:100.0",
D132100,메밀묵무침,무침류,숙채,450.0,,,"참기름:6.0|마늘, 생것:6.0|파, 대파, 생것:10.0|간장, 개량, 양조:25.0|참깨, 흰색, 볶은것:3.0|김치, 배추 김치:100.0|메밀묵:300.0|참기름:6.0|마늘, 생것:6.0|파, 대파, 생것:10.0|간장, 개량, 양조:25.0|참깨, 흰색, 볶은것:3.0|김치, 배추 김치:100.0|메밀묵:300.0",
D281022,"마(생것,장마)",원재료,감자 및 전분류,100.0,,,"마, 장마, 생것:100.0",
D281024,"마(생것,둥근마)",원재료,감자 및 전분류,100.0,,,"마, 둥근마, 생것:100.0",
D281021,"마(생것,단마)",원재료,감자 및 전분류,100.0,,,"마, 단마, 생것:100.0",
D281023,"마(삶은것,장마)",원재료,감자 및 전분류,100.0,,,"마, 장마, 삶은것:100.0",
D281016,로즈밸리 감자(생것),원재료,감자 및 전분류,100.0,,,"감자, 로즈밸리, 생것:100.0",
D281019,돼지감자(생것),원재료,감자 및 전분류,100.0,,,"돼지감자, 생것:100.0",
D281017,로즈밸리 감자(삶은것),원재료,감자 및 전분류,100.0,,,"감자, 로즈밸리, 삶은것:100.0",
D281020,돼지감자(삶은것),원재료,감자 및 전분류,100.0,,,"돼지감자, 삶은것:100.0",
D054016,냉도토리묵국,국(탕)류,냉국류,68.9,,,"소금, 구운소금:0.3|마늘, 다진것:0.5|김, 참김, 말린것:0.5|참깨, 흰색, 볶은것:0.5|참기름:0.5|간장, 개량, 양조:0.6|파, 쪽파, 생것:3.0|멸치, 대멸치, 삶아서 말린것:3.0|김치, 배추 김치:20.0|도토리묵:40.0|소금, 구운소금:0.3|마늘, 다진것:0.5|김, 참김, 말린것:0.5|참깨, 흰색, 볶은것:0.5|참기름:0.5|간장, 개량, 양조:0.6|파, 쪽파, 생것:3.0|멸치, 대멸치, 삶아서 말린것:3.0|김치, 배추 김치:20.0|도토리묵:40.0",
D281033,녹두묵,원재료,감자 및 전분류,100.0,,,녹두묵:100.0,
D281003,고구마(찐것),원재료,감자 및 전분류,140.0,,,"고구마, 찐것:140.0",
D281018,고구마(생것),원재료,감자 및 전분류,100.0,,,"고구마, 베니하루까, 생것:100.0",
D281002,감자(생것),원재료,감자 및 전분류,75.0,,,"감자, 대지, 생것:75.0",https://www.nongsaro.go.kr/cms_contents/mgnNew/978-89-480-6205-2/978-89-480-6205-2_B_067.jpg
D281001,감자(삶은것),원재료,감자 및 전분류,130.0,,,"감자, 대지, 삶은것:130.0",
D190049,치즈(파마산),우유 및 유제품류,우유 및 유제품류,100.0,,우유,"치즈, 파르메산(파마산):100.0",
D190048,치즈(크림),우유 및 유제품류,우유 및 유제품류,100.0,,우유,"치즈, 크림:100.0",
D190047,치즈(카테지),우유 및 유제품류,우유 및 유제품류,100.0,,우유,"치즈, 카테지:100.0",
D190005,치즈(체다),우유 및 유제품류,우유 및 유제품류,20.0,,우유,"치즈, 체다:20.0",
D190050,치즈(블루),우유 및 유제품류,우유 및 유제품류,100.0,,우유,"치즈, 블루:100.0",
D190051,치즈(브리),우유 및 유제품류,우유 및 유제품류,100.0,,우유,"치즈, 브리:100.0",
D190054,치즈(브릭),우유 및 유제품류,우유 및 유제품류,100.0,,우유,"치즈, 브릭:100.0",
D190046,치즈(모짜렐라),우유 및 유제품류,우유 및 유제품류,100.0,,우유,"치즈, 모차렐라:100.0",
D190055,치즈(리코타),우유 및 유제품류,우유 및 유제품류,100.0,,우유,"치즈, 리코타:100.0",
D190052,치즈(까망베르),우유 및 유제품류,우유 및 유제품류,100.0,,우유,"치즈, 카망베르:100.0",
D190053,치즈(고다),우유 및 유제품류,우유 및 유제품류,100.0,,우유,"치즈, 고다:100.0",
D190061,우유과일푸딩,우유 및 유제품류,우유 및 유제품류,163.2,,,"설탕, 백설탕:12.0|한천:1.2|블루베리, 생것:20.0|복숭아, 천도, 생것:50.0|우유:80.0",
D190042,우유(커피맛),우유 및 유제품류,우유 및 유제품류,200.0,,우유,"우유, 가공우유, 커피맛:200.0",
D190041,우유(초코맛),우유 및 유제품류,우유 및 유제품류,200.0,,우유,"우유, 가공우유, 초코맛:200.0",
D190045,우유(저지방우유),우유 및 유제품류,우유 및 유제품류,200.0,,우유,"우유, 저지방우유:200.0",
D190023,우유(저지방),우유 및 유제품류,우유 및 유제품류,100.0,,우유,"우유, 저지방우유:100.0|우유, 저지방우유:100.0|우유, 저지방우유:100.0",
D190043,우유(바나나맛),우유 및 유제품류,우유 및 유제품류,200.0,,우유,"우유, 가공우유, 바나나맛:200.0",
D190040,우유(딸기맛),우유 및 유제품류,우유 및 유제품류,200.0,,우유,"우유, 가공우유, 딸기맛:200.0",
D190044,우유(고칼슘),우유 및 유제품류,우유 및 유제품류,200.0,,우유,"우유, 강화우유, 고칼슘:200.0",
D190060,우유 아이스크림,우유 및 유제품류,우유 및 유제품류,65.0,,,"꿀:3.0|설탕, 백설탕:5.0|크림, 생크림:15.0|달걀, 생것:12.0|우유:30.0",
D021027,머핀(우유),과자 및 빵류,빵류,100.0,,"난류,우유,밀","빵, 머핀, 우유:100.0|빵, 머핀, 우유:100.0|빵, 머핀, 우유:100.0",
D190038,"요구르트(호상,플레인)",우유 및 유제품류,우유 및 유제품류,100.0,,우유,"요구르트, 호상, 플레인:100.0",
D190039,"요구르트(호상,망고맛)",우유 및 유제품류,우유 및 유제품류,100.0,,우유,"요구르트, 호상, 망고맛:100.0",
D190037,"요구르트(호상,딸기맛)",우유 및 유제품류,우유 및 유제품류,100.0,,우유,"요구르트, 호상, 딸기맛:100.0",
D190036,"요구르트(액상,플레인)",우유 및 유제품류,우유 및 유제품류,100.0,,우유,"요구르트, 액상(농후), 플레인:100.0",
D190035,"요구르트(액상,딸기맛)",우유 및 유제품류,우유 및 유제품류,100.0,,우유,"요구르트, 액상(농후), 딸기맛:100.0",
D190018,요구르트(액상),우유 및 유제품류,우유 및 유제품류,65.0,,우유,"요구르트, 호상, 플레인:65.0|요구르트, 호상, 플레인:65.0|요구르트, 호상, 플레인:65.0",
D190034,연유,우유 및 유제품류,우유 및 유제품류,100.0,,우유,"연유, 점성이 낮은것:100.0",
D190031,아이스밀크,우유 및 유제품류,우유 및 유제품류,100.0,,우유,아이스밀크:100.0,
D190002,아이스크림(바닐라),우유 및 유제품류,우유 및 유제품류,100.0,,우유,"아이스크림, 바닐라맛:100.0",
D190030,샤베트,우유 및 유제품류,우유 및 유제품류,100.0,,우유,셔벗:100.0,
D021054,생크림 케이크(블루베리),과자 및 빵류,빵류,100.0,,"난류,우유,밀","케이크, 생크림 블루베리:100.0|케이크, 생크림 블루베리:100.0",
D190029,산양유,우유 및 유제품류,우유 및 유제품류,100.0,,우유,산양유:100.0,
D190027,분유(전지),우유 및 유제품류,우유 및 유제품류,100.0,,우유,"분유, 전지:100.0",
D190028,분유(탈지),우유 및 유제품류,우유 및 유제품류,100.0,,우유,"분유, 탈지:100.0",
D190026,분유(3단계),우유 및 유제품류,우유 및 유제품류,100.0,,우유,"분유, 3단계:100.0",
D190025,분유(2단계),우유 및 유제품류,우유 및 유제품류,100.0,,우유,"분유, 2단계:100.0",
D190059,복숭아라씨,우유 및 유제품류,우유 및 유제품류,215.1,,,"민트, 말린것:0.1|피스타치오, 말린것:3.0|꿀:12.0|요구르트, 액상:100.0|우유:50.0|복숭아, 백도, 생것:50.0",
D190062,녹차귀리라떼,우유 및 유제품류,우유 및 유제품류,643.5,,,"양파, 생것:15.0|크림, 생크림:50.0|소금, 천일염:0.5|후추, 흰색, 가루:3.0|버터, 무가염:5.0|아몬드, 볶은것:20.0|녹차, 가루:10.0|우유:200.0|닭 육수:250.0|귀리, 쌀귀리, 도정, 생것:30.0|브로콜리, 생것:60.0",
D190024,분유(1단계),우유 및 유제품류,우유 및 유제품류,100.0,,우유,"분유, 1단계:100.0",
D190001,밀크쉐이크,우유 및 유제품류,우유 및 유제품류,94.0,,우유,"크림, 휘핑, 동물성:3.0|연유, 점성이 높은것:5.0|설탕, 백설탕:6.0|우유:80.0",
D190057,딸기요거트아이스크림,우유 및 유제품류,우유 및 유제품류,176.0,,"난류,밀","과자, 쿠키, 통밀:10.0|꿀:6.0|우유:30.0|요구르트, 액상(농후), 플레인, 식이섬유 첨가:50.0|딸기, 생것:80.0",
D190058,리코타치즈,우유 및 유제품류,우유 및 유제품류,50.2,,,"레몬 착즙:5.0|소금, 천일염, 가는소금:0.2|크림, 생크림:15.0|우유:30.0",
D103056,호박볶음(새우젓),볶음류,채소 및 해조류볶음,124.0,,,"참깨, 흰색, 볶은것:1.0|참기름:1.0|소금, 천일염, 가는소금:1.0|마늘, 생것:1.0|파, 대파, 생것:5.0|담치, 참담치(홍합), 생것:10.0|양파, 데친것:10.0|새우, 젓갈, 토굴육젓:10.0|콩기름:15.0|호박, 애호박, 데친것:70.0",
D103055,호박볶음,볶음류,채소 및 해조류볶음,114.0,,,"참깨, 흰색, 볶은것:1.0|참기름:1.0|소금, 천일염, 가는소금:1.0|마늘, 생것:1.0|파, 대파, 생것:5.0|담치, 참담치(홍합), 생것:10.0|양파, 데친것:10.0|콩기름:15.0|호박, 애호박, 데친것:70.0",
D103053,콩나물볶음,볶음류,채소 및 해조류볶음,216.0,,,"참깨, 흰색, 볶은것:1.0|참기름:2.0|소금, 천일염, 가는소금:2.0|마늘, 생것:3.0|파, 대파, 생것:5.0|고춧가루:8.0|콩기름:15.0|미나리, 물미나리, 데친것:30.0|햄, 프레스햄, 구운것(팬):50.0|콩나물, 삶은것:100.0",
D103084,풋고추볶음과 밀쌈,볶음류,채소 및 해조류볶음,138.6,,,"생수:15.0|밀, 중력밀가루:9.0|참깨, 흰색, 볶은것:0.5|발효주, 청주, 알코올 16%:3.0|참기름:2.0|후추, 검은색, 가루:0.1|마늘, 생것:3.0|소금, 천일염, 가는소금:1.0|양파, 생것:15.0|소고기, 한우(1등급), 우둔, 생것:30.0|대나무순(죽순), 생것:30.0|고추, 빨간색, 생것:10.0|고추, 풋고추, 생것:20.0",
D103054,풋고추볶음,볶음류,채소 및 해조류볶음,65.0,,,"설탕, 백설탕:1.0|마늘, 생것:2.0|참깨, 흰색, 볶은것:2.0|파, 대파, 생것:4.0|간장, 개량, 양조:5.0|콩기름:6.0|고추, 풋고추, 생것:45.0",
D103083,토마토가지볶음,볶음류,채소 및 해조류볶음,111.0,,,"두반장:4.0|간장, 개량, 양조:4.0|설탕, 백설탕:2.0|콩기름:3.0|소고기, 한우(1등급), 우둔(홍두깨살), 생것:20.0|파, 대파, 생것:8.0|토마토, 생것:40.0|가지, 생것:30.0",
D015074,단호박병아리콩카레라이스,밥류,덮밥 및 국밥류,228.0,,,"파프리카, 노란색, 생것:2.0|피망, 초록색, 생것:2.0|파프리카, 빨간색, 생것:2.0|당근, 뿌리, 생것:7.0|브로콜리, 생것:10.0|카레 소스, 가루:10.0|양파, 생것:20.0|감자, 대지, 생것:30.0|소고기, 한우(1++등급), 앞다리, 생것:30.0|호박, 단호박, 생것:40.0|멥쌀, 백미, 생것:75.0|파프리카, 노란색, 생것:2.0|피망, 초록색, 생것:2.0|파프리카, 빨간색, 생것:2.0|당근, 뿌리, 생것:7.0|브로콜리, 생것:10.0|카레 소스, 가루:10.0|양파, 생것:20.0|감자, 대지, 생것:30.0|소고기, 한우(1++등급), 앞다리, 생것:30.0|호박, 단호박, 생것:40.0|멥쌀, 백미, 생것:75.0|파프리카, 노란색, 생것:2.0|피망, 초록색, 생것:2.0|파프리카, 빨간색, 생것:2.0|당근, 뿌리, 생것:7.0|브로콜리, 생것:10.0|카레 소스, 가루:10.0|양파, 생것:20.0|감자, 대지, 생것:30.0|소고기, 한우(1++등급), 앞다리, 생것:30.0|호박, 단호박, 생것:40.0|멥쌀, 백미, 생것:75.0|파프리카, 노란색, 생것:2.0|피망, 초록색, 생것:2.0|파프리카, 빨간색, 생것:2.0|당근, 뿌리, 생것:7.0|브로콜리, 생것:10.0|카레 소스, 가루:10.0|양파, 생것:20.0|감자, 대지, 생것:30.0|소고기, 한우(1++등급), 앞다리, 생것:30.0|호박, 단호박, 생것:40.0|멥쌀, 백미, 생것:75.0",
D103051,취나물볶음,볶음류,채소 및 해조류볶음,47.0,,,"참기름:1.0|마늘, 생것:1.0|참깨, 흰색, 볶은것:1.0|파, 대파, 생것:2.0|콩기름:3.0|간장, 개량, 양조:4.0|취나물, 참취, 데친것:35.0",
D103052,취나물볶음(말린것),볶음류,채소 및 해조류볶음,84.0,,,"참깨, 흰색, 볶은것:1.0|참기름:2.0|마늘, 생것:2.0|간장, 개량, 양조:4.0|파, 쪽파, 생것:6.0|콩기름:9.0|취나물, 참취, 삶아서 말린것, 데친것:60.0",
D103050,죽순볶음,볶음류,채소 및 해조류볶음,70.0,,,"참기름:1.0|고춧가루:1.0|참깨, 흰색, 볶은것:2.0|마늘, 생것:2.0|간장, 개량, 양조:4.0|파, 쪽파, 생것:5.0|콩기름:5.0|대나무순(죽순), 생것:50.0",
D103081,월과채,볶음류,채소 및 해조류볶음,117.75,,대두(콩),"콩기름:2.0|소금, 천일염, 가는소금:0.2|후추, 검은색, 가루:0.05|참기름:2.0|파, 대파, 생것:2.0|마늘, 생것:2.0|발효주, 청주, 알코올 16%:3.0|간장, 개량, 양조:0.5|설탕, 백설탕:3.0|달걀, 생것:15.0|고추, 빨간색, 생것:3.0|찹쌀, 백미, 생것:10.0|생수:20.0|소고기, 한우(1등급), 앞다리(부채살), 생것:20.0|표고버섯, 참나무재배, 말린것, 삶은것:5.0|호박, 애호박, 생것:30.0",
D103048,우거지볶음,볶음류,채소 및 해조류볶음,112.0,,,"참깨, 흰색, 볶은것:1.0|참기름:1.0|설탕, 백설탕:1.0|마늘, 생것:1.0|파, 대파, 생것:5.0|간장, 개량, 양조:8.0|콩기름:15.0|배추, 시래기, 말린것, 삶은것:80.0",
D014100,닭가슴살우엉볶음밥,밥류,비빔밥 및 볶음밥류,126.2,,,"참기름:0.4|물엿:0.5|식초, 양조:1.5|우엉, 생것:5.0|파, 대파, 생것:5.0|호박, 애호박, 생것:5.0|간장, 개량, 양조:5.8|콩기름:8.0|닭고기, 가슴, 생것:40.0|멥쌀, 백미, 생것:55.0|참기름:0.4|물엿:0.5|식초, 양조:1.5|우엉, 생것:5.0|파, 대파, 생것:5.0|호박, 애호박, 생것:5.0|간장, 개량, 양조:5.8|콩기름:8.0|닭고기, 가슴, 생것:40.0|멥쌀, 백미, 생것:55.0",
D105023,김치양배추볶음,볶음류,기타 볶음류,46.9,,,"들기름:2.0|참깨, 검은색, 볶은것:0.1|마늘, 생것:0.5|새우, 보리새우, 생것:0.1|간장, 개량, 양조:0.2|파, 대파, 생것:1.0|양파, 생것:10.0|양배추, 생것:15.0|김치, 배추 김치:18.0|들기름:2.0|참깨, 검은색, 볶은것:0.1|마늘, 생것:0.5|새우, 보리새우, 생것:0.1|간장, 개량, 양조:0.2|파, 대파, 생것:1.0|양파, 생것:10.0|양배추, 생것:15.0|김치, 배추 김치:18.0",
D014112,굴소스야채볶음밥(소),밥류,비빔밥 및 볶음밥류,123.0,,대두(콩),"콩기름:2.0|굴 소스:5.0|파프리카, 노란색, 생것:7.0|파프리카, 빨간색, 생것:7.0|파프리카, 주황색, 생것:7.0|양파, 생것:10.0|피망, 초록색, 생것:10.0|달걀, 생것:20.0|멥쌀, 백미, 생것:55.0|콩기름:2.0|굴 소스:5.0|파프리카, 노란색, 생것:7.0|파프리카, 빨간색, 생것:7.0|파프리카, 주황색, 생것:7.0|양파, 생것:10.0|피망, 초록색, 생것:10.0|달걀, 생것:20.0|멥쌀, 백미, 생것:55.0|콩기름:2.0|굴 소스:5.0|파프리카, 노란색, 생것:7.0|파프리카, 빨간색, 생것:7.0|파프리카, 주황색, 생것:7.0|양파, 생것:10.0|피망, 초록색, 생것:10.0|달걀, 생것:20.0|멥쌀, 백미, 생것:55.0",
D103080,열무버섯볶음,볶음류,채소 및 해조류볶음,98.25,,,"참깨, 흰색, 볶은것:1.0|참기름:2.0|간장, 개량, 양조:3.0|후추, 검은색, 가루:0.05|콩기름:2.0|소금, 천일염, 가는소금:0.2|파프리카, 빨간색, 생것:15.0|마늘, 생것:5.0|표고버섯, 참나무재배, 생것:15.0|느타리버섯, 생것:15.0|열무, 생것:40.0",
D103047,오이볶음,볶음류,채소 및 해조류볶음,87.0,,,"참깨, 흰색, 볶은것:1.0|소금, 천일염, 가는소금:1.0|참기름:2.0|마늘, 생것:2.0|콩기름:5.0|파, 쪽파, 생것:6.0|오이, 다다기, 생것:70.0",
D103043,야채볶음(어묵),볶음류,채소 및 해조류볶음,80.0,,,"소금, 천일염, 가는소금:1.0|참깨, 흰색, 볶은것:2.0|콩기름:3.0|참기름:4.0|당근, 뿌리, 데친것:10.0|어묵:20.0|호박, 애호박, 데친것:20.0|양파, 데친것:20.0",
D103046,양파볶음,볶음류,채소 및 해조류볶음,77.0,,,"참깨, 흰색, 볶은것:1.0|소금, 천일염, 가는소금:1.0|콩기름:5.0|당근, 뿌리, 데친것:10.0|양파, 데친것:60.0",
D103041,야채볶음(닭고기),볶음류,채소 및 해조류볶음,145.0,,,"후추, 검은색, 가루:1.0|발효주, 청주, 알코올 16%:1.0|생강, 뿌리줄기, 생것:1.0|마늘, 생것:1.0|설탕, 백설탕:2.0|간장, 개량, 양조:4.0|파, 쪽파, 생것:5.0|콩기름:5.0|고추, 빨간색, 생것:5.0|피망, 초록색, 데친것:10.0|당근, 뿌리, 데친것:20.0|양파, 데친것:30.0|닭고기, 구운것:60.0",
D103044,야채볶음(표고버섯),볶음류,채소 및 해조류볶음,70.0,,,"소금, 천일염, 가는소금:1.0|참깨, 흰색, 볶은것:2.0|콩기름:3.0|참기름:4.0|표고버섯, 참나무재배, 말린것, 삶은것:10.0|당근, 뿌리, 데친것:10.0|호박, 애호박, 데친것:20.0|양파, 데친것:20.0",
D103042,야채볶음(양송이버섯),볶음류,채소 및 해조류볶음,70.0,,,"소금, 천일염, 가는소금:1.0|참깨, 흰색, 볶은것:2.0|콩기름:3.0|참기름:4.0|양송이버섯, 데친것:10.0|당근, 뿌리, 데친것:10.0|호박, 애호박, 데친것:20.0|양파, 데친것:20.0",
D103078,소고기머위순들깨볶음,볶음류,채소 및 해조류볶음,209.25,,,"들깨, 볶은것:3.0|참기름:2.0|간장, 개량, 양조:6.0|설탕, 백설탕:1.0|후추, 검은색, 가루:0.05|발효주, 청주, 알코올 16%:3.0|생수:100.0|소금, 천일염, 가는소금:2.0|고추, 빨간색, 말린것:0.2|콩기름:2.0|소고기, 한우, 등심, 생것:20.0|머위, 생것:70.0",
D103079,시래기멸치지짐,볶음류,채소 및 해조류볶음,209.5,,,"참깨, 흰색, 볶은것:0.5|참기름:2.0|고추장, 개량:5.0|된장, 개량:7.0|생수:100.0|멸치, 대멸치, 삶아서 말린것:5.0|호박, 애호박, 생것:25.0|양파, 생것:15.0|무청, 시래기, 말린것, 삶은것:50.0",
D103086,브로콜리견과류볶음,볶음류,채소 및 해조류볶음,95.3,,,"소금, 천일염, 가는소금:0.3|버터, 무가염:10.0|캐슈너트, 조미, 볶은것:10.0|아몬드, 볶은것:5.0|브로콜리, 생것:70.0",
D103039,부추볶음(돼지고기),볶음류,채소 및 해조류볶음,80.0,,,"참깨, 흰색, 볶은것:1.0|참기름:2.0|마늘, 생것:2.0|간장, 재래:4.0|콩기름:5.0|파, 쪽파, 생것:6.0|돼지고기, 등심, 구운것(팬):10.0|부추, 재래종, 데친것:50.0",
D103038,부추볶음(계란),볶음류,채소 및 해조류볶음,90.0,,,"참깨, 흰색, 볶은것:1.0|참기름:2.0|마늘, 생것:2.0|간장, 재래:4.0|콩기름:5.0|파, 쪽파, 생것:6.0|달걀, 부침(달걀프라이):20.0|부추, 재래종, 데친것:50.0",
D103037,부추볶음,볶음류,채소 및 해조류볶음,70.0,,,"참깨, 흰색, 볶은것:1.0|참기름:2.0|마늘, 생것:2.0|간장, 재래:4.0|콩기름:5.0|파, 쪽파, 생것:6.0|부추, 재래종, 데친것:50.0",
D103031,배추나물볶음,볶음류,채소 및 해조류볶음,58.0,,,"후추, 검은색, 가루:1.0|참기름:1.0|설탕, 백설탕:1.0|마늘, 생것:1.0|간장, 개량, 양조:4.0|파, 대파, 생것:5.0|콩기름:5.0|배추, 데친것:40.0",
D103035,"버섯볶음(양송이버섯, 소고기)",볶음류,채소 및 해조류볶음,129.0,,,"참깨, 흰색, 볶은것:1.0|소금, 천일염, 가는소금:1.0|고춧가루:1.0|마늘, 생것:2.0|콩기름:3.0|파, 쪽파, 생것:5.0|간장, 개량, 양조:6.0|당근, 뿌리, 데친것:10.0|양파, 데친것:20.0|소고기, 한우, 등심, 구운것(팬):20.0|양송이버섯, 데친것:60.0",
D103030,미역줄기볶음,볶음류,채소 및 해조류볶음,104.0,,,"마늘, 생것:1.0|참기름:4.0|소금, 천일염, 가는소금:4.0|콩기름:5.0|양파, 데친것:10.0|고추, 풋고추, 생것:10.0|미역, 줄기, 염장 후 탈염, 삶은것:70.0",
D103036,"버섯볶음(표고버섯, 소고기)",볶음류,채소 및 해조류볶음,129.0,,,"참깨, 흰색, 볶은것:1.0|소금, 천일염, 가는소금:1.0|고춧가루:1.0|마늘, 생것:2.0|콩기름:3.0|파, 쪽파, 생것:5.0|간장, 개량, 양조:6.0|당근, 뿌리, 데친것:10.0|양파, 데친것:20.0|소고기, 한우, 등심, 구운것(팬):20.0|표고버섯, 참나무재배, 말린것, 삶은것:60.0",
D103034,"버섯볶음(느타리버섯, 피망)",볶음류,채소 및 해조류볶음,108.0,,,"파, 대파, 생것:1.0|소금, 천일염, 가는소금:1.0|마늘, 생것:1.0|간장, 재래:2.0|콩기름:3.0|피망, 초록색, 데친것:10.0|양파, 데친것:10.0|당근, 뿌리, 데친것:10.0|느타리버섯, 데친것:70.0",
D103033,"버섯볶음(느타리버섯, 부추)",볶음류,채소 및 해조류볶음,119.0,,,"참기름:1.0|소금, 천일염, 가는소금:1.0|마늘, 생것:1.0|간장, 재래:1.0|콩기름:5.0|고추, 풋고추, 생것:5.0|부추, 재래종, 데친것:10.0|당근, 뿌리, 데친것:10.0|양파, 데친것:15.0|숙주나물, 데친것:20.0|느타리버섯, 데친것:50.0",
D014127,미역볶음밥,밥류,비빔밥 및 볶음밥류,231.3,,,"들깨, 볶은것:10.0|소금, 천일염, 가는소금:0.3|마늘, 다진것:1.0|들기름:1.0|새우, 흰다리새우, 생것:10.0|미역, 양식, 생것:35.0|주꾸미, 생것:30.0|오징어, 생것:20.0|고추, 빨간색, 생것:2.0|고추, 청양고추, 생것:3.0|파, 쪽파, 생것:6.0|양파, 생것:40.0|다시마, 말린것:3.0|멥쌀, 백미, 신동진, 생것:70.0|들깨, 볶은것:10.0|소금, 천일염, 가는소금:0.3|마늘, 다진것:1.0|들기름:1.0|새우, 흰다리새우, 생것:10.0|미역, 양식, 생것:35.0|주꾸미, 생것:30.0|오징어, 생것:20.0|고추, 빨간색, 생것:2.0|고추, 청양고추, 생것:3.0|파, 쪽파, 생것:6.0|양파, 생것:40.0|다시마, 말린것:3.0|멥쌀, 백미, 신동진, 생것:70.0",
D103032,버섯볶음(느타리버섯),볶음류,채소 및 해조류볶음,98.0,,,"파, 대파, 생것:1.0|소금, 천일염, 가는소금:1.0|마늘, 생것:1.0|간장, 재래:2.0|콩기름:3.0|양파, 데친것:10.0|당근, 뿌리, 데친것:10.0|느타리버섯, 데친것:70.0",
D103072,무청볶음(된장),볶음류,채소 및 해조류볶음,39.8,,,"마늘, 생것:0.4|고춧가루:0.4|참기름:0.9|소금, 천일염, 가는소금:0.9|콩기름:1.0|파, 대파, 생것:2.1|된장, 재래:4.3|무청, 조선무, 생것:29.8|마늘, 생것:0.4|고춧가루:0.4|참기름:0.9|소금, 천일염, 가는소금:0.9|콩기름:1.0|파, 대파, 생것:2.1|된장, 재래:4.3|무청, 조선무, 생것:29.8|마늘, 생것:0.4|고춧가루:0.4|참기름:0.9|소금, 천일염, 가는소금:0.9|콩기름:1.0|파, 대파, 생것:2.1|된장, 재래:4.3|무청, 조선무, 생것:29.8",
D103073,미역자반,볶음류,채소 및 해조류볶음,52.0,,,"참깨, 흰색, 볶은것:8.0|설탕, 백설탕:12.0|콩기름:12.0|미역, 생것:20.0",
D014043,율무볶음밥,밥류,비빔밥 및 볶음밥류,238.95,,,"카레 소스, 가루:4.0|후추, 검은색, 가루:0.05|소금, 천일염, 가는소금:0.9|올리브유:4.0|생수:90.0|완두, 생것:30.0|율무, 도정, 생것:60.0|돼지고기, 앞다리(앞다리살), 생것:20.0|당근, 뿌리, 생것:10.0|양파, 생것:15.0|마늘, 생것:5.0|카레 소스, 가루:4.0|후추, 검은색, 가루:0.05|소금, 천일염, 가는소금:0.9|올리브유:4.0|생수:90.0|완두, 생것:30.0|율무, 도정, 생것:60.0|돼지고기, 앞다리(앞다리살), 생것:20.0|당근, 뿌리, 생것:10.0|양파, 생것:15.0|마늘, 생것:5.0",
D103077,무매운볶음,볶음류,채소 및 해조류볶음,129.0,,,"후추, 검은색, 가루:0.1|물엿:5.0|생수:3.0|간장, 개량, 양조:4.0|고춧가루:1.0|설탕, 백설탕:2.0|참깨, 검은색, 볶은것:0.2|고추기름:3.0|치커리, 잎, 생것:20.0|고추, 빨간색, 말린것:0.5|소금, 천일염, 가는소금:0.2|콩기름:8.0|찹쌀, 백미, 가루:8.0|고추, 청양고추, 생것:4.0|무, 조선무, 생것:70.0",
D103026,명일엽볶음,볶음류,채소 및 해조류볶음,103.0,,,"참기름:1.0|소금, 천일염, 가는소금:1.0|마늘, 생것:2.0|들기름:2.0|간장, 개량, 양조:2.0|양파, 데친것:10.0|콩기름:15.0|신선초(명일엽), 생것:70.0",
D103076,돼지고기 죽순채 볶음,볶음류,채소 및 해조류볶음,176.0,,,"참깨, 흰색, 볶은것:1.0|참기름:3.0|설탕, 백설탕:4.0|마늘, 생것:3.0|파, 대파, 생것:4.0|간장, 개량, 양조:8.0|콩기름:2.0|고추, 빨간색, 생것:3.0|숙주나물, 생것:40.0|미나리, 돌미나리, 생것:15.0|표고버섯, 참나무재배, 말린것:3.0|대나무순(죽순), 삶은것:60.0|소고기, 한우(1등급), 우둔, 생것:30.0",
D103024,도라지볶음(간장),볶음류,채소 및 해조류볶음,72.0,,,"참깨, 흰색, 볶은것:1.0|참기름:2.0|소금, 천일염, 가는소금:2.0|마늘, 생것:2.0|간장, 재래:4.0|콩기름:5.0|파, 쪽파, 생것:6.0|도라지, 뿌리, 데친것:50.0",
D103075,고춧잎지짐이,볶음류,채소 및 해조류볶음,149.5,,,"참깨, 흰색, 볶은것:0.5|참기름:3.0|마늘, 생것:3.0|간장, 개량, 양조:2.0|된장, 개량:2.0|매실청:6.0|고춧가루:1.0|생수:60.0|두부:40.0|고추, 빨간색, 생것:3.0|고추, 풋고추, 생것:3.0|파, 대파, 생것:10.0|멸치, 대멸치, 삶아서 말린것:9.0|고춧잎, 말린것:7.0",
D103022,당근볶음,볶음류,채소 및 해조류볶음,22.0,,,"후추, 검은색, 가루:1.0|마늘, 생것:1.0|소금, 천일염, 가는소금:2.0|파, 대파, 생것:3.0|콩기름:5.0|당근, 뿌리, 데친것:10.0",
D103020,깻잎볶음,볶음류,채소 및 해조류볶음,103.0,,,"참기름:1.0|소금, 천일염, 가는소금:1.0|마늘, 생것:2.0|들기름:2.0|간장, 재래:2.0|양파, 데친것:10.0|콩기름:15.0|들깻잎, 데친것:70.0",
D103018,김치볶음(참치),볶음류,채소 및 해조류볶음,89.0,,,"파, 대파, 생것:2.0|마늘, 생것:2.0|콩기름:5.0|다랑어, 가다랑어, 통조림, 유지:40.0|김치, 배추 김치:40.0",
D103025,마늘종볶음,볶음류,채소 및 해조류볶음,87.0,,,"참깨, 흰색, 볶은것:1.0|마늘, 생것:1.0|고춧가루:1.0|콩기름:3.0|파, 쪽파, 생것:5.0|간장, 개량, 양조:6.0|양파, 데친것:20.0|마늘종, 꽃줄기, 데친것:50.0",
D103085,곤약냉잡채,볶음류,채소 및 해조류볶음,364.0,,,"후추, 흰색, 가루:1.0|파, 대파, 생것:5.0|마늘, 다진것:5.0|간장, 개량, 양조:12.0|레몬 착즙:15.0|설탕, 흑설탕:20.0|참깨, 흰색, 볶은것:5.0|참기름:15.0|달걀, 생것:60.0|부추, 솔부추, 생것:15.0|고추, 빨간색, 생것:17.0|고추, 초록색, 녹광, 생것:14.0|팽이버섯, 생것:10.0|양파, 생것:25.0|오이, 다다기, 생것:25.0|당근, 뿌리, 생것:20.0|곤약(구약나물), 국수형, 생것:100.0",
D103023,도라지볶음,볶음류,채소 및 해조류볶음,39.0,,,"참기름:1.0|소금, 천일염, 가는소금:1.0|마늘, 생것:1.0|참깨, 흰색, 볶은것:1.0|파, 대파, 생것:2.0|콩기름:3.0|도라지, 뿌리, 데친것:30.0",
D103021,깻잎볶음(멸치),볶음류,채소 및 해조류볶음,63.0,,,"물엿:1.0|마늘, 생것:1.0|간장, 재래:3.0|참기름:4.0|설탕, 백설탕:4.0|콩기름:15.0|멸치, 잔멸치, 삶아서 말린것:15.0|들깻잎, 데친것:20.0",
D014062,깍두기볶음밥,밥류,비빔밥 및 볶음밥류,120.5,,,"설탕, 백설탕:0.5|파, 대파, 생것:1.0|참기름:1.0|콩기름:2.0|간장, 개량, 양조:3.0|고춧가루:3.0|고추장, 개량:10.0|햄, 등심햄:10.0|김치, 깍두기:40.0|멥쌀, 백미, 생것:50.0|설탕, 백설탕:0.5|파, 대파, 생것:1.0|참기름:1.0|콩기름:2.0|간장, 개량, 양조:3.0|고춧가루:3.0|고추장, 개량:10.0|햄, 등심햄:10.0|김치, 깍두기:40.0|멥쌀, 백미, 생것:50.0",
D103017,김치볶음(돼지고기),볶음류,채소 및 해조류볶음,95.0,,,"참기름:1.0|마늘, 생것:1.0|파, 쪽파, 생것:3.0|콩기름:5.0|양파, 데친것:5.0|돼지고기, 등심, 구운것(팬):20.0|김치, 배추 김치:60.0",
D014115,김치볶음밥&달걀후라이,밥류,비빔밥 및 볶음밥류,255.32,,,"마늘, 생것:0.5|소금, 천일염, 가는소금:0.63|참깨, 흰색, 볶은것:0.94|파, 대파, 생것:0.95|김, 참김, 구운것:1.0|간장, 개량, 양조:1.0|참기름:1.89|당근, 뿌리, 생것:3.0|콩기름:3.0|옥수수, 통조림, 가당:3.15|피망, 초록색, 생것:5.42|찹쌀, 백미, 생것:9.42|양파, 생것:9.42|돼지고기, 목심, 생것:40.0|김치, 배추 김치:40.0|달걀, 생것:60.0|멥쌀, 백미, 생것:75.0|마늘, 생것:0.5|소금, 천일염, 가는소금:0.63|참깨, 흰색, 볶은것:0.94|파, 대파, 생것:0.95|김, 참김, 구운것:1.0|간장, 개량, 양조:1.0|참기름:1.89|당근, 뿌리, 생것:3.0|콩기름:3.0|옥수수, 통조림, 가당:3.15|피망, 초록색, 생것:5.42|찹쌀, 백미, 생것:9.42|양파, 생것:9.42|돼지고기, 목심, 생것:40.0|김치, 배추 김치:40.0|달걀, 생것:60.0|멥쌀, 백미, 생것:75.0",
D103015,근대볶음,볶음류,채소 및 해조류볶음,103.0,,,"참기름:1.0|소금, 천일염, 가는소금:1.0|마늘, 생것:2.0|들기름:2.0|간장, 재래:2.0|양파, 데친것:10.0|콩기름:15.0|근대, 데친것:70.0",
D103014,고춧잎볶음,볶음류,채소 및 해조류볶음,104.0,,,"참기름:1.0|소금, 천일염, 가는소금:1.0|참깨, 흰색, 볶은것:1.0|마늘, 생것:2.0|들기름:2.0|간장, 재래:2.0|양파, 데친것:10.0|콩기름:15.0|고춧잎, 데친것:70.0",
D132108,고사리나물,무침류,숙채,96.65,,,"후추, 검은색, 가루:0.05|참기름:2.0|참깨, 흰색, 볶은것:0.6|생수:15.0|마늘, 생것:2.0|파, 대파, 생것:2.0|간장, 개량, 양조:5.0|고사리, 데친것:70.0|후추, 검은색, 가루:0.05|참기름:2.0|참깨, 흰색, 볶은것:0.6|생수:15.0|마늘, 생것:2.0|파, 대파, 생것:2.0|간장, 개량, 양조:5.0|고사리, 데친것:70.0",
D103013,고사리나물(들깨),볶음류,채소 및 해조류볶음,56.0,,,"마늘, 생것:1.0|들깨, 볶은것:1.0|간장, 개량, 양조:1.0|파, 대파, 생것:2.0|콩기름:3.0|참기름:8.0|고사리, 데친것:40.0",
D103074,건곤드레해물볶음,볶음류,채소 및 해조류볶음,164.0,,,"생수:50.0|굴 소스:4.0|두반장:6.0|콩기름:2.0|파, 쪽파, 생것:2.0|고추, 빨간색, 생것:3.0|마늘, 생것:5.0|양파, 생것:15.0|담치, 참담치(홍합), 생것:40.0|새우, 중하, 생것:30.0|고려엉겅퀴(곤드레), 말린것:7.0",
D103006,감자볶음(당근),볶음류,채소 및 해조류볶음,106.0,,,"참깨, 흰색, 볶은것:1.0|소금, 천일염, 가는소금:1.0|마늘, 생것:1.0|파, 대파, 생것:4.0|멸치, 중멸치, 삶아서 말린것:4.0|콩기름:5.0|당근, 뿌리, 데친것:10.0|감자, 대지, 구운것:80.0",
D103011,고비볶음,볶음류,채소 및 해조류볶음,96.0,,,"참기름:1.0|소금, 천일염, 가는소금:1.0|참깨, 흰색, 볶은것:1.0|파, 쪽파, 생것:2.0|마늘, 생것:2.0|들기름:2.0|간장, 재래:2.0|양파, 데친것:10.0|콩기름:15.0|고비, 야생, 말린것, 삶은것:60.0",
D103071,고구마줄기볶음,볶음류,채소 및 해조류볶음,74.7,,,"참기름:0.5|고춧가루:0.9|콩기름:1.0|참깨, 흰색, 볶은것:1.0|마늘, 생것:1.8|소금, 천일염, 가는소금:0.5|파, 쪽파, 생것:4.6|고구마, 줄기, 데친것:64.4|참기름:0.5|고춧가루:0.9|콩기름:1.0|참깨, 흰색, 볶은것:1.0|마늘, 생것:1.8|소금, 천일염, 가는소금:0.5|파, 쪽파, 생것:4.6|고구마, 줄기, 데친것:64.4",
D103008,고구마볶음(고추장),볶음류,채소 및 해조류볶음,91.0,,,"설탕, 백설탕:2.0|고춧가루:2.0|간장, 개량, 양조:2.0|고추, 빨간색, 생것:3.0|콩기름:5.0|고추장, 개량:7.0|당근, 뿌리, 데친것:10.0|양파, 데친것:20.0|고구마, 점질(호박) 고구마, 구운것:40.0",
D103010,고구마줄기볶음(말린것),볶음류,채소 및 해조류볶음,30.0,,,"파, 대파, 생것:1.0|소금, 천일염, 가는소금:1.0|마늘, 생것:2.0|참기름:3.0|콩기름:5.0|간장, 개량, 양조:5.0|고구마, 줄기, 삶아서 말린것, 삶은것:13.0",
D103005,"감자볶음(간장, 어묵)",볶음류,채소 및 해조류볶음,143.0,,,"설탕, 백설탕:1.0|파, 쪽파, 생것:2.0|간장, 개량, 양조:2.0|물엿:3.0|콩기름:5.0|어묵:50.0|감자, 대지, 구운것:80.0",
D103007,감자채볶음,볶음류,채소 및 해조류볶음,119.0,,,"소금, 천일염, 가는소금:1.0|콩기름:3.0|당근, 뿌리, 데친것:10.0|고추, 풋고추, 생것:10.0|양파, 데친것:20.0|감자, 대지, 구운것:75.0",
D103004,감자볶음(간장),볶음류,채소 및 해조류볶음,56.0,,,"마늘, 생것:1.0|참깨, 흰색, 볶은것:1.0|간장, 개량, 양조:1.0|파, 대파, 생것:2.0|콩기름:3.0|참기름:8.0|감자, 대지, 구운것:40.0",
D103003,감자볶음,볶음류,채소 및 해조류볶음,96.0,,,"참깨, 흰색, 볶은것:1.0|소금, 천일염, 가는소금:1.0|마늘, 생것:1.0|파, 대파, 생것:4.0|멸치, 중멸치, 삶아서 말린것:4.0|콩기름:5.0|감자, 대지, 구운것:80.0",
D103068,가지볶음(양파),볶음류,채소 및 해조류볶음,90.1,,,"참깨, 흰색, 볶은것:0.8|파, 쪽파, 생것:1.7|콩기름:2.7|참기름:1.7|소금, 천일염, 가는소금:1.7|마늘, 생것:1.7|간장, 개량, 양조:4.2|양파, 데친것:16.8|가지, 데친것:58.8|참깨, 흰색, 볶은것:0.8|파, 쪽파, 생것:1.7|콩기름:2.7|참기름:1.7|소금, 천일염, 가는소금:1.7|마늘, 생것:1.7|간장, 개량, 양조:4.2|양파, 데친것:16.8|가지, 데친것:58.8",
D102029,햄볶음(시금치),볶음류,육류 및 난류볶음,67.0,,,"후추, 검은색, 가루:1.0|소금, 천일염, 가는소금:1.0|피망, 초록색, 데친것:5.0|콩기름:5.0|양파, 데친것:5.0|시금치, 데친것:10.0|햄, 등심햄:40.0",
D102028,햄볶음(감자),볶음류,육류 및 난류볶음,82.0,,,"후추, 검은색, 가루:1.0|소금, 천일염, 가는소금:1.0|콩기름:5.0|양파, 데친것:5.0|피망, 초록색, 데친것:10.0|감자, 대지, 구운것:20.0|햄, 등심햄:40.0",
D014126,가지볶음밥,밥류,비빔밥 및 볶음밥류,556.3,,,"들기름:4.0|후추, 흰색, 가루:0.3|된장, 개량:12.0|마늘, 다진것:5.0|갯나물, 세발나물, 생것:10.0|멥쌀, 백미, 신동진, 밥:180.0|두부:50.0|가지, 생것:90.0|파프리카, 빨간색, 생것:40.0|김치, 깍두기:35.0|양파, 생것:30.0|호박, 단호박, 생것:100.0|들기름:4.0|후추, 흰색, 가루:0.3|된장, 개량:12.0|마늘, 다진것:5.0|갯나물, 세발나물, 생것:10.0|멥쌀, 백미, 신동진, 밥:180.0|두부:50.0|가지, 생것:90.0|파프리카, 빨간색, 생것:40.0|김치, 깍두기:35.0|양파, 생것:30.0|호박, 단호박, 생것:100.0",
D102027,햄볶음,볶음류,육류 및 난류볶음,57.0,,,"후추, 검은색, 가루:1.0|소금, 천일염, 가는소금:1.0|피망, 초록색, 데친것:5.0|콩기름:5.0|양파, 데친것:5.0|햄, 등심햄:40.0",
D102055,토마토오리볶음,볶음류,육류 및 난류볶음,336.0,,,"물엿:4.0|고추장, 개량:10.0|고추, 풋고추, 생것:5.0|토마토, 생것:50.0|마늘, 다진것:5.0|맛술:8.0|후추, 흰색, 가루:2.0|토마토, 방울토마토, 생것:15.0|부추, 솔부추, 생것:7.0|브로콜리, 생것:25.0|큰느타리버섯(새송이버섯), 생것:10.0|파프리카, 노란색, 생것:20.0|양파, 생것:30.0|가지, 생것:25.0|오리고기, 살코기, 생것:120.0",
D102053,표고버섯 차돌박이 볶음,볶음류,육류 및 난류볶음,142.45,,,"참깨, 흰색, 볶은것:0.2|마늘, 생것:3.0|생강, 뿌리줄기, 생것:2.0|간장, 개량, 양조:6.0|발효주, 청주, 알코올 16%:4.0|설탕, 가루:4.0|후추, 검은색, 가루:0.15|소금, 천일염, 가는소금:0.1|고추, 빨간색, 생것:3.0|피망, 초록색, 생것:15.0|파프리카, 노란색, 생것:15.0|소고기, 한우(1등급), 양지(차돌박이), 생것:60.0|표고버섯, 참나무재배, 생것:30.0",
D102054,풋마늘불고기,볶음류,육류 및 난류볶음,97.5,,,"배즙:6.0|참깨, 흰색, 볶은것:0.5|참기름:2.0|간장, 개량, 양조:5.0|설탕, 백설탕:2.0|소고기, 한우, 등심, 생것:40.0|풋마늘, 잎줄기, 생것:30.0|양파, 생것:12.0",
D102052,오리고기피망잡채,볶음류,육류 및 난류볶음,106.4,,,"참깨, 검은색, 볶은것:0.2|굴 소스:2.0|참기름:2.0|맛술:4.0|간장, 개량, 양조:2.0|설탕, 백설탕:4.0|발효주, 청주, 알코올 16%:4.0|생강, 뿌리줄기, 생것:1.0|후추, 검은색, 가루:0.1|소금, 천일염, 가는소금:0.1|마늘, 생것:7.0|파프리카, 주황색, 생것:10.0|파프리카, 노란색, 생것:10.0|피망, 초록색, 생것:20.0|오리고기, 생것, 껍질 포함:40.0",
D102026,순대볶음,볶음류,육류 및 난류볶음,134.0,,,"참기름:1.0|설탕, 백설탕:1.0|고춧가루:1.0|파, 대파, 생것:2.0|간장, 개량, 양조:4.0|양파, 데친것:5.0|당근, 뿌리, 데친것:5.0|양배추, 데친것:10.0|들깻잎, 데친것:10.0|콩기름:15.0",
D102025,"소시지볶음(토마토케첩, 야채)",볶음류,육류 및 난류볶음,91.0,,,"파, 쪽파, 생것:2.0|소금, 천일염, 가는소금:2.0|마늘, 생것:2.0|고춧가루:2.0|콩기름:3.0|토마토 케첩:10.0|당근, 뿌리, 데친것:10.0|양배추, 데친것:20.0|소시지, 프랑크푸르트소시지:40.0",
D102021,소고기볶음(양배추),볶음류,육류 및 난류볶음,129.0,,,"후추, 검은색, 가루:1.0|콩기름:2.0|설탕, 백설탕:2.0|물엿:2.0|마늘, 생것:2.0|참깨, 흰색, 볶은것:2.0|파, 대파, 생것:4.0|간장, 개량, 양조:4.0|양배추, 데친것:10.0|양파, 데친것:25.0|소고기, 한우, 등심, 구운것(팬):75.0",
D014007,소고기볶음밥,밥류,비빔밥 및 볶음밥류,341.0,,,"후추, 검은색, 가루:1.0|소금, 천일염, 가는소금:1.0|참기름:4.0|콩기름:5.0|완두, 생것:5.0|옥수수, 통조림, 가당:5.0|피망, 초록색, 생것:10.0|찹쌀, 백미, 생것:10.0|양파, 생것:20.0|당근, 뿌리, 생것:20.0|감자, 대지, 생것:20.0|소고기, 한우, 등심, 생것:30.0|멥쌀, 백미, 밥:210.0|후추, 검은색, 가루:1.0|소금, 천일염, 가는소금:1.0|참기름:4.0|콩기름:5.0|완두, 생것:5.0|옥수수, 통조림, 가당:5.0|피망, 초록색, 생것:10.0|찹쌀, 백미, 생것:10.0|양파, 생것:20.0|당근, 뿌리, 생것:20.0|감자, 대지, 생것:20.0|소고기, 한우, 등심, 생것:30.0|멥쌀, 백미, 밥:210.0",
D102023,소시지볶음,볶음류,육류 및 난류볶음,44.0,,대두(콩),"콩기름:1.0|소금, 천일염, 가는소금:1.0|설탕, 백설탕:1.0|마늘, 생것:1.0|소시지, 위너(비엔나)소시지:40.0",
D102022,소고기볶음(표고버섯),볶음류,육류 및 난류볶음,106.0,,,"참깨, 흰색, 볶은것:1.0|참기름:1.0|마늘, 생것:1.0|파, 쪽파, 생것:3.0|콩기름:5.0|간장, 개량, 양조:5.0|양파, 데친것:10.0|표고버섯, 참나무재배, 말린것, 삶은것:20.0|소고기, 한우, 등심, 구운것(팬):60.0",
D102024,소시지볶음(토마토케첩),볶음류,육류 및 난류볶음,54.0,,대두(콩),"콩기름:1.0|소금, 천일염, 가는소금:1.0|설탕, 백설탕:1.0|마늘, 생것:1.0|토마토 케첩:10.0|소시지, 위너(비엔나)소시지:40.0",
D102051,소고기무나물,볶음류,육류 및 난류볶음,96.55,,,"후추, 검은색, 가루:0.05|참기름:1.0|마늘, 생것:2.0|파, 대파, 생것:3.0|설탕, 백설탕:2.0|참깨, 흰색, 볶은것:0.5|콩기름:3.0|고추, 빨간색, 생것:3.0|간장, 개량, 양조:4.0|파, 쪽파, 생것:8.0|소고기, 한우(1등급), 우둔, 생것:30.0|무, 조선무, 생것:40.0",
D102020,소고기볶음(느타리버섯),볶음류,육류 및 난류볶음,121.0,,,"후추, 검은색, 가루:1.0|참기름:1.0|설탕, 백설탕:2.0|마늘, 생것:2.0|고추, 풋고추, 생것:5.0|간장, 재래:5.0|양파, 데친것:10.0|당근, 뿌리, 데친것:10.0|콩기름:15.0|느타리버섯, 데친것:20.0|소고기, 한우, 등심, 구운것(팬):50.0",
D102019,소고기볶음(가지),볶음류,육류 및 난류볶음,129.0,,,"후추, 검은색, 가루:1.0|콩기름:2.0|설탕, 백설탕:2.0|물엿:2.0|마늘, 생것:2.0|참깨, 흰색, 볶은것:2.0|파, 대파, 생것:4.0|간장, 개량, 양조:4.0|가지, 데친것:10.0|양파, 데친것:25.0|소고기, 한우, 등심, 구운것(팬):75.0",
D102016,"불고기(소고기, 배)",볶음류,육류 및 난류볶음,121.0,,,"후추, 검은색, 가루:1.0|마늘, 생것:2.0|참기름:3.0|파, 쪽파, 생것:5.0|설탕, 백설탕:5.0|간장, 개량, 양조:5.0|양파, 데친것:20.0|배, 신고, 생것:20.0|소고기, 한우, 등심, 구운것(팬):60.0",
D102050,사과 닭고기 볶음,볶음류,육류 및 난류볶음,216.7,,,"후추, 검은색, 가루:0.1|소금, 천일염, 가는소금:0.6|올리브유:3.0|발효주, 청주, 알코올 16%:5.0|고춧가루:1.0|생수:60.0|설탕, 백설탕:6.0|마늘, 생것:5.0|고추장, 개량:12.0|고추, 청양고추, 생것:2.0|양파, 생것:12.0|사과, 생것:50.0|닭고기, 가슴, 생것:60.0",
D102017,"불고기(소고기, 오징어)",볶음류,육류 및 난류볶음,171.0,,,"후추, 검은색, 가루:1.0|마늘, 생것:2.0|참기름:3.0|파, 쪽파, 생것:5.0|설탕, 백설탕:5.0|간장, 개량, 양조:5.0|양파, 데친것:20.0|배, 신고, 생것:20.0|오징어, 구운것:50.0|소고기, 한우, 등심, 구운것(팬):60.0",
D102040,불고기(소고기),볶음류,육류 및 난류볶음,55.5,,쇠고기,"소고기, 한우, 등심, 구운것(팬):13.0|소고기, 수입산, 안심(안심살), 구운것:15.0|느타리버섯, 생것:17.0|후추, 검은색, 가루:0.8|참기름:2.0|마늘, 생것:0.8|참깨, 흰색, 볶은것:0.5|간장, 개량, 양조:1.5|설탕, 백설탕:1.0|파, 대파, 생것:3.9|소고기, 한우, 등심, 구운것(팬):13.0|소고기, 수입산, 안심(안심살), 구운것:15.0|느타리버섯, 생것:17.0|후추, 검은색, 가루:0.8|참기름:2.0|마늘, 생것:0.8|참깨, 흰색, 볶은것:0.5|간장, 개량, 양조:1.5|설탕, 백설탕:1.0|파, 대파, 생것:3.9|소고기, 한우, 등심, 구운것(팬):13.0|소고기, 수입산, 안심(안심살), 구운것:15.0|느타리버섯, 생것:17.0|후추, 검은색, 가루:0.8|참기름:2.0|마늘, 생것:0.8|참깨, 흰색, 볶은것:0.5|간장, 개량, 양조:1.5|설탕, 백설탕:1.0|파, 대파, 생것:3.9|소고기, 한우, 등심, 구운것(팬):13.0|소고기, 수입산, 안심(안심살), 구운것:15.0|느타리버섯, 생것:17.0|후추, 검은색, 가루:0.8|참기름:2.0|마늘, 생것:0.8|참깨, 흰색, 볶은것:0.5|간장, 개량, 양조:1.5|설탕, 백설탕:1.0|파, 대파, 생것:3.9",
D102013,"불고기(돼지고기, 고추장)",볶음류,육류 및 난류볶음,187.0,,,"후추, 검은색, 가루:1.0|참기름:2.0|마늘, 생것:3.0|설탕, 백설탕:4.0|간장, 개량, 양조:4.0|파, 대파, 생것:5.0|양파, 데친것:27.0|고추장, 개량:21.0|돼지고기, 등심, 구운것(팬):120.0",
D102012,불고기(돼지고기),볶음류,육류 및 난류볶음,167.0,,,"후추, 검은색, 가루:1.0|생강, 뿌리줄기, 생것:1.0|참기름:3.0|마늘, 생것:3.0|파, 대파, 생것:5.0|설탕, 백설탕:6.0|간장, 개량, 양조:8.0|양파, 데친것:20.0|돼지고기, 등심, 구운것(팬):120.0",
D102011,불고기(닭고기),볶음류,육류 및 난류볶음,103.0,,,"후추, 검은색, 가루:1.0|생강, 뿌리줄기, 생것:1.0|마늘, 생것:2.0|발효주, 청주, 알코올 16%:3.0|참기름:3.0|고춧가루:3.0|물엿:5.0|간장, 개량, 양조:5.0|양파, 데친것:20.0|닭고기, 구운것:60.0",
D102009,돼지고기볶음(콩나물),볶음류,육류 및 난류볶음,193.0,,,"후추, 검은색, 가루:1.0|참깨, 흰색, 볶은것:1.0|참기름:1.0|생강, 뿌리줄기, 생것:1.0|설탕, 백설탕:3.0|마늘, 생것:4.0|간장, 개량, 양조:6.0|파, 대파, 생것:10.0|물엿:11.0|콩기름:15.0|콩나물, 삶은것:20.0|양파, 데친것:20.0|돼지고기, 등심, 구운것(팬):100.0",
D102010,베이컨볶음,볶음류,육류 및 난류볶음,108.0,,,"후추, 검은색, 가루:1.0|참기름:1.0|설탕, 백설탕:1.0|고춧가루:1.0|마늘, 생것:2.0|파, 쪽파, 생것:6.0|간장, 개량, 양조:6.0|양파, 데친것:20.0|양배추, 데친것:30.0|베이컨:40.0",
D102049,배 윙볶음,볶음류,육류 및 난류볶음,131.1,,,"마늘, 생것:2.0|식초, 발사믹:10.0|간장, 개량, 양조:5.0|올리브유:4.0|파슬리, 말린것:0.1|닭고기, 날개, 생것:60.0|배, 생것:50.0",
D102008,돼지고기볶음(김치),볶음류,육류 및 난류볶음,147.0,,,"참깨, 흰색, 볶은것:1.0|생강, 뿌리줄기, 생것:1.0|설탕, 백설탕:2.0|고춧가루:2.0|파, 대파, 생것:3.0|콩기름:4.0|마늘, 생것:4.0|간장, 개량, 양조:5.0|양파, 데친것:15.0|김치, 배추 김치:30.0|돼지고기, 등심, 구운것(팬):80.0",
D102007,"돼지고기볶음(고추장, 야채)",볶음류,육류 및 난류볶음,160.0,,,"후추, 검은색, 가루:1.0|설탕, 백설탕:1.0|생강, 뿌리줄기, 생것:1.0|마늘, 생것:1.0|발효주, 청주, 알코올 16%:2.0|참기름:4.0|피망, 초록색, 데친것:5.0|표고버섯, 참나무재배, 말린것, 삶은것:5.0|파, 대파, 생것:5.0|고추장, 개량:5.0|간장, 재래:5.0|당근, 뿌리, 데친것:10.0|콩기름:15.0|양배추, 데친것:20.0|양파, 데친것:30.0|돼지고기, 등심, 구운것(팬):50.0",
D102006,돼지고기볶음(고추장),볶음류,육류 및 난류볶음,126.0,,,"후추, 검은색, 가루:2.0|참깨, 흰색, 볶은것:2.0|파, 대파, 생것:4.0|참기름:4.0|설탕, 백설탕:4.0|생강, 뿌리줄기, 생것:4.0|마늘, 생것:4.0|간장, 개량, 양조:4.0|물엿:5.0|양파, 데친것:10.0|콩기름:15.0|고추장, 개량:18.0|돼지고기, 등심, 구운것(팬):50.0",
D102005,돼지고기볶음,볶음류,육류 및 난류볶음,173.0,,,"후추, 검은색, 가루:1.0|참깨, 흰색, 볶은것:1.0|참기름:1.0|생강, 뿌리줄기, 생것:1.0|설탕, 백설탕:3.0|마늘, 생것:4.0|간장, 개량, 양조:6.0|파, 대파, 생것:10.0|물엿:11.0|콩기름:15.0|양파, 데친것:20.0|돼지고기, 등심, 구운것(팬):100.0",
D102048,돼지고기 간장볶음,볶음류,육류 및 난류볶음,139.1,,,"후추, 검은색, 가루:0.1|생강, 뿌리줄기, 생것:1.0|설탕, 백설탕:2.0|생수:8.0|조청, 쌀:8.0|간장, 개량, 양조:6.0|파, 대파, 생것:8.0|당근, 뿌리, 생것:10.0|양파, 생것:30.0|마늘, 생것:6.0|돼지고기, 삼겹살, 생것:60.0",
D102047,돈육채볶음,볶음류,육류 및 난류볶음,149.6,,,"치커리, 뿌리, 생것:6.0|상추, 결구(양상추), 녹색, 생것:10.0|상추, 잎상추, 치마상추, 녹색, 생것:10.0|들깻잎, 생것:4.0|참깨, 흰색, 볶은것:0.5|발효주, 청주, 알코올 16%:3.0|참기름:2.0|후추, 검은색, 가루:0.1|소금, 천일염, 가는소금:1.0|생강, 뿌리줄기, 생것:2.0|마늘, 생것:3.0|양파, 생것:10.0|대나무순(죽순), 생것:30.0|고추, 빨간색, 생것:4.0|고추, 풋고추, 생것:4.0|돼지고기, 앞다리(앞다리살), 생것:60.0",
D102046,도라지불고기,볶음류,육류 및 난류볶음,150.6,,,"후추, 검은색, 가루:0.1|참깨, 흰색, 볶은것:0.5|참기름:2.0|마늘, 생것:3.0|간장, 개량, 양조:7.0|설탕, 백설탕:3.0|배, 생것:20.0|콩기름:6.0|표고버섯, 참나무재배, 생것:15.0|당근, 뿌리, 생것:10.0|소금, 천일염, 가는소금:3.0|소고기, 한우, 등심, 생것:40.0|파, 대파, 생것:6.0|양파, 생것:15.0|도라지, 뿌리, 생것:20.0",
D102056,돈불고기 파인애플볶음,볶음류,육류 및 난류볶음,208.0,,대두(콩),"간장, 개량, 양조:5.0|참기름:3.0|마늘, 생것:2.0|부추, 솔부추, 생것:1.0|설탕, 가루:5.0|파, 대파, 생것:5.0|당근, 뿌리, 생것:7.0|양파, 생것:10.0|양배추, 생것:15.0|파인애플, 생것:35.0|돼지고기, 앞다리, 생것:120.0",
D102042,닭불고기(고추장),볶음류,육류 및 난류볶음,78.1,,대두(콩),"고추장, 개량:4.0|후추, 검은색, 가루:0.9|생강, 뿌리줄기, 생것:0.9|마늘, 생것:1.7|발효주, 청주, 알코올 16%:2.6|참기름:4.0|고춧가루:2.6|물엿:4.4|양파, 데친것:22.0|닭고기, 구운것:35.0|고추장, 개량:4.0|후추, 검은색, 가루:0.9|생강, 뿌리줄기, 생것:0.9|마늘, 생것:1.7|발효주, 청주, 알코올 16%:2.6|참기름:4.0|고춧가루:2.6|물엿:4.4|양파, 데친것:22.0|닭고기, 구운것:35.0",
D014131,닭고기볶음밥,밥류,비빔밥 및 볶음밥류,268.0,,,"맛술:15.0|강황, 가루:3.0|당근, 뿌리, 생것:10.0|양파, 생것:20.0|인삼, 수삼, 생것:20.0|대추, 생것:10.0|닭고기, 살코기, 생것:100.0|완두, 생것:10.0|멥쌀, 백미, 신동진, 생것:80.0|맛술:15.0|강황, 가루:3.0|당근, 뿌리, 생것:10.0|양파, 생것:20.0|인삼, 수삼, 생것:20.0|대추, 생것:10.0|닭고기, 살코기, 생것:100.0|완두, 생것:10.0|멥쌀, 백미, 신동진, 생것:80.0",
D031075,닭갈비볶음면,면 및 만두류,면류,338.0,,,"참기름:2.0|고추장, 개량:10.0|고춧가루:1.0|카레 소스, 가루:2.0|라면, 말린것:110.0|닭고기, 가슴, 생것:30.0|토마토, 방울토마토, 생것:50.0|파, 대파, 생것:10.0|양파, 생것:40.0|파프리카, 빨간색, 생것:60.0|파, 쪽파, 생것:1.0|들깻잎, 생것:2.0|마늘, 생것:20.0|참기름:2.0|고추장, 개량:10.0|고춧가루:1.0|카레 소스, 가루:2.0|라면, 말린것:110.0|닭고기, 가슴, 생것:30.0|토마토, 방울토마토, 생것:50.0|파, 대파, 생것:10.0|양파, 생것:40.0|파프리카, 빨간색, 생것:60.0|파, 쪽파, 생것:1.0|들깻잎, 생것:2.0|마늘, 생것:20.0",
D102045,기장 난자완스,볶음류,육류 및 난류볶음,192.3,,,"설탕, 백설탕:2.0|생수:50.0|후추, 검은색, 가루:0.1|생강, 가루:0.2|발효주, 청주, 알코올 16%:3.0|간장, 개량, 양조:9.0|전분, 감자, 가루:10.0|달걀, 난황, 생것:10.0|돼지고기, 등심, 생것:30.0|파프리카, 빨간색, 생것:15.0|콩기름:7.0|파, 대파, 생것:6.0|청경채, 생것:30.0|표고버섯, 참나무재배, 말린것, 삶은것:10.0|기장, 도정, 생것:10.0",
D102002,"곱창볶음(돼지고기, 고추장)",볶음류,육류 및 난류볶음,160.0,,,"후추, 검은색, 가루:1.0|참기름:1.0|설탕, 백설탕:1.0|고춧가루:1.0|생강, 뿌리줄기, 생것:2.0|마늘, 생것:2.0|파, 쪽파, 생것:6.0|간장, 개량, 양조:6.0|콩기름:15.0|고추장, 개량:15.0|양파, 데친것:20.0|돼지 부산물, 소창(곱창), 삶은것:30.0|양배추, 데친것:30.0|돼지고기, 등심, 구운것(팬):30.0",
D014092,날치알계란볶음밥,밥류,비빔밥 및 볶음밥류,84.5,,,"소금, 천일염, 가는소금:0.5|참기름:1.0|콩기름:1.0|버터, 무가염:1.0|피망, 초록색, 생것:3.0|무 절임, 단무지:3.0|멥쌀, 현미, 흑미, 생것:5.0|당근, 뿌리, 생것:5.0|양파, 생것:5.0|날치, 알, 생것:5.0|달걀, 생것:10.0|멥쌀, 백미, 생것:45.0|소금, 천일염, 가는소금:0.5|참기름:1.0|콩기름:1.0|버터, 무가염:1.0|피망, 초록색, 생것:3.0|무 절임, 단무지:3.0|멥쌀, 현미, 흑미, 생것:5.0|당근, 뿌리, 생것:5.0|양파, 생것:5.0|날치, 알, 생것:5.0|달걀, 생것:10.0|멥쌀, 백미, 생것:45.0",
D101027,참치볶음(콩나물),볶음류,어패류볶음,111.0,,,"소금, 천일염, 가는소금:1.0|간장, 재래:1.0|마늘, 생것:1.0|피망, 빨간색, 생것:3.0|피망, 초록색, 생것:5.0|토마토 케첩:5.0|옥수수, 통조림, 가당:5.0|당근, 뿌리, 데친것:5.0|양파, 데친것:10.0|콩기름:15.0|양배추, 데친것:20.0|콩나물, 삶은것:20.0|다랑어, 가다랑어, 통조림, 유지:20.0",
D101026,참치볶음(김치),볶음류,어패류볶음,111.0,,,"소금, 천일염, 가는소금:1.0|간장, 재래:1.0|마늘, 생것:1.0|피망, 빨간색, 생것:3.0|피망, 초록색, 생것:5.0|토마토 케첩:5.0|옥수수, 통조림, 가당:5.0|당근, 뿌리, 데친것:5.0|양파, 데친것:10.0|콩기름:15.0|양배추, 데친것:20.0|김치, 배추 김치:20.0|다랑어, 가다랑어, 통조림, 유지:20.0",
D014058,참치볶음밥,밥류,비빔밥 및 볶음밥류,96.8,,,"참깨, 흰색, 볶은것:0.3|참기름:0.5|콩기름:0.5|간장, 개량, 양조:0.5|당근, 뿌리, 생것:5.0|양파, 생것:5.0|호박, 애호박, 생것:5.0|감자, 대지, 생것:10.0|다랑어, 가다랑어, 통조림, 유지:20.0|멥쌀, 백미, 생것:50.0|참깨, 흰색, 볶은것:0.3|참기름:0.5|콩기름:0.5|간장, 개량, 양조:0.5|당근, 뿌리, 생것:5.0|양파, 생것:5.0|호박, 애호박, 생것:5.0|감자, 대지, 생것:10.0|다랑어, 가다랑어, 통조림, 유지:20.0|멥쌀, 백미, 생것:50.0",
D101024,쥐포볶음(고추장),볶음류,어패류볶음,62.0,,,"설탕, 백설탕:1.0|참깨, 흰색, 볶은것:1.0|간장, 개량, 양조:1.0|콩기름:4.0|고추장, 개량:4.0|파, 대파, 생것:5.0|물엿:6.0|쥐치, 포, 말린것:40.0",
D101033,쥐치포볶음,볶음류,어패류볶음,84.0,,,"참기름:1.0|참깨, 흰색, 볶은것:1.0|파, 대파, 생것:3.0|물엿:5.0|간장, 개량, 양조:2.0|고추장, 개량:6.0|콩기름:6.0|쥐치, 포, 말린것:60.0",
D101031,오징어볶음(고추장),볶음류,어패류볶음,90.2,,,"참기름:1.0|생강, 뿌리줄기, 생것:0.7|소금, 천일염, 가는소금:1.5|설탕, 백설탕:1.5|마늘, 생것:1.5|참깨, 흰색, 볶은것:1.5|콩기름:5.1|고춧가루:2.3|파, 대파, 생것:4.6|고추, 풋고추, 생것:4.6|당근, 뿌리, 데친것:7.8|고추장, 개량:7.8|양파, 데친것:15.2|오징어, 구운것:35.1|참기름:1.0|생강, 뿌리줄기, 생것:0.7|소금, 천일염, 가는소금:1.5|설탕, 백설탕:1.5|마늘, 생것:1.5|참깨, 흰색, 볶은것:1.5|콩기름:5.1|고춧가루:2.3|파, 대파, 생것:4.6|고추, 풋고추, 생것:4.6|당근, 뿌리, 데친것:7.8|고추장, 개량:7.8|양파, 데친것:15.2|오징어, 구운것:35.1|참기름:1.0|생강, 뿌리줄기, 생것:0.7|소금, 천일염, 가는소금:1.5|설탕, 백설탕:1.5|마늘, 생것:1.5|참깨, 흰색, 볶은것:1.5|콩기름:5.1|고춧가루:2.3|파, 대파, 생것:4.6|고추, 풋고추, 생것:4.6|당근, 뿌리, 데친것:7.8|고추장, 개량:7.8|양파, 데친것:15.2|오징어, 구운것:35.1",
D101023,오징어채볶음(고추장),볶음류,어패류볶음,37.0,,,"들깨, 볶은것:1.0|콩기름:3.0|물엿:5.0|고추장, 개량:5.0|간장, 개량, 양조:5.0|오징어, 말린것:18.0",
D101020,어묵볶음(양파),볶음류,어패류볶음,99.0,,,"마늘, 생것:1.0|파, 쪽파, 생것:3.0|콩기름:3.0|물엿:5.0|간장, 개량, 양조:7.0|양파, 데친것:30.0|어묵:50.0",
D101021,어묵볶음(햄),볶음류,어패류볶음,108.0,,,"참깨, 흰색, 볶은것:1.0|마늘, 생것:2.0|파, 대파, 생것:3.0|간장, 개량, 양조:3.0|콩기름:4.0|양파, 데친것:15.0|햄, 프레스햄, 구운것(팬):20.0|어묵:60.0",
D101019,어묵볶음(마늘종),볶음류,어패류볶음,92.0,,,"참깨, 흰색, 볶은것:1.0|마늘, 생것:1.0|콩기름:2.0|간장, 개량, 양조:3.0|물엿:5.0|어묵:40.0|마늘종, 꽃줄기, 데친것:40.0",
D101016,어묵볶음,볶음류,어패류볶음,128.0,,,"소금, 천일염, 가는소금:1.0|참깨, 흰색, 볶은것:1.0|마늘, 생것:2.0|콩기름:4.0|파, 쪽파, 생것:5.0|양파, 데친것:15.0|당근, 뿌리, 데친것:20.0|감자, 대지, 구운것:20.0|어묵:60.0",
D101018,어묵볶음(당근),볶음류,어패류볶음,128.0,,,"소금, 천일염, 가는소금:1.0|참깨, 흰색, 볶은것:1.0|마늘, 생것:2.0|콩기름:4.0|파, 쪽파, 생것:5.0|양파, 데친것:15.0|당근, 뿌리, 데친것:20.0|감자, 대지, 구운것:20.0|어묵:60.0",
D101017,어묵볶음(느타리버섯),볶음류,어패류볶음,110.0,,,"참깨, 흰색, 볶은것:1.0|마늘, 생것:2.0|파, 대파, 생것:3.0|간장, 개량, 양조:4.0|콩기름:5.0|양파, 데친것:15.0|느타리버섯, 데친것:20.0|어묵:60.0",
D101035,시금치삼치볶음,볶음류,어패류볶음,118.2,,"어패류(굴, 전복, 홍합 포함)","굴 소스:2.0|물엿:3.0|간장, 개량, 양조:3.0|콩기름:5.0|전분, 감자, 가루:2.0|후추, 검은색, 가루:0.1|소금, 천일염, 가는소금:0.1|시금치, 생것:30.0|마늘, 생것:3.0|삼치, 생것:70.0",
D031123,새우볶음우동,면 및 만두류,면류,124.1,,,"후추, 검은색, 가루:0.1|마늘, 생것:0.5|파, 대파, 생것:0.5|물엿:1.0|콩기름:1.0|당근, 뿌리, 생것:2.0|간장, 개량, 양조:2.0|굴 소스:2.0|양파, 생것:5.0|피망, 초록색, 생것:5.0|숙주나물, 생것:10.0|새우, 흰다리새우, 생것:15.0|우동면, 생것:80.0|후추, 검은색, 가루:0.1|마늘, 생것:0.5|파, 대파, 생것:0.5|물엿:1.0|콩기름:1.0|당근, 뿌리, 생것:2.0|간장, 개량, 양조:2.0|굴 소스:2.0|양파, 생것:5.0|피망, 초록색, 생것:5.0|숙주나물, 생것:10.0|새우, 흰다리새우, 생것:15.0|우동면, 생것:80.0",
D101014,북어볶음(고추장),볶음류,어패류볶음,36.0,,대두(콩),"콩기름:3.0|물엿:5.0|고추장, 개량:5.0|간장, 개량, 양조:5.0|명태, 북어, 말린것:18.0",
D101013,뱅어포볶음(고추장),볶음류,어패류볶음,33.0,,,"참기름:1.0|마늘, 생것:1.0|간장, 개량, 양조:2.0|콩기름:4.0|고추장, 개량:5.0|고추, 풋고추, 생것:5.0|물엿:7.0|뱅어, 포, 말린것:8.0",
D101012,문어볶음,볶음류,어패류볶음,168.0,,,"소금, 천일염, 가는소금:1.0|마늘, 생것:2.0|설탕, 백설탕:4.0|고춧가루:4.0|파, 쪽파, 생것:5.0|콩기름:5.0|고추, 풋고추, 생것:7.0|당근, 뿌리, 데친것:10.0|호박, 애호박, 데친것:20.0|양파, 데친것:20.0|양배추, 데친것:20.0|문어, 생것:70.0",
D101011,멸치볶음(잔멸치),볶음류,어패류볶음,53.0,,,"마늘, 생것:1.0|간장, 개량, 양조:2.0|참기름:3.0|물엿:7.0|고추, 풋고추, 생것:10.0|콩기름:15.0|멸치, 잔멸치, 삶아서 말린것:15.0",
D101010,멸치볶음(꽈리고추),볶음류,어패류볶음,55.0,,,"참깨, 흰색, 볶은것:1.0|참기름:3.0|간장, 개량, 양조:3.0|마늘, 생것:4.0|파, 대파, 생것:5.0|콩기름:5.0|물엿:10.0|고추, 꽈리고추, 생것:15.0|멸치, 중멸치, 삶아서 말린것:9.0",
D101009,멸치볶음(고추장),볶음류,어패류볶음,74.0,,,"참깨, 흰색, 볶은것:1.0|콩기름:2.0|참기름:3.0|마늘, 생것:3.0|파, 대파, 생것:8.0|물엿:20.0|고추장, 개량:7.0|멸치, 중멸치, 삶아서 말린것:30.0",
D101001,건꼴뚜기볶음(고추장),볶음류,어패류볶음,38.0,,대두(콩),"콩기름:3.0|물엿:5.0|고추장, 개량:5.0|간장, 개량, 양조:5.0|꼴뚜기, 참꼴뚜기, 삶아서 말린것:20.0",
D101003,게맛살볶음,볶음류,어패류볶음,91.0,,,"소금, 천일염, 가는소금:1.0|콩기름:15.0|달걀, 부침(달걀프라이):25.0|게맛살, 어육함량이 낮은것:50.0",
D101002,건새우볶음(고추장),볶음류,어패류볶음,33.0,,,"참기름:1.0|마늘, 생것:1.0|간장, 개량, 양조:1.0|콩기름:2.0|고추장, 개량:3.0|물엿:5.0|새우, 꽃새우, 삶아서 말린것:20.0",
D101008,멸치볶음(견과류),볶음류,어패류볶음,54.0,,,"소금, 천일염, 가는소금:1.0|마늘, 생것:1.0|콩기름:3.0|간장, 개량, 양조:3.0|물엿:5.0|고추, 풋고추, 생것:20.0|호박씨, 조미, 볶은것:2.0|호두, 볶은것:2.0|아몬드, 볶은것:2.0|멸치, 중멸치, 삶아서 말린것:15.0",
D101034,녹두멸치볶음,볶음류,어패류볶음,49.0,,,"참깨, 흰색, 볶은것:1.0|물엿:5.0|간장, 개량, 양조:1.0|참깨, 흰색, 볶은것:1.0|물엿:5.0|간장, 개량, 양조:1.0|들기름:2.0|멸치, 잔멸치, 삶아서 말린것:15.0|생수:15.0|들기름:2.0|멸치, 잔멸치, 삶아서 말린것:15.0|녹두, 말린것:10.0|생수:15.0|녹두, 말린것:10.0",
D101006,낙지볶음(고추장),볶음류,어패류볶음,89.0,,,"참깨, 흰색, 볶은것:1.0|콩기름:2.0|설탕, 백설탕:2.0|고춧가루:2.0|참기름:3.0|마늘, 생것:3.0|고추장, 개량:3.0|고추, 풋고추, 생것:5.0|간장, 개량, 양조:8.0|당근, 뿌리, 데친것:10.0|양파, 데친것:15.0|낙지, 세발낙지, 생것:35.0",
D101005,꽃게볶음,볶음류,어패류볶음,208.0,,,"파, 대파, 생것:1.0|생강, 뿌리줄기, 생것:1.0|마늘, 생것:3.0|굴 소스:3.0|간장, 개량, 양조:5.0|콩기름:15.0|게, 꽃게, 찐것:180.0",
D101004,꽁치볶음(고추장),볶음류,어패류볶음,36.0,,대두(콩),"콩기름:3.0|물엿:5.0|고추장, 개량:5.0|간장, 개량, 양조:5.0|꽁치, 구운것:18.0",
D105021,호박고지잡채,볶음류,기타 볶음류,94.05,,,"후추, 검은색, 가루:0.05|참기름:2.0|마늘, 생것:3.0|파, 대파, 생것:4.0|간장, 개량, 양조:8.0|당면, 고구마, 말린것:15.0|느타리버섯, 데친것:15.0|소고기, 한우, 등심, 생것:20.0|양파, 생것:10.0|당근, 뿌리, 생것:10.0|호박, 애호박, 말린것:7.0",
D015045,팔보채덮밥,밥류,덮밥 및 국밥류,233.0,,,"마늘, 다진것:1.0|참기름:1.0|표고버섯, 배지재배, 생것:2.0|전분, 감자, 가루:2.0|간장, 개량, 양조:2.0|고추기름:3.0|굴 소스:3.0|해삼, 생것:4.0|당근, 뿌리, 생것:5.0|대나무순(죽순), 통조림:5.0|양배추, 생것:10.0|청경채, 생것:15.0|피망, 초록색, 생것:15.0|파프리카, 빨간색, 생것:15.0|새우, 흰다리새우, 생것:15.0|담치, 참담치(홍합), 생것:15.0|양파, 생것:20.0|오징어, 생것:20.0|멥쌀, 백미, 생것:80.0|마늘, 다진것:1.0|참기름:1.0|표고버섯, 배지재배, 생것:2.0|전분, 감자, 가루:2.0|간장, 개량, 양조:2.0|고추기름:3.0|굴 소스:3.0|해삼, 생것:4.0|당근, 뿌리, 생것:5.0|대나무순(죽순), 통조림:5.0|양배추, 생것:10.0|청경채, 생것:15.0|피망, 초록색, 생것:15.0|파프리카, 빨간색, 생것:15.0|새우, 흰다리새우, 생것:15.0|담치, 참담치(홍합), 생것:15.0|양파, 생것:20.0|오징어, 생것:20.0|멥쌀, 백미, 생것:80.0",
D105008,"잡채(소고기, 표고)",볶음류,기타 볶음류,151.0,,,"후추, 검은색, 가루:1.0|파, 대파, 생것:2.0|참기름:3.0|소금, 천일염, 가는소금:3.0|콩기름:5.0|양파, 데친것:5.0|마늘, 생것:5.0|표고버섯, 참나무재배, 말린것, 삶은것:10.0|당근, 뿌리, 데친것:10.0|간장, 개량, 양조:12.0|소고기, 한우, 등심, 구운것(팬):20.0|시금치, 데친것:25.0|당면, 고구마, 삶은것:50.0",
D105005,"잡채(돼지고기, 표고)",볶음류,기타 볶음류,144.0,,,"후추, 검은색, 가루:1.0|참기름:1.0|소금, 천일염, 가는소금:1.0|파, 대파, 생것:2.0|마늘, 생것:4.0|양파, 데친것:5.0|콩기름:6.0|간장, 개량, 양조:9.0|표고버섯, 참나무재배, 말린것, 삶은것:10.0|당근, 뿌리, 데친것:10.0|돼지고기, 등심, 구운것(팬):20.0|시금치, 데친것:25.0|당면, 고구마, 삶은것:50.0",
D105009,짜장볶음,볶음류,기타 볶음류,425.0,,대두(콩),"콩기름:15.0|양파, 데친것:20.0|당근, 뿌리, 데친것:20.0|양배추, 데친것:30.0|감자, 대지, 구운것:40.0|돼지고기, 등심, 구운것(팬):80.0",
D105004,"잡채(돼지고기, 느타리)",볶음류,기타 볶음류,148.0,,,"후추, 검은색, 가루:1.0|소금, 천일염, 가는소금:1.0|파, 대파, 생것:2.0|참기름:2.0|마늘, 생것:4.0|양파, 데친것:5.0|콩기름:8.0|당근, 뿌리, 데친것:10.0|느타리버섯, 데친것:10.0|간장, 개량, 양조:10.0|돼지고기, 등심, 구운것(팬):20.0|시금치, 데친것:25.0|당면, 고구마, 삶은것:50.0",
D105007,"잡채(소고기, 목이)",볶음류,기타 볶음류,148.0,,,"후추, 검은색, 가루:1.0|파, 대파, 생것:2.0|소금, 천일염, 가는소금:2.0|참기름:3.0|마늘, 생것:4.0|양파, 데친것:5.0|콩기름:6.0|목이버섯, 데친것:10.0|당근, 뿌리, 데친것:10.0|간장, 개량, 양조:10.0|소고기, 한우, 등심, 구운것(팬):20.0|시금치, 데친것:25.0|당면, 고구마, 삶은것:50.0",
D105006,"잡채(소고기, 느타리)",볶음류,기타 볶음류,114.0,,,"소금, 천일염, 가는소금:1.0|마늘, 생것:1.0|참기름:2.0|설탕, 흑설탕:2.0|간장, 개량, 양조:3.0|콩기름:5.0|당근, 뿌리, 데친것:10.0|느타리버섯, 데친것:10.0|시금치, 데친것:15.0|소고기, 한우, 양지, 구운것(팬):15.0|양파, 데친것:20.0|당면, 고구마, 삶은것:30.0",
D105022,삼합잡채,볶음류,기타 볶음류,246.0,,,"참기름:5.0|참깨, 흰색, 볶은것:1.0|마늘, 다진것:5.0|콩기름:15.0|간장, 개량, 양조:10.0|미나리, 물미나리, 생것:20.0|당근, 뿌리, 생것:20.0|고추, 빨간색, 생것:15.0|고추, 초록색, 녹광, 생것:15.0|양파, 생것:25.0|닭고기, 가슴, 생것:20.0|소고기, 한우(1++등급), 우둔, 생것:20.0|바지락, 생것:25.0|주꾸미, 생것:50.0",
D105024,유부 우엉 잡채,볶음류,기타 볶음류,63.0,,,"참기름:1.0|참깨, 흰색, 볶은것:0.5|설탕, 가루:0.5|간장, 개량, 양조:5.0|과당:6.0|올리브유:5.0|당근, 뿌리, 생것:10.0|양파, 생것:10.0|두부, 유부:5.0|우엉, 생것:20.0",
D105020,우엉튀김과 버섯볶음,볶음류,기타 볶음류,147.1,,,"후추, 검은색, 가루:0.1|참기름:2.0|물엿:3.0|식초, 감식초:3.0|발효주, 청주, 알코올 16%:3.0|설탕, 백설탕:3.0|간장, 개량, 양조:5.0|생수:30.0|굴 소스:2.0|콩기름:4.0|전분, 감자, 가루:6.0|고추, 빨간색, 말린것:2.0|생강, 뿌리줄기, 생것:1.0|마늘, 생것:4.0|파, 쪽파, 생것:4.0|큰느타리버섯(새송이버섯), 생것:10.0|목이버섯, 생것:5.0|표고버섯, 참나무재배, 생것:10.0|양송이버섯, 생것:10.0|느타리버섯, 생것:10.0|우엉, 생것:30.0",
D105003,부추잡채,볶음류,기타 볶음류,101.0,,,"발효주, 청주, 알코올 16%:1.0|마늘, 생것:1.0|참기름:2.0|설탕, 백설탕:2.0|생강, 뿌리줄기, 생것:4.0|콩기름:5.0|간장, 재래:6.0|양파, 데친것:10.0|당근, 뿌리, 데친것:10.0|돼지고기, 등심, 구운것(팬):20.0|부추, 재래종, 데친것:40.0",
D105002,메뚜기볶음(고추장),볶음류,기타 볶음류,33.0,,,"참기름:1.0|마늘, 생것:1.0|간장, 개량, 양조:1.0|콩기름:2.0|고추장, 개량:3.0|물엿:5.0|메뚜기, 성충, 생것:20.0",
D104008,콩볶음(간장),볶음류,곡류 및 두류볶음,17.0,,대두(콩),"간장, 개량, 양조:1.0|설탕, 백설탕:2.0|콩기름:3.0|대두, 검은색, 흑태, 말린것:11.0",
D105001,구절판,볶음류,기타 볶음류,145.0,,대두(콩),"콩기름:3.0|참기름:1.0|소금, 천일염, 가는소금:1.0|표고버섯, 참나무재배, 말린것, 삶은것:10.0|밀, 중력밀가루:20.0|당근, 뿌리, 데친것:20.0|오이, 다다기, 생것:30.0|달걀, 부침(달걀프라이):30.0|소고기, 한우, 등심, 구운것(팬):30.0",
D104029,팥리소토,볶음류,곡류 및 두류볶음,241.35,,,"후추, 검은색, 가루:0.05|소금, 천일염, 가는소금:1.3|마늘, 생것:4.0|콩기름:4.0|대추, 말린것:5.0|파, 쪽파, 생것:5.0|두유, 대두:50.0|양파, 생것:12.0|찹쌀, 백미, 생것:20.0|율무, 도정, 생것:20.0|생수:100.0|팥, 적색, 말린것:20.0",
D104028,오리고기 궁중떡볶이,볶음류,곡류 및 두류볶음,166.55,,,"참깨, 흰색, 볶은것:0.5|콩기름:3.0|참기름:3.0|후추, 검은색, 가루:0.05|간장, 개량, 양조:4.0|배즙:5.0|생강, 뿌리줄기, 생것:1.0|발효주, 청주, 알코올 16%:4.0|설탕, 백설탕:3.0|마늘, 생것:8.0|땅콩, 볶은것:5.0|멥쌀떡, 가래떡:70.0|오리고기, 생것, 껍질 포함:30.0|파, 대파, 생것:5.0|당근, 뿌리, 생것:10.0|양파, 생것:15.0",
D015072,돼지고기마파두부덮밥,밥류,덮밥 및 국밥류,117.5,,,"참기름:0.5|파, 대파, 생것:1.0|전분, 감자, 가루:1.0|면실유:1.0|양파, 생것:3.0|피망, 초록색, 생것:3.0|파프리카, 빨간색, 생것:3.0|돼지고기, 앞다리, 생것:5.0|두부:40.0|멥쌀, 백미, 생것:60.0|참기름:0.5|파, 대파, 생것:1.0|전분, 감자, 가루:1.0|면실유:1.0|양파, 생것:3.0|피망, 초록색, 생것:3.0|파프리카, 빨간색, 생것:3.0|돼지고기, 앞다리, 생것:5.0|두부:40.0|멥쌀, 백미, 생것:60.0|참기름:0.5|파, 대파, 생것:1.0|전분, 감자, 가루:1.0|면실유:1.0|양파, 생것:3.0|피망, 초록색, 생것:3.0|파프리카, 빨간색, 생것:3.0|돼지고기, 앞다리, 생것:5.0|두부:40.0|멥쌀, 백미, 생것:60.0|참기름:0.5|파, 대파, 생것:1.0|전분, 감자, 가루:1.0|면실유:1.0|양파, 생것:3.0|피망, 초록색, 생것:3.0|파프리카, 빨간색, 생것:3.0|돼지고기, 앞다리, 생것:5.0|두부:40.0|멥쌀, 백미, 생것:60.0",
D104006,라면볶음(고추장),볶음류,곡류 및 두류볶음,259.0,,,"참기름:1.0|콩기름:3.0|파, 쪽파, 생것:5.0|양파, 데친것:10.0|당근, 뿌리, 데친것:10.0|양배추, 데친것:20.0|고추장, 개량:10.0|라면, 말린것, 삶은것:100.0",
D104005,"떡볶이(고추장, 어묵)",볶음류,곡류 및 두류볶음,267.0,,,"참깨, 흰색, 볶은것:1.0|참기름:2.0|설탕, 백설탕:2.0|마늘, 생것:2.0|파, 대파, 생것:5.0|당근, 뿌리, 데친것:7.0|물엿:8.0|양파, 데친것:20.0|고추장, 개량:10.0|어묵:30.0|멥쌀떡, 가래떡:80.0",
D104004,떡볶이(고추장),볶음류,곡류 및 두류볶음,388.0,,,"참기름:1.0|고춧가루:1.0|파, 쪽파, 생것:2.0|마늘, 생것:2.0|간장, 개량, 양조:3.0|설탕, 백설탕:4.0|양배추, 데친것:5.0|당근, 뿌리, 데친것:5.0|양파, 데친것:85.0|고추장, 개량:10.0|멥쌀떡, 가래떡:70.0",
D104003,"떡볶이(간장, 돼지고기)",볶음류,곡류 및 두류볶음,271.0,,,"후추, 검은색, 가루:1.0|참깨, 흰색, 볶은것:1.0|참기름:1.0|설탕, 백설탕:2.0|마늘, 생것:2.0|파, 대파, 생것:5.0|당근, 뿌리, 데친것:7.0|물엿:12.0|양파, 데친것:20.0|간장, 개량, 양조:10.0|돼지고기, 등심, 구운것(팬):30.0|멥쌀떡, 가래떡:80.0",
D104027,두부소보로청경채볶음,볶음류,곡류 및 두류볶음,143.0,,,"참깨, 흰색, 볶은것:0.5|마늘, 생것:3.0|굴 소스:4.0|설탕, 백설탕:1.0|참기름:2.0|후추, 검은색, 가루:0.1|소금, 천일염, 가는소금:0.4|콩기름:2.0|청경채, 생것:50.0|두부:80.0",
D104002,두부볶음(김치),볶음류,곡류 및 두류볶음,95.0,,,"소금, 천일염, 가는소금:2.0|콩기름:3.0|김치, 배추 김치:10.0|두부:80.0",
D014097,청경채두부볶음밥,밥류,비빔밥 및 볶음밥류,92.3,,,"소금, 천일염, 가는소금:0.3|콩기름:2.0|돼지고기, 삼겹살, 생것:5.0|청경채, 생것:10.0|두부:10.0|멥쌀, 백미, 생것:65.0|소금, 천일염, 가는소금:0.3|콩기름:2.0|돼지고기, 삼겹살, 생것:5.0|청경채, 생것:10.0|두부:10.0|멥쌀, 백미, 생것:65.0",
D013037,취나물영양밥,밥류,채소밥류,181.0,,,"소금, 천일염, 소금꽃:1.0|은행, 생것:5.0|표고버섯, 배지재배, 생것:15.0|도라지, 뿌리, 생것:20.0|취나물, 곰취, 생것:60.0|멥쌀, 백미, 생것:80.0",
D013027,죽순영양밥,밥류,채소밥류,267.4,,,"참깨, 흰색, 볶은것:2.0|물엿:3.0|간장, 개량, 양조:4.0|고추장, 개량:4.0|된장, 개량:3.0|고춧가루:3.0|생수:100.0|다시마, 말린것:1.0|식초, 감식초:3.0|소금, 천일염, 가는소금:2.4|잣, 생것:2.0|은행, 생것:5.0|대추, 말린것:5.0|대나무순(죽순), 생것:30.0|즉석밥, 잡곡밥(멥쌀, 찹쌀, 흑미, 팥, 기장, 찰수수):30.0|찹쌀, 백미, 생것:40.0|멥쌀, 백미, 생것:30.0",
D013042,표고버섯콩나물밥,밥류,채소밥류,131.6,,,"소금, 천일염, 소금꽃:0.1|참기름:0.5|맛술:1.0|표고버섯, 배지재배, 생것:10.0|멥쌀, 백미, 생것:60.0|콩나물, 생것:60.0",
D051079,콩나물국밥,국(탕)류,맑은국류,724.0,,대두(콩),"간장, 재래:1.0|소금, 천일염, 가는소금:2.0|마늘, 생것:2.0|파, 대파, 생것:4.0|멸치 육수:5.0|무, 조선무, 생것:30.0|멥쌀, 백미, 밥:40.0|콩나물, 삶은것:40.0|간장, 재래:1.0|소금, 천일염, 가는소금:2.0|마늘, 생것:2.0|파, 대파, 생것:4.0|멸치 육수:5.0|무, 조선무, 생것:30.0|멥쌀, 백미, 밥:40.0|콩나물, 삶은것:40.0",
D013040,소고기콩나물밥,밥류,채소밥류,126.6,,,"소금, 천일염, 소금꽃:0.1|참기름:0.5|맛술:1.0|표고버섯, 배지재배, 생것:10.0|소고기, 한우(1++등급), 등심, 생것:25.0|콩나물, 생것:30.0|멥쌀, 백미, 생것:60.0|소금, 천일염, 소금꽃:0.1|참기름:0.5|맛술:1.0|표고버섯, 배지재배, 생것:10.0|소고기, 한우(1++등급), 등심, 생것:25.0|콩나물, 생것:30.0|멥쌀, 백미, 생것:60.0|소금, 천일염, 소금꽃:0.1|참기름:0.5|맛술:1.0|표고버섯, 배지재배, 생것:10.0|소고기, 한우(1++등급), 등심, 생것:25.0|콩나물, 생것:30.0|멥쌀, 백미, 생것:60.0",
D013030,취나물밥,밥류,채소밥류,108.0,,,"당근, 뿌리, 생것:1.0|무, 조선무, 생것:2.0|취나물, 곰취, 재배, 말린것:5.0|찹쌀, 백미, 생것:10.0|멥쌀, 백미, 생것:90.0",
D013045,울금해초밥,밥류,채소밥류,180.0,,,"참기름:15.0|고춧가루:2.0|마늘, 다진것:3.0|두부:50.0|양파, 생것:15.0|미소:15.0|미역, 줄기, 생것:10.0|올리브유:5.0|멥쌀, 백미, 생것:50.0|울금, 가루:15.0",
D013033,은행영양밥,밥류,채소밥류,108.2,,,"소금, 천일염:0.2|표고버섯, 배지재배, 생것:3.0|밤, 생것:5.0|은행, 생것:5.0|당근, 뿌리, 생것:5.0|연근, 생것:5.0|우엉, 생것:5.0|찹쌀, 백미, 생것:10.0|멥쌀, 백미, 생것:70.0",
D013026,연근 연잎밥,밥류,채소밥류,197.2,,,"소금, 천일염, 가는소금:1.2|대두, 검은색, 서리태, 말린것:8.0|호두, 볶은것:3.0|대추, 말린것:5.0|은행, 생것:5.0|밤, 생것:15.0|생수:80.0|조, 차조, 도정, 생것:10.0|찹쌀, 현미, 흑미, 생것:10.0|찹쌀, 백미, 생것:40.0|연근, 생것:20.0",
D013004,야채밥(치즈),밥류,채소밥류,235.0,,,"참기름:1.0|마늘, 생것:1.0|고춧가루:1.0|파, 쪽파, 생것:2.0|간장, 개량, 양조:5.0|콩나물, 삶은것:20.0|찹쌀, 백미, 보람찰, 밥:10.0|당근, 뿌리, 데친것:5.0|치즈, 체다:10.0|감자, 대지, 삶은것:20.0|멥쌀, 백미, 밥:160.0",
D013003,야채밥,밥류,채소밥류,225.0,,,"참기름:1.0|마늘, 생것:1.0|고춧가루:1.0|파, 쪽파, 생것:2.0|간장, 개량, 양조:5.0|콩나물, 삶은것:20.0|찹쌀, 백미, 보람찰, 밥:10.0|당근, 뿌리, 데친것:5.0|감자, 대지, 삶은것:20.0|멥쌀, 백미, 밥:160.0",
D013041,아주까리나물밥,밥류,채소밥류,141.0,,,"참깨, 흰색, 볶은것:0.5|참기름:0.5|마늘, 다진것:2.0|파, 대파, 생것:2.0|설탕, 백설탕:2.0|들기름:2.0|고춧가루:2.0|미나리, 물미나리, 생것:10.0|간장, 개량, 양조:10.0|아주까리, 순, 말린것:30.0|멥쌀, 백미, 생것:80.0",
D013025,시래기 영양밥,밥류,채소밥류,266.0,,,"생수:90.0|참기름:3.0|참깨, 흰색, 볶은것:1.0|고춧가루:1.0|간장, 개량, 양조:7.0|간장, 재래:3.0|파, 쪽파, 생것:5.0|대두, 검은색, 서리태, 말린것:10.0|대추, 말린것:5.0|은행, 생것:8.0|밤, 생것:20.0|잣, 생것:3.0|찹쌀, 백미, 생것:20.0|멥쌀, 백미, 생것:50.0|무청, 시래기, 말린것, 삶은것:40.0",
D013039,뿌리채소은행밥,밥류,채소밥류,90.0,,,"은행, 생것:5.0|연근, 생것:5.0|우엉, 생것:5.0|감자, 대지, 생것:5.0|찹쌀, 백미, 생것:10.0|멥쌀, 백미, 생것:60.0",
D013038,뿌리채소영양밥,밥류,채소밥류,156.0,,,"소금, 천일염:1.0|당근, 뿌리, 생것:5.0|완두, 생것:5.0|우엉, 생것:10.0|애느타리버섯, 생것:10.0|표고버섯, 배지재배, 생것:10.0|연근, 생것:15.0|고구마, 생것:20.0|멥쌀, 백미, 생것:80.0",
D013043,뿌리채소버섯영양밥,밥류,채소밥류,152.0,,,"들기름:1.0|소금, 천일염:1.0|당근, 뿌리, 생것:5.0|표고버섯, 배지재배, 생것:5.0|완두, 생것:5.0|우엉, 생것:10.0|애느타리버섯, 생것:10.0|연근, 생것:15.0|고구마, 생것:20.0|멥쌀, 백미, 생것:80.0",
D013032,두릅영양밥,밥류,채소밥류,134.0,,,"소금, 천일염, 소금꽃:1.0|은행, 생것:8.0|표고버섯, 배지재배, 생것:15.0|두릅, 참두릅, 생것:30.0|멥쌀, 백미, 생것:80.0",
D013047,버섯곤드레밥,밥류,채소밥류,241.0,,,"참깨, 흰색, 볶은것:2.0|파, 대파, 생것:2.0|마늘, 다진것:2.0|고추, 빨간색, 생것:5.0|고추, 초록색, 녹광, 생것:5.0|된장, 개량:15.0|두부:50.0|참기름:30.0|느타리버섯, 생것:20.0|고려엉겅퀴(곤드레), 말린것:10.0|멥쌀, 백미, 생것:100.0",
D013036,단호박은행밥,밥류,채소밥류,95.0,,,"대추, 말린것:2.0|은행, 생것:3.0|호박, 단호박, 생것:30.0|멥쌀, 백미, 생것:60.0",
D013044,단호박약식,밥류,채소밥류,439.0,,,"계피, 가루:5.0|참기름:10.0|간장, 개량, 양조:6.0|크랜베리, 말린것, 가당:10.0|대추, 말린것:18.0|밤, 생것:40.0|찹쌀, 백미, 생것:100.0|호박, 단호박, 생것:250.0|계피, 가루:5.0|참기름:10.0|간장, 개량, 양조:6.0|크랜베리, 말린것, 가당:10.0|대추, 말린것:18.0|밤, 생것:40.0|찹쌀, 백미, 생것:100.0|호박, 단호박, 생것:250.0",
D014124,곤드레밥/부추파프리카양념장,밥류,비빔밥 및 볶음밥류,183.3,,,"마늘, 생것:0.3|설탕, 황설탕:1.0|들기름:1.0|고춧가루:1.0|파프리카, 노란색, 생것:2.0|피망, 초록색, 생것:2.0|파프리카, 빨간색, 생것:2.0|파, 대파, 생것:2.0|파, 쪽파, 생것:2.0|간장, 개량, 양조:2.0|당근, 뿌리, 생것:3.0|양파, 생것:5.0|가지, 생것:30.0|고려엉겅퀴(곤드레), 재래종, 잎, 생것:50.0|멥쌀, 백미, 생것:80.0|마늘, 생것:0.3|설탕, 황설탕:1.0|들기름:1.0|고춧가루:1.0|파프리카, 노란색, 생것:2.0|피망, 초록색, 생것:2.0|파프리카, 빨간색, 생것:2.0|파, 대파, 생것:2.0|파, 쪽파, 생것:2.0|간장, 개량, 양조:2.0|당근, 뿌리, 생것:3.0|양파, 생것:5.0|가지, 생것:30.0|고려엉겅퀴(곤드레), 재래종, 잎, 생것:50.0|멥쌀, 백미, 생것:80.0",
D013023,깻잎 소고기 쌈밥,밥류,채소밥류,296.1,,대두(콩),"쌈장:15.0|참기름:2.0|참깨, 흰색, 말린것:1.0|소금, 천일염, 가는소금:1.1|당근, 뿌리, 생것:12.0|양파, 생것:15.0|들깻잎, 생것:20.0|멥쌀, 백미, 밥:200.0|소고기, 한우(1등급), 우둔(우둔살), 생것:30.0",
D013035,곤드레나물밥,밥류,채소밥류,124.0,,,"파, 쪽파, 생것:1.0|간장, 개량, 양조:1.0|들기름:2.0|당근, 뿌리, 생것:5.0|찹쌀, 백미, 생것:10.0|무, 조선무, 생것:10.0|고려엉겅퀴(곤드레), 재래종, 잎, 생것:15.0|멥쌀, 백미, 생것:80.0",
D017010,제주고구마밥(향토-제주도),밥류,기타,130.0,,,"고구마, 생것:50.0|멥쌀, 백미, 생것:80.0|고구마, 생것:50.0|멥쌀, 백미, 생것:80.0",
D013019,감자밥,밥류,채소밥류,136.7,,,"소금, 천일염, 가는소금:1.0|감자, 대지, 삶은것:28.8|찹쌀, 백미, 생것:19.2|멥쌀, 백미, 밥:57.7|소금, 천일염, 가는소금:1.0|감자, 대지, 삶은것:28.8|찹쌀, 백미, 생것:19.2|멥쌀, 백미, 밥:57.7|소금, 천일염, 가는소금:1.0|감자, 대지, 삶은것:28.8|찹쌀, 백미, 생것:19.2|멥쌀, 백미, 밥:57.7|소금, 천일염, 가는소금:1.0|감자, 대지, 삶은것:28.8|찹쌀, 백미, 생것:19.2|멥쌀, 백미, 밥:57.7",
D013046,강황고구마밥,밥류,채소밥류,535.0,,대두(콩),"간장, 개량, 양조:15.0|양파, 생것:15.0|고추, 빨간색, 생것:15.0|고추, 초록색, 녹광, 생것:15.0|부추, 솔부추, 생것:10.0|닭 육수:300.0|고구마, 생것:50.0|강황, 가루:15.0|멥쌀, 백미, 생것:100.0",
D013031,가지표고밥,밥류,채소밥류,152.2,,대두(콩),"간장, 개량, 양조:0.1|발효주, 청주, 알코올 16%:0.1|혼합식물성유:2.0|표고버섯, 배지재배, 생것:10.0|돼지고기, 앞다리, 생것:20.0|가지, 생것:30.0|멥쌀, 백미, 생것:90.0",
D013028,가지밥,밥류,채소밥류,95.0,,,"마늘, 생것:0.5|참깨, 흰색, 볶은것:0.5|파, 대파, 생것:1.0|참기름:1.0|간장, 개량, 양조:1.0|고춧가루:1.0|돼지고기, 앞다리, 생것:10.0|가지, 생것:20.0|멥쌀, 백미, 생것:60.0",
D012109,흑미초당옥수수밥,밥류,잡곡밥류,100.0,,,"옥수수, 찰옥수수, 생것:5.0|멥쌀, 현미, 흑미, 생것:10.0|멥쌀, 백미, 생것:85.0",
D012098,흑미차조밥,밥류,잡곡밥류,96.0,,,"멥쌀, 현미, 흑미, 생것:3.0|조, 차조, 도정, 생것:3.0|멥쌀, 백미, 생것:90.0",
D012097,현미흑미밥,밥류,잡곡밥류,90.0,,,"멥쌀, 현미, 흑미, 생것:2.0|멥쌀, 현미, 발아현미, 생것:3.0|멥쌀, 백미, 생것:85.0",
D012095,현미수수밥,밥류,잡곡밥류,100.0,,,"수수, 도정, 생것:5.0|찹쌀, 현미, 생것:5.0|멥쌀, 백미, 생것:90.0",
D012096,현미찹쌀밥,밥류,잡곡밥류,100.0,,,"찹쌀, 백미, 생것:5.0|찹쌀, 현미, 생것:5.0|멥쌀, 백미, 생것:90.0",
D012094,현미기장밥,밥류,잡곡밥류,90.0,,,"기장, 도정, 생것:5.0|멥쌀, 현미, 생것:5.0|멥쌀, 백미, 생것:80.0",
D012026,팥밥,밥류,잡곡밥류,210.0,,,"멥쌀, 백미, 밥:190.0|팥, 적색, 삶은것:20.0",https://www.nongsaro.go.kr/cms_contents/mgnNew/978-89-480-6205-2/978-89-480-6205-2_B_103.jpg
D012120,크렌베리귀리밥,밥류,잡곡밥류,185.0,,,"귀리, 쌀귀리, 도정, 생것:20.0|크랜베리, 말린것, 가당:15.0|멥쌀, 백미, 생것:150.0",
D012066,강낭콩밥,밥류,잡곡밥류,100.0,,,"강낭콩, 생것:10.0|멥쌀, 백미, 생것:90.0|강낭콩, 생것:10.0|멥쌀, 백미, 생것:90.0",
D012093,찹쌀현미밥,밥류,잡곡밥류,108.0,,,"멥쌀, 현미, 발아현미, 생것:3.0|찹쌀, 백미, 생것:5.0|멥쌀, 백미, 생것:100.0",
D012105,찹쌀서리태밥,밥류,잡곡밥류,113.0,,대두(콩),"대두, 검은색, 서리태, 말린것:3.0|찹쌀, 백미, 생것:10.0|멥쌀, 백미, 생것:100.0",
D012092,찹쌀차조밥,밥류,잡곡밥류,108.0,,,"조, 차조, 도정, 생것:3.0|찹쌀, 백미, 생것:5.0|멥쌀, 백미, 생것:100.0",
D012090,찹쌀기장밥,밥류,잡곡밥류,60.0,,,"기장, 도정, 생것:5.0|찹쌀, 백미, 생것:5.0|멥쌀, 백미, 생것:50.0",
D012091,찹쌀녹두밥,밥류,잡곡밥류,67.0,,,"찹쌀, 백미, 생것:2.0|녹두, 말린것:5.0|멥쌀, 백미, 생것:60.0",
D012104,찹쌀검정콩밥,밥류,잡곡밥류,90.0,,,"찹쌀, 백미, 생것:10.0|대두, 검은색, 흑태, 말린것:10.0|멥쌀, 백미, 생것:70.0",
D012075,찰현미밥,밥류,잡곡밥류,100.0,,,"찹쌀, 현미, 생것:10.0|멥쌀, 백미, 생것:90.0",
D012089,찰옥수수밥,밥류,잡곡밥류,140.0,,,"찹쌀, 백미, 생것:20.0|옥수수, 찰옥수수, 생것:30.0|멥쌀, 백미, 생것:90.0",
D012074,찰보리밥,밥류,잡곡밥류,80.0,,,"보리, 쌀보리, 찰보리, 도정, 생것:10.0|멥쌀, 백미, 생것:70.0",
D012024,찰밥(수수),밥류,잡곡밥류,180.0,,,"멥쌀, 백미, 밥:160.0|수수, 찰수수, 도정, 생것:10.0|찹쌀, 백미, 보람찰, 밥:10.0",https://www.nongsaro.go.kr/cms_contents/mgnNew/978-89-480-6205-2/978-89-480-6205-2_B_103.jpg
D012023,찰밥(멥쌀),밥류,잡곡밥류,200.0,,,"멥쌀, 백미, 밥:190.0|찹쌀, 백미, 보람찰, 밥:10.0",https://www.nongsaro.go.kr/cms_contents/mgnNew/978-89-480-6205-2/978-89-480-6205-2_B_103.jpg
D012088,차조현미밥,밥류,잡곡밥류,98.0,,,"조, 차조, 도정, 생것:3.0|찹쌀, 현미, 생것:5.0|멥쌀, 백미, 생것:90.0",
D012077,귀리차조밥,밥류,잡곡밥류,96.0,,,"귀리, 쌀귀리, 도정, 생것:3.0|조, 차조, 도정, 생것:3.0|멥쌀, 백미, 생것:90.0|귀리, 쌀귀리, 도정, 생것:3.0|조, 차조, 도정, 생것:3.0|멥쌀, 백미, 생것:90.0|귀리, 쌀귀리, 도정, 생것:3.0|조, 차조, 도정, 생것:3.0|멥쌀, 백미, 생것:90.0",
D012021,차수수밥,밥류,잡곡밥류,180.0,,,"보리, 겉보리, 압맥:10.0|멥쌀, 백미, 밥:160.0|수수, 찰수수, 도정, 생것:10.0",
D012087,차조기장밥,밥류,잡곡밥류,106.0,,,"기장, 도정, 생것:3.0|조, 차조, 도정, 생것:3.0|멥쌀, 백미, 생것:100.0",
D012118,잡곡밥(혼합),밥류,잡곡밥류,90.0,,,"수수, 도정, 생것:5.0|조, 차조, 도정, 생것:5.0|찹쌀, 백미, 생것:10.0|멥쌀, 백미, 생것:70.0",
D012019,잡곡밥(팥),밥류,잡곡밥류,220.0,,,"조, 차조, 도정, 생것:10.0|수수, 도정, 생것:10.0|팥, 적색, 삶은것:20.0|멥쌀, 백미, 밥:180.0",
D012112,잡곡밥(찹쌀흑미),밥류,잡곡밥류,110.0,,,"찹쌀, 현미, 흑미, 생것:20.0|멥쌀, 백미, 생것:90.0",
D012117,잡곡밥(차조),밥류,잡곡밥류,110.0,,,"조, 차조, 도정, 생것:10.0|멥쌀, 백미, 생것:100.0",
D012115,잡곡밥(차수수),밥류,잡곡밥류,98.0,,,"수수, 도정, 생것:8.0|찹쌀, 백미, 생것:10.0|멥쌀, 백미, 생것:80.0",
D012114,잡곡밥(완두콩),밥류,잡곡밥류,105.0,,,"찹쌀, 백미, 생것:10.0|완두, 생것:15.0|멥쌀, 백미, 생것:80.0",
D012018,잡곡밥(옥수수),밥류,잡곡밥류,180.0,,,"조, 메조, 도정, 생것:10.0|율무, 도정, 생것:10.0|옥수수, 찰옥수수, 삶은것:10.0|멥쌀, 백미, 밥:140.0|보리, 겉보리, 압맥:10.0",
D012116,잡곡밥(보리),밥류,잡곡밥류,105.0,,,"보리, 겉보리, 늘보리, 도정, 생것:15.0|멥쌀, 백미, 생것:90.0",
D012111,잡곡밥(병아리콩),밥류,잡곡밥류,90.0,,,"병아리콩, 말린것:10.0|멥쌀, 백미, 생것:80.0",
D012110,잡곡밥(검정콩밥),밥류,잡곡밥류,88.0,,대두(콩),"대두, 검은색, 흑태, 말린것:8.0|멥쌀, 백미, 생것:80.0",
D012054,잡곡밥(강낭콩),밥류,잡곡밥류,88.6,,,"보리, 겉보리, 압맥:7.9|멥쌀, 백미, 밥:45.0|강낭콩, 삶은것:11.7|보리, 겉보리, 압맥:7.9|멥쌀, 백미, 밥:45.0|강낭콩, 삶은것:11.7",
D012049,잡곡밥,밥류,잡곡밥류,200.1,,,"소금, 천일염, 가는소금:1.9|기장, 도정, 생것:3.1|대두, 검은색, 흑태, 말린것:6.5|수수, 찰수수, 도정, 생것:6.5|팥, 적색, 말린것:8.9|조, 차조, 도정, 생것:8.9|멥쌀, 백미, 밥:19.3|찹쌀, 백미, 생것:45.0|소금, 천일염, 가는소금:1.9|기장, 도정, 생것:3.1|대두, 검은색, 흑태, 말린것:6.5|수수, 찰수수, 도정, 생것:6.5|팥, 적색, 말린것:8.9|조, 차조, 도정, 생것:8.9|멥쌀, 백미, 밥:19.3|찹쌀, 백미, 생것:45.0",
D012119,잡곡(녹두)밥,밥류,잡곡밥류,100.0,,,"녹두, 말린것:10.0|멥쌀, 백미, 생것:90.0",
D021079,율무밥크로켓,과자 및 빵류,빵류,234.65,,,"후추, 검은색, 가루:0.1|소금, 천일염, 가는소금:0.5|참기름:2.0|간장, 개량, 양조:6.0|콩기름:22.0|파슬리, 말린것:0.05|밀, 빵가루:5.0|달걀, 생것:12.0|밀, 박력밀가루:6.0|치즈, 모차렐라, 슈레드타입:8.0|옥수수, 통조림, 가당:8.0|양송이버섯, 생것:15.0|피망, 초록색, 생것:10.0|생수:80.0|멥쌀, 백미, 생것:30.0|율무, 도정, 생것:30.0|후추, 검은색, 가루:0.1|소금, 천일염, 가는소금:0.5|참기름:2.0|간장, 개량, 양조:6.0|콩기름:22.0|파슬리, 말린것:0.05|밀, 빵가루:5.0|달걀, 생것:12.0|밀, 박력밀가루:6.0|치즈, 모차렐라, 슈레드타입:8.0|옥수수, 통조림, 가당:8.0|양송이버섯, 생것:15.0|피망, 초록색, 생것:10.0|생수:80.0|멥쌀, 백미, 생것:30.0|율무, 도정, 생것:30.0",
D012086,옥수수콩밥,밥류,잡곡밥류,95.0,,대두(콩),"대두, 검은색, 서리태, 말린것:5.0|옥수수, 찰옥수수, 생것:10.0|멥쌀, 백미, 생것:80.0",
D012015,완두콩밥,밥류,잡곡밥류,200.0,,,"찹쌀, 백미, 보람찰, 밥:10.0|멥쌀, 백미, 밥:180.0|완두, 삶은것:10.0",
D012065,옥수수영양밥,밥류,잡곡밥류,262.8,,,"소금, 천일염, 가는소금:0.8|맛술:3.0|참기름:3.0|완두, 생것:20.0|다시마, 말린것:1.0|옥수수, 단옥수수, 생것:50.0|표고버섯, 참나무재배, 생것:15.0|우엉, 생것:20.0|당근, 뿌리, 생것:10.0|생수:80.0|멥쌀, 백미, 생것:60.0",
D012103,옥수수차조밥,밥류,잡곡밥류,103.0,,,"조, 차조, 도정, 생것:3.0|옥수수, 찰옥수수, 생것:10.0|멥쌀, 백미, 생것:90.0",
D012047,보리옥수수밥,밥류,잡곡밥류,120.0,,,"보리, 겉보리, 압맥:10.0|옥수수, 찰옥수수, 삶은것:15.0|멥쌀, 백미, 밥:75.0|보리, 겉보리, 압맥:10.0|옥수수, 찰옥수수, 삶은것:15.0|멥쌀, 백미, 밥:75.0|보리, 겉보리, 압맥:10.0|옥수수, 찰옥수수, 삶은것:15.0|멥쌀, 백미, 밥:75.0|보리, 겉보리, 압맥:10.0|옥수수, 찰옥수수, 삶은것:15.0|멥쌀, 백미, 밥:75.0",
D012102,옥수수기장밥,밥류,잡곡밥류,93.0,,,"기장, 도정, 생것:3.0|옥수수, 찰옥수수, 생것:10.0|멥쌀, 백미, 생것:80.0",
D012073,오곡찰밥,밥류,잡곡밥류,129.1,,,"소금, 천일염, 소금꽃:0.1|기장, 도정, 생것:3.0|수수, 도정, 생것:3.0|조, 차조, 도정, 생것:3.0|팥, 검은색, 말린것:10.0|찹쌀, 백미, 생것:20.0|멥쌀, 백미, 생것:90.0",
D012113,오곡밥(대보름),밥류,잡곡밥류,120.0,,,"수수, 도정, 생것:5.0|조, 차조, 도정, 생것:5.0|대두, 검은색, 서리태, 말린것:5.0|팥, 적색, 말린것:5.0|찹쌀, 백미, 생것:20.0|멥쌀, 백미, 생것:80.0",
D012063,오곡밥,밥류,잡곡밥류,194.0,,,"생수:110.0|소금, 천일염, 가는소금:1.0|조, 차조, 도정, 생것:8.0|수수, 찰수수, 도정, 생것:10.0|밤콩, 갈색, 말린것:10.0|팥, 적색, 말린것:10.0|멥쌀, 백미, 생것:15.0|찹쌀, 백미, 생것:30.0|생수:110.0|소금, 천일염, 가는소금:1.0|조, 차조, 도정, 생것:8.0|수수, 찰수수, 도정, 생것:10.0|밤콩, 갈색, 말린것:10.0|팥, 적색, 말린것:10.0|멥쌀, 백미, 생것:15.0|찹쌀, 백미, 생것:30.0",
D012062,영양찰밥 품은 팥,밥류,잡곡밥류,170.5,,,"소금, 천일염, 가는소금:0.5|설탕, 백설탕:10.0|찹쌀, 백미, 가루:10.0|생수:90.0|수수, 찰수수, 도정, 생것:20.0|팥, 적색, 말린것:40.0",
D012106,연근흑미영양밥,밥류,잡곡밥류,156.0,,,"소금, 천일염:1.0|은행, 생것:5.0|당근, 뿌리, 생것:5.0|멥쌀, 현미, 흑미, 생것:10.0|우엉, 생것:10.0|연근, 생것:15.0|고구마, 생것:20.0|멥쌀, 백미, 생것:90.0",
D230070,찹쌀떡(약식),떡류,떡류,100.0,,,"찹쌀떡, 약식:100.0|찹쌀떡, 약식:100.0",
D012011,쑥밥,밥류,잡곡밥류,230.0,,,"멥쌀, 백미, 밥:210.0|쑥, 생것:20.0",https://www.nongsaro.go.kr/cms_contents/mgnNew/978-89-480-6205-2/978-89-480-6205-2_B_103.jpg
D012085,수수현미밥,밥류,잡곡밥류,93.0,,,"수수, 도정, 생것:3.0|찹쌀, 현미, 생것:5.0|멥쌀, 백미, 생것:85.0",
D012076,귀리수수밥,밥류,잡곡밥류,96.0,,,"귀리, 쌀귀리, 도정, 생것:3.0|수수, 도정, 생것:3.0|멥쌀, 백미, 생것:90.0|귀리, 쌀귀리, 도정, 생것:3.0|수수, 도정, 생것:3.0|멥쌀, 백미, 생것:90.0",
D012101,서리태흑미밥,밥류,잡곡밥류,104.0,,,"멥쌀, 현미, 흑미, 생것:1.0|대두, 검은색, 서리태, 말린것:3.0|찹쌀, 백미, 생것:10.0|멥쌀, 백미, 생것:90.0",
D012072,서리태밥,밥류,잡곡밥류,102.0,,대두(콩),"대두, 검은색, 서리태, 말린것:2.0|찹쌀, 백미, 생것:10.0|멥쌀, 백미, 생것:90.0",
D012100,서리태보리밥,밥류,잡곡밥류,97.0,,대두(콩),"대두, 검은색, 서리태, 말린것:2.0|보리, 쌀보리, 도정, 생것:5.0|찹쌀, 백미, 생것:10.0|멥쌀, 백미, 생것:80.0",
D012084,보리현미밥,밥류,잡곡밥류,110.0,,,"멥쌀, 현미, 생것:5.0|보리, 쌀보리, 도정, 생것:5.0|멥쌀, 백미, 생것:100.0",
D012007,보리밥(강낭콩),밥류,잡곡밥류,210.0,,,"강낭콩, 삶은것:10.0|멥쌀, 백미, 밥:190.0|보리, 겉보리, 압맥:10.0",
D012009,보리밥(팥),밥류,잡곡밥류,200.0,,,"팥, 적색, 삶은것:10.0|멥쌀, 백미, 밥:180.0|보리, 겉보리, 압맥:10.0",
D012008,보리밥(조),밥류,잡곡밥류,200.0,,,"조, 메조, 도정, 찐것:10.0|멥쌀, 백미, 밥:180.0|보리, 겉보리, 압맥:10.0",
D230078,보리밥장떡,떡류,떡류,174.0,,밀,"밀, 부침가루:4.0|생수:50.0|달걀, 생것:15.0|고추장, 개량:10.0|콩기름:10.0|부추, 재래종, 생것:40.0|양파, 생것:15.0|멥쌀, 백미, 생것:10.0|보리, 쌀보리, 도정, 생것:20.0|밀, 부침가루:4.0|생수:50.0|달걀, 생것:15.0|고추장, 개량:10.0|콩기름:10.0|부추, 재래종, 생것:40.0|양파, 생것:15.0|멥쌀, 백미, 생것:10.0|보리, 쌀보리, 도정, 생것:20.0",
D012056,보리고구마밥,밥류,잡곡밥류,144.8,,,"멥쌀, 백미, 밥:40.0|고구마, 찐것:54.8|보리, 쌀보리, 도정, 생것:15.0|멥쌀, 백미, 밥:40.0|고구마, 찐것:54.8|보리, 쌀보리, 도정, 생것:15.0",https://www.nongsaro.go.kr/cms_contents/mgnNew/978-89-480-6205-2/978-89-480-6205-2_B_103.jpg
D012083,병아리콩밥,밥류,잡곡밥류,90.0,,,"병아리콩, 말린것:10.0|멥쌀, 백미, 생것:80.0",
D017001,밤밥,밥류,기타,100.0,,,"찹쌀, 백미, 생것:10.0|밤, 생것:20.0|멥쌀, 백미, 생것:70.0|찹쌀, 백미, 생것:10.0|밤, 생것:20.0|멥쌀, 백미, 생것:70.0",
D012071,모듬콩밥,밥류,잡곡밥류,65.0,,대두(콩),"대두, 검은색, 흑태, 말린것:5.0|완두, 생것:5.0|멥쌀, 백미, 생것:55.0",
D012070,렌틸콩밥,밥류,잡곡밥류,90.0,,,"찹쌀, 현미, 생것:5.0|렌즈콩(렌틸콩), 갈색, 말린것:5.0|멥쌀, 백미, 생것:80.0",
D012108,렌틸콩발아현미밥,밥류,잡곡밥류,110.0,,,"멥쌀, 현미, 발아현미, 생것:10.0|렌즈콩(렌틸콩), 갈색, 말린것:10.0|멥쌀, 백미, 생것:90.0",
D012060,대추영양밥,밥류,잡곡밥류,289.0,,,"참깨, 흰색, 볶은것:0.5|들기름:2.0|마늘, 생것:3.0|간장, 개량, 양조:6.0|고춧가루:1.0|부추, 재래종, 생것:8.0|소금, 천일염, 가는소금:0.5|호박씨, 말린것:3.0|은행, 생것:5.0|표고버섯, 참나무재배, 생것:15.0|호박, 단호박, 생것:30.0|대추, 생것:30.0|생수:105.0|찹쌀, 백미, 생것:40.0|멥쌀, 백미, 생것:40.0",
D012081,대추밤찰밥,밥류,잡곡밥류,130.0,,,"대추, 말린것:5.0|팥, 검은색, 말린것:10.0|찹쌀, 백미, 생것:15.0|밤, 생것:20.0|멥쌀, 백미, 생것:80.0",
D012059,기장 영양밥,밥류,잡곡밥류,210.0,,,"생수:10.0|파, 쪽파, 생것:2.0|참깨, 흰색, 볶은것:0.5|마늘, 생것:2.0|파, 대파, 생것:3.0|매실청:5.0|간장, 개량, 양조:10.0|고춧가루:0.5|참기름:4.0|맛술:5.0|고구마, 생것:30.0|당근, 뿌리, 생것:8.0|연근, 생것:10.0|우엉, 생것:10.0|전복, 둥근전복, 생것:40.0|멥쌀, 백미, 생것:50.0|기장, 도정, 생것:20.0",
D012082,더덕영양밥,밥류,잡곡밥류,124.0,,,"소금, 천일염, 소금꽃:1.0|은행, 생것:8.0|표고버섯, 배지재배, 생것:10.0|더덕, 뿌리, 생것:30.0|멥쌀, 백미, 생것:75.0",
D012107,도라지전복영양밥,밥류,잡곡밥류,156.0,,,"소금, 천일염, 소금꽃:1.0|들기름:7.0|밤, 생것:8.0|은행, 생것:10.0|전복, 둥근전복, 생것:10.0|표고버섯, 배지재배, 생것:15.0|도라지, 뿌리, 생것:25.0|멥쌀, 백미, 생것:80.0",
D012004,땅콩밥,밥류,잡곡밥류,200.0,,,"멥쌀, 백미, 밥:190.0|땅콩, 삶은것, 소금첨가:10.0",https://www.nongsaro.go.kr/cms_contents/mgnNew/978-89-480-6205-2/978-89-480-6205-2_B_103.jpg
D012069,동부콩밥,밥류,잡곡밥류,100.0,,,"동부, 생것:10.0|멥쌀, 백미, 생것:90.0",
D014122,꽁보리밥(비빔밥용),밥류,비빔밥 및 볶음밥류,54.0,,,"참기름:1.0|고추장, 개량:3.0|멥쌀, 백미, 생것:20.0|보리, 겉보리, 늘보리, 도정, 생것:30.0|참기름:1.0|고추장, 개량:3.0|멥쌀, 백미, 생것:20.0|보리, 겉보리, 늘보리, 도정, 생것:30.0",
D012079,기장보리밥,밥류,잡곡밥류,98.0,,,"기장, 도정, 생것:3.0|보리, 겉보리, 도정, 생것:5.0|멥쌀, 백미, 생것:90.0",
D012068,늘보리밥,밥류,잡곡밥류,90.0,,,"보리, 겉보리, 늘보리, 도정, 생것:10.0|멥쌀, 백미, 생것:80.0",
D012003,녹두밥,밥류,잡곡밥류,210.0,,,"찹쌀, 백미, 보람찰, 밥:10.0|멥쌀, 백미, 밥:190.0|녹두, 삶은것:10.0",
D012080,기장현미밥,밥류,잡곡밥류,98.0,,,"기장, 도정, 생것:3.0|찹쌀, 현미, 생것:5.0|멥쌀, 백미, 생것:90.0",
D230074,기장밥 인절미,떡류,떡류,134.5,,,"설탕, 백설탕:9.0|소금, 천일염, 가는소금:0.5|찹쌀떡, 인절미, 콩고물:10.0|생수:70.0|기장, 찰기장, 도정, 생것:5.0|멥쌀, 백미, 생것:30.0|찹쌀, 백미, 생것:10.0|설탕, 백설탕:9.0|소금, 천일염, 가는소금:0.5|찹쌀떡, 인절미, 콩고물:10.0|생수:70.0|기장, 찰기장, 도정, 생것:5.0|멥쌀, 백미, 생것:30.0|찹쌀, 백미, 생것:10.0|설탕, 백설탕:9.0|소금, 천일염, 가는소금:0.5|찹쌀떡, 인절미, 콩고물:10.0|생수:70.0|기장, 찰기장, 도정, 생것:5.0|멥쌀, 백미, 생것:30.0|찹쌀, 백미, 생것:10.0",
D012078,귀리현미밥,밥류,잡곡밥류,88.0,,,"귀리, 쌀귀리, 도정, 생것:3.0|찹쌀, 현미, 생것:5.0|멥쌀, 백미, 생것:80.0",
D012058,귀리영양밥,밥류,잡곡밥류,190.0,,,"비타민채(다채), 어린잎, 생것:20.0|인삼, 수삼, 생것:15.0|토마토, 방울토마토, 생것:30.0|닭고기, 가슴, 생것:30.0|마늘, 생것:5.0|귀리, 겉귀리, 도정, 생것:30.0|멥쌀, 백미, 생것:60.0",
D012051,귀리밥,밥류,잡곡밥류,140.0,,,"귀리, 쌀귀리, 도정, 생것:15.0|찹쌀, 백미, 생것:30.0|귀리, 쌀귀리, 도정, 생것:15.0|찹쌀, 백미, 생것:30.0",
D012055,귀리누룽지,밥류,잡곡밥류,175.0,,,"찹쌀, 백미, 생것:41.4|귀리, 쌀귀리, 도정, 생것:20.4",
D012001,검정콩밥,밥류,잡곡밥류,200.0,,,"멥쌀, 백미, 밥:180.0|대두, 검은색, 흑태, 삶은것:20.0",https://www.nongsaro.go.kr/cms_contents/mgnNew/978-89-480-6205-2/978-89-480-6205-2_B_103.jpg
D012099,강낭콩현미밥,밥류,잡곡밥류,125.0,,,"강낭콩, 생것:5.0|멥쌀, 현미, 생것:15.0|멥쌀, 백미, 생것:105.0",
D011008,흑미밥,밥류,쌀밥,90.0,,,"멥쌀, 현미, 흑미, 생것:20.0|멥쌀, 백미, 생것:70.0",
D011010,흑미현미밥,밥류,쌀밥,95.0,,,"멥쌀, 현미, 흑미, 생것:2.0|멥쌀, 현미, 발아현미, 생것:3.0|멥쌀, 백미, 생것:90.0",
D011009,발아현미밥,밥류,쌀밥,100.0,,,"멥쌀, 현미, 발아현미, 생것:10.0|멥쌀, 백미, 생것:90.0|멥쌀, 현미, 발아현미, 생것:10.0|멥쌀, 백미, 생것:90.0|멥쌀, 현미, 발아현미, 생것:10.0|멥쌀, 백미, 생것:90.0",
D011002,쌀밥,밥류,쌀밥,210.0,,,"멥쌀, 백미, 밥:210.0",https://www.nongsaro.go.kr/cms_contents/mgnNew/978-89-480-6205-2/978-89-480-6205-2_B_103.jpg
D011003,찰밥,밥류,쌀밥,210.0,,,"찹쌀, 백미, 보람찰, 밥:210.0",
D014072,햄달걀볶음밥,밥류,비빔밥 및 볶음밥류,82.0,,대두(콩),"콩기름:1.0|굴 소스:1.0|파, 쪽파, 생것:5.0|햄, 등심햄:10.0|달걀, 생것:15.0|멥쌀, 백미, 생것:50.0",
D014073,햄야채볶음밥,밥류,비빔밥 및 볶음밥류,147.0,,,"소금, 천일염:1.0|콩기름:5.0|파프리카, 노란색, 생것:7.0|파프리카, 빨간색, 생것:7.0|파프리카, 주황색, 생것:7.0|양파, 생것:10.0|피망, 초록색, 생것:10.0|햄, 등심햄:20.0|멥쌀, 백미, 생것:80.0",
D014012,해초비빔밥(고추장),밥류,비빔밥 및 볶음밥류,325.0,,,"소금, 천일염, 가는소금:0.0|참깨, 흰색, 볶은것:2.0|간장, 개량, 양조:0.0|콩기름:3.0|참기름:4.0|마늘, 생것:4.0|고사리, 데친것:12.0|파래, 납작파래, 생것:30.0|고추장, 개량:10.0|멥쌀, 백미, 밥:210.0|미역, 생것:50.0",
D014090,굴소스해물볶음밥,밥류,비빔밥 및 볶음밥류,173.6,,,"마늘, 생것:0.3|소금, 천일염, 가는소금:0.3|굴 소스:2.0|당근, 뿌리, 생것:3.0|콩기름:3.0|피망, 초록색, 생것:5.0|양파, 생것:15.0|새우, 흰다리새우, 생것:15.0|오징어, 생것:50.0|멥쌀, 백미, 생것:80.0|마늘, 생것:0.3|소금, 천일염, 가는소금:0.3|굴 소스:2.0|당근, 뿌리, 생것:3.0|콩기름:3.0|피망, 초록색, 생것:5.0|양파, 생것:15.0|새우, 흰다리새우, 생것:15.0|오징어, 생것:50.0|멥쌀, 백미, 생것:80.0|마늘, 생것:0.3|소금, 천일염, 가는소금:0.3|굴 소스:2.0|당근, 뿌리, 생것:3.0|콩기름:3.0|피망, 초록색, 생것:5.0|양파, 생것:15.0|새우, 흰다리새우, 생것:15.0|오징어, 생것:50.0|멥쌀, 백미, 생것:80.0",
D014109,한우장조림버터비빔밥,밥류,비빔밥 및 볶음밥류,81.5,,,"설탕, 황설탕:0.2|콩기름:0.2|참깨, 흰색, 볶은것:0.3|참기름:0.3|굴 소스:0.5|피망, 초록색, 생것:1.0|버터, 무가염:1.0|간장, 개량, 양조:1.0|당근, 뿌리, 생것:2.0|찹쌀, 백미, 생것:5.0|양파, 생것:5.0|소고기, 한우(1++등급), 우둔, 생것:10.0|달걀, 생것:15.0|멥쌀, 백미, 생것:40.0",
D011001,눌은밥,밥류,쌀밥,440.0,,,"즉석밥, 누룽지, 끓는물 부음:440.0",
D011007,누룽지(멥쌀),밥류,쌀밥,100.0,,메밀,메밀묵:100.0,
D014107,파프리카야채볶음밥,밥류,비빔밥 및 볶음밥류,151.0,,대두(콩),"콩기름:5.0|굴 소스:5.0|파프리카, 노란색, 생것:7.0|파프리카, 빨간색, 생것:7.0|파프리카, 주황색, 생것:7.0|양파, 생것:10.0|피망, 초록색, 생것:10.0|달걀, 생것:20.0|멥쌀, 백미, 생것:80.0",
D014099,해물굴소스볶음밥,밥류,비빔밥 및 볶음밥류,156.6,,,"마늘, 생것:0.3|소금, 천일염, 가는소금:0.3|콩기름:1.0|굴 소스:2.0|당근, 뿌리, 생것:3.0|피망, 초록색, 생것:5.0|양파, 생것:15.0|새우, 흰다리새우, 생것:15.0|오징어, 생것:50.0|멥쌀, 백미, 생것:65.0",
D014106,파인애플새우볶음밥,밥류,비빔밥 및 볶음밥류,167.8,,,"소금, 천일염:0.3|참깨, 흰색, 볶은것:0.5|대두, 콩가루:1.0|마늘, 다진것:2.0|파프리카, 노란색, 생것:2.0|피망, 초록색, 생것:2.0|파프리카, 빨간색, 생것:2.0|굴 소스:2.0|파, 대파, 생것:3.0|콩기름:3.0|당근, 뿌리, 생것:10.0|양파, 생것:10.0|파인애플, 통조림, 고형물:10.0|새우, 흰다리새우, 생것:20.0|달걀, 생것:30.0|멥쌀, 백미, 생것:70.0",
D014103,새우파인애플볶음밥,밥류,비빔밥 및 볶음밥류,121.5,,,"마늘, 생것:0.5|굴 소스:0.5|소금, 천일염, 가는소금:0.5|파, 대파, 생것:2.0|옥수수기름:3.0|양파, 생것:5.0|피망, 초록색, 생것:5.0|파프리카, 빨간색, 생것:5.0|새우, 흰다리새우, 생것:15.0|달걀, 삶은것:15.0|파인애플, 생것:20.0|멥쌀, 백미, 밥:50.0|마늘, 생것:0.5|굴 소스:0.5|소금, 천일염, 가는소금:0.5|파, 대파, 생것:2.0|옥수수기름:3.0|양파, 생것:5.0|피망, 초록색, 생것:5.0|파프리카, 빨간색, 생것:5.0|새우, 흰다리새우, 생것:15.0|달걀, 삶은것:15.0|파인애플, 생것:20.0|멥쌀, 백미, 밥:50.0|마늘, 생것:0.5|굴 소스:0.5|소금, 천일염, 가는소금:0.5|파, 대파, 생것:2.0|옥수수기름:3.0|양파, 생것:5.0|피망, 초록색, 생것:5.0|파프리카, 빨간색, 생것:5.0|새우, 흰다리새우, 생것:15.0|달걀, 삶은것:15.0|파인애플, 생것:20.0|멥쌀, 백미, 밥:50.0",
D014060,통영비빔밥,밥류,비빔밥 및 볶음밥류,262.6,,,"참깨, 흰색, 볶은것:0.1|마늘, 다진것:0.5|콩기름:1.0|간장, 개량, 양조:1.0|들기름:5.0|참기름:5.0|톳, 생것:15.0|당근, 뿌리, 생것:40.0|무, 조선무, 생것:40.0|고사리, 생것:40.0|멥쌀, 백미, 생것:55.0|콩나물, 생것:60.0",
D014134,토마토카레 채소볶음밥,밥류,비빔밥 및 볶음밥류,348.1,,,"카레 소스, 가루:15.0|파프리카, 가루:3.0|토마토, 통조림, 페이스트:20.0|후추, 흰색, 가루:0.1|요구르트, 호상, 플레인:15.0|토마토, 방울토마토, 생것:20.0|브로콜리, 생것:10.0|멥쌀, 백미, 신동진, 밥:200.0|닭고기, 가슴, 생것:20.0|피망, 빨간색, 생것:5.0|당근, 뿌리, 생것:10.0|양파, 생것:10.0|감자, 대지, 생것:20.0",
D014098,토마토달걀볶음밥,밥류,비빔밥 및 볶음밥류,104.5,,,"소금, 천일염, 가는소금:2.0|콩기름:2.5|우유:5.0|토마토, 생것:15.0|달걀, 생것:30.0|멥쌀, 백미, 생것:50.0",
D014120,콩나물무밥/양념장,밥류,비빔밥 및 볶음밥류,121.5,,,"마늘, 생것:0.5|참기름:0.5|참깨, 흰색, 볶은것:1.0|간장, 개량, 양조:2.0|고춧가루:2.5|표고버섯, 배지재배, 생것:5.0|무, 조선무, 생것:10.0|콩나물, 생것:40.0|멥쌀, 백미, 생것:60.0",
D014111,닭가슴살데리야끼채소비빔밥,밥류,비빔밥 및 볶음밥류,334.0,,,"참깨, 흰색, 볶은것:0.5|적양무, 어린잎, 생것:1.0|참기름:1.0|탄산 음료, 사이다:1.0|간장, 개량, 양조:1.0|식초, 사과식초:1.0|설탕, 백설탕:1.5|치커리, 잎, 생것:2.0|발효주, 청주, 알코올 16%:2.0|부추, 두메부추, 생것:3.0|당근, 뿌리, 생것:5.0|데리야끼 소스:5.0|양파, 생것:7.0|양배추, 생것:8.0|양배추, 적색, 생것:10.0|오이, 다다기, 생것:10.0|고추장, 개량:15.0|콩나물, 생것:50.0|멥쌀, 백미, 생것:90.0|닭고기, 가슴, 생것:120.0|참깨, 흰색, 볶은것:0.5|적양무, 어린잎, 생것:1.0|참기름:1.0|탄산 음료, 사이다:1.0|간장, 개량, 양조:1.0|식초, 사과식초:1.0|설탕, 백설탕:1.5|치커리, 잎, 생것:2.0|발효주, 청주, 알코올 16%:2.0|부추, 두메부추, 생것:3.0|당근, 뿌리, 생것:5.0|데리야끼 소스:5.0|양파, 생것:7.0|양배추, 생것:8.0|양배추, 적색, 생것:10.0|오이, 다다기, 생것:10.0|고추장, 개량:15.0|콩나물, 생것:50.0|멥쌀, 백미, 생것:90.0|닭고기, 가슴, 생것:120.0",
D014123,톳영양밥/양념장,밥류,비빔밥 및 볶음밥류,216.2,,,"소금, 천일염:0.2|고추, 빨간색, 생것:0.5|고추, 청양고추, 생것:0.5|간장, 개량, 양조:5.0|파, 쪽파, 생것:10.0|참기름:20.0|멥쌀, 백미, 생것:80.0|톳, 생것:100.0",
D014080,닭살채소볶음밥,밥류,비빔밥 및 볶음밥류,123.5,,,"맛술:0.1|후추, 검은색, 가루:0.1|참깨, 흰색, 볶은것:0.3|마늘, 생것:1.0|설탕, 백설탕:1.0|간장, 개량, 양조:1.0|당근, 뿌리, 생것:5.0|양파, 생것:5.0|파프리카, 노란색, 생것:5.0|콩기름:5.0|멥쌀, 백미, 생것:50.0|닭고기, 가슴, 생것:50.0|맛술:0.1|후추, 검은색, 가루:0.1|참깨, 흰색, 볶은것:0.3|마늘, 생것:1.0|설탕, 백설탕:1.0|간장, 개량, 양조:1.0|당근, 뿌리, 생것:5.0|양파, 생것:5.0|파프리카, 노란색, 생것:5.0|콩기름:5.0|멥쌀, 백미, 생것:50.0|닭고기, 가슴, 생것:50.0",
D014011,콩나물비빔밥(소고기),밥류,비빔밥 및 볶음밥류,333.0,,,"참기름:1.0|마늘, 생것:1.0|고춧가루:1.0|파, 쪽파, 생것:5.0|간장, 개량, 양조:5.0|양파, 생것:20.0|소고기, 한우, 등심, 생것:20.0|콩나물, 생것:70.0|멥쌀, 백미, 밥:210.0",
D014088,참치채소볶음밥,밥류,비빔밥 및 볶음밥류,118.6,,,"후추, 검은색, 가루:0.1|마늘, 생것:1.0|참기름:2.0|콩기름:2.5|간장, 개량, 양조:3.0|파, 대파, 생것:5.0|당근, 뿌리, 생것:7.5|양파, 생것:7.5|다랑어, 가다랑어, 통조림, 유지:30.0|멥쌀, 백미, 생것:60.0",
D014087,열무보리비빔밥,밥류,비빔밥 및 볶음밥류,214.0,,,"참깨, 흰색, 볶은것:3.0|참기름:6.0|당근, 뿌리, 생것:10.0|양파, 생것:10.0|상추, 잎상추, 치마상추, 녹색, 생것:10.0|호박, 애호박, 생것:25.0|보리, 쌀보리, 도정, 생것:30.0|보리, 쌀보리, 찰보리, 도정, 생것:60.0|김치, 열무 김치:60.0",
D014042,열무김치 불고기비빔밥,밥류,비빔밥 및 볶음밥류,365.55,,대두(콩),"콩기름:2.0|마늘, 생것:2.0|참기름:2.0|참깨, 흰색, 볶은것:0.5|후추, 검은색, 가루:0.05|물엿:4.0|파, 대파, 생것:2.0|간장, 개량, 양조:11.0|맛술:4.0|설탕, 백설탕:3.0|달걀, 생것:60.0|팽이버섯, 생것:15.0|상추, 잎상추, 치마상추, 녹색, 생것:20.0|양파, 생것:20.0|멥쌀, 백미, 밥:160.0|김치, 열무 김치:40.0|소고기, 한우, 등심, 생것:20.0",
D014041,양배추 볶음밥,밥류,비빔밥 및 볶음밥류,326.7,,,"파슬리, 생것:0.05|후추, 검은색, 가루:0.05|소금, 천일염, 가는소금:1.6|당근, 뿌리, 생것:12.0|달걀, 생것:60.0|멥쌀, 백미, 밥:200.0|콩기름:4.0|파, 대파, 생것:5.0|마늘, 생것:4.0|양배추, 생것:40.0",
D014119,시래기무밥/양념장,밥류,비빔밥 및 볶음밥류,146.3,,,"마늘, 생것:0.3|들기름:1.0|고춧가루:1.0|파, 대파, 생것:2.0|간장, 개량, 양조:2.0|무청, 시래기, 말린것, 삶은것:30.0|무, 조선무, 생것:40.0|멥쌀, 백미, 생것:70.0",
D014096,참치생야채비빔밥,밥류,비빔밥 및 볶음밥류,149.0,,,"들깻잎, 생것:4.0|상추, 잎상추, 치마상추, 녹색, 생것:10.0|오이, 다다기, 생것:10.0|양배추, 적색, 생것:15.0|다랑어, 가다랑어, 통조림, 유지:20.0|멥쌀, 백미, 생것:90.0",
D014044,참나물불고기비빔밥,밥류,비빔밥 및 볶음밥류,349.05,,대두(콩),"콩기름:5.0|참깨, 흰색, 볶은것:0.5|까나리, 액젓:1.0|식초, 감식초:4.0|고춧가루:0.5|후추, 검은색, 가루:0.05|참기름:4.0|마늘, 생것:4.0|발효주, 청주, 알코올 16%:3.0|굴 소스:1.0|간장, 개량, 양조:3.0|설탕, 백설탕:3.0|생수:80.0|멥쌀, 백미, 생것:60.0|달걀, 생것:60.0|당근, 뿌리, 생것:10.0|양파, 생것:10.0|참나물, 야생, 생것:70.0|소고기, 한우, 등심, 생것:30.0",
D014071,중화풍볶음밥,밥류,비빔밥 및 볶음밥류,200.0,,대두(콩),"콩기름:3.0|파프리카, 노란색, 생것:5.0|파프리카, 빨간색, 생것:5.0|파프리카, 주황색, 생것:5.0|피망, 초록색, 생것:7.0|양파, 생것:10.0|달걀, 생것:20.0|멥쌀, 백미, 생것:70.0|굴 소스:75.0",
D014070,중국식잡채밥,밥류,비빔밥 및 볶음밥류,164.9,,,"참깨, 흰색, 볶은것:0.2|목이버섯, 생것:0.5|참기름:0.5|마늘, 생것:0.7|콩기름:1.0|피망, 초록색, 생것:1.5|파프리카, 빨간색, 생것:2.0|굴 소스:3.5|당근, 뿌리, 생것:5.0|달걀, 생것:5.0|대나무순(죽순), 생것:10.0|양파, 생것:15.0|배추, 생것:15.0|호박, 애호박, 생것:15.0|돼지고기, 뒷다리, 생것:15.0|당면, 고구마, 말린것:20.0|멥쌀, 백미, 생것:55.0",
D014069,중국식볶음밥,밥류,비빔밥 및 볶음밥류,83.7,,,"후추, 검은색, 가루:0.1|마늘, 생것:0.3|소금, 천일염, 소금꽃:0.3|콩기름:1.0|굴 소스:1.0|피망, 초록색, 생것:3.0|파프리카, 빨간색, 생것:3.0|찹쌀, 백미, 생것:5.0|당근, 뿌리, 생것:5.0|양파, 생것:5.0|양송이버섯, 생것:5.0|달걀, 생것:10.0|멥쌀, 백미, 생것:45.0",
D014010,오므라이스,밥류,비빔밥 및 볶음밥류,396.0,,,"소금, 천일염, 가는소금:1.0|콩기름:5.0|완두, 생것:10.0|피망, 초록색, 생것:20.0|양파, 생것:20.0|당근, 뿌리, 생것:20.0|소고기, 한우, 등심, 생것:30.0|달걀, 생것:60.0|토마토 소스:20.0|멥쌀, 백미, 밥:210.0",
D014009,영양돌솥밥,밥류,비빔밥 및 볶음밥류,240.0,,,"표고버섯, 참나무재배, 생것:5.0|대추, 말린것:5.0|은행, 생것:10.0|찹쌀, 백미, 보람찰, 밥:20.0|밤, 생것:20.0|멥쌀, 백미, 밥:180.0",
D014008,"열무비빔밥(고추장, 소고기)",밥류,비빔밥 및 볶음밥류,309.0,,,"고추, 빨간색, 생것:1.0|마늘, 생것:2.0|고추, 풋고추, 생것:2.0|양파, 생것:4.0|호박, 애호박, 생것:10.0|찹쌀, 백미, 생것:10.0|고추장, 개량:10.0|소고기, 한우, 등심, 생것:20.0|김치, 열무 김치:40.0|멥쌀, 백미, 밥:210.0",
D014083,보리열무비빔밥,밥류,비빔밥 및 볶음밥류,175.0,,,"상추, 잎상추, 치마상추, 녹색, 생것:5.0|느타리버섯, 생것:10.0|표고버섯, 배지재배, 생것:10.0|보리, 겉보리, 늘보리, 도정, 생것:30.0|멥쌀, 백미, 생것:60.0|김치, 열무 김치:60.0|상추, 잎상추, 치마상추, 녹색, 생것:5.0|느타리버섯, 생것:10.0|표고버섯, 배지재배, 생것:10.0|보리, 겉보리, 늘보리, 도정, 생것:30.0|멥쌀, 백미, 생것:60.0|김치, 열무 김치:60.0",
D014104,소고기고사리볶음밥,밥류,비빔밥 및 볶음밥류,88.2,,,"맛술:0.1|후추, 흰색, 가루:0.1|마늘, 생것:1.0|설탕, 백설탕:2.0|콩기름:2.0|간장, 개량, 양조:3.0|당근, 뿌리, 생것:5.0|양파, 생것:5.0|고사리, 생것:10.0|소고기, 한우(1++등급), 안심, 생것:10.0|멥쌀, 백미, 생것:50.0",
D014086,열무김치비빔밥,밥류,비빔밥 및 볶음밥류,127.0,,,"참깨, 흰색, 볶은것:2.0|고추장, 개량:2.0|참기름:3.0|상추, 잎상추, 치마상추, 녹색, 생것:5.0|보리, 쌀보리, 도정, 생것:10.0|오이, 다다기, 생것:15.0|김치, 열무 김치:40.0|멥쌀, 백미, 생것:50.0",
D014085,야채나물비빔밥,밥류,비빔밥 및 볶음밥류,201.0,,,"참깨, 흰색, 볶은것:1.0|참기름:1.0|혼합식물성유:1.0|당근, 뿌리, 생것:3.0|양파, 생것:5.0|상추, 잎상추, 치마상추, 녹색, 생것:5.0|호박, 애호박, 생것:20.0|보리, 겉보리, 늘보리, 도정, 생것:30.0|달걀, 생것:55.0|멥쌀, 백미, 생것:80.0",
D014095,소고기채소볶음밥,밥류,비빔밥 및 볶음밥류,65.0,,,"마늘, 생것:0.2|참기름:0.3|참깨, 흰색, 볶은것:0.5|설탕, 황설탕:0.5|간장, 개량, 양조:0.5|김, 참김, 구운것:1.0|물엿:1.0|당근, 뿌리, 생것:3.0|양파, 생것:3.0|우엉, 생것:3.0|찹쌀, 백미, 생것:5.0|소고기, 한우(1++등급), 앞다리, 생것:12.0|멥쌀, 백미, 생것:35.0",
D014094,소고기가지볶음밥,밥류,비빔밥 및 볶음밥류,121.8,,,"후추, 흰색, 가루:0.1|참기름:0.2|마늘, 생것:0.5|파, 대파, 생것:0.5|설탕, 백설탕:1.5|콩기름:3.0|간장, 개량, 양조:4.0|양파, 생것:7.0|파프리카, 빨간색, 생것:15.0|가지, 생것:15.0|소고기, 한우(1++등급), 등심, 생것:25.0|멥쌀, 백미, 생것:50.0",
D014108,안매운김치치즈볶음밥,밥류,비빔밥 및 볶음밥류,88.0,,대두(콩),"콩기름:3.0|양파, 생것:10.0|치즈, 체다:15.0|김치, 배추 김치:20.0|멥쌀, 백미, 생것:40.0",
D014105,아보카도명란비빔밥,밥류,비빔밥 및 볶음밥류,186.8,,,"참깨, 흰색, 볶은것:0.3|참기름:0.5|양배추, 적색, 생것:2.0|부추, 두메부추, 생것:2.0|콩기름:2.0|양파, 생것:5.0|치커리, 잎, 생것:5.0|명태, 알, 양념젓갈(명란젓):10.0|아보카도, 생것:30.0|달걀, 생것:50.0|멥쌀, 백미, 생것:80.0",
D014121,소라톳밥&부추양념장,밥류,비빔밥 및 볶음밥류,112.2,,,"소금, 천일염:0.2|마늘, 다진것:1.0|참기름:1.0|부추, 두메부추, 생것:2.0|파, 쪽파, 생것:2.0|간장, 개량, 양조:2.0|톳, 생것:4.0|소라, 생것:30.0|멥쌀, 백미, 생것:70.0",
D014084,새우야채볶음밥,밥류,비빔밥 및 볶음밥류,126.8,,,"소금, 천일염:0.3|참깨, 흰색, 볶은것:0.5|마늘, 다진것:1.0|콩기름:2.0|파, 대파, 생것:3.0|당근, 뿌리, 생것:10.0|양파, 생것:10.0|감자, 대지, 생것:10.0|브로콜리, 생것:10.0|새우, 흰다리새우, 생것:20.0|멥쌀, 백미, 생것:60.0",
D014068,새우살볶음밥,밥류,비빔밥 및 볶음밥류,223.0,,,"마늘, 생것:1.0|면실유:1.0|간장, 개량, 양조:1.0|파, 대파, 생것:2.0|참기름:3.0|굴 소스:5.0|새우, 흰다리새우, 생것:30.0|달걀, 생것:30.0|멥쌀, 백미, 밥:150.0",
D014055,새우볶음밥,밥류,비빔밥 및 볶음밥류,80.3,,,"참깨, 흰색, 볶은것:0.3|참기름:0.5|맛술:0.5|콩기름:1.0|굴 소스:1.0|당근, 뿌리, 생것:4.0|양파, 생것:5.0|감자, 대지, 생것:5.0|피망, 초록색, 생것:5.0|새우, 흰다리새우, 생것:23.0|멥쌀, 백미, 생것:35.0",
D014054,삼색도리아,밥류,비빔밥 및 볶음밥류,313.2,,,"참기름:0.1|후추, 흰색, 가루:0.1|파, 대파, 생것:1.0|물엿:1.0|마늘, 생것:2.0|양파, 생것:2.0|설탕, 백설탕:3.0|발효주, 청주, 알코올 16%:3.0|간장, 개량, 양조:6.0|치즈, 모차렐라:35.0|호박, 단호박, 생것:50.0|소고기, 한우(1++등급), 채끝, 생것:50.0|멥쌀, 백미, 생것:70.0|생수:90.0",
D014067,삼겹살볶음밥,밥류,비빔밥 및 볶음밥류,105.4,,,"소금, 천일염, 가는소금:0.1|후추, 흰색, 가루:0.1|마늘, 생것:0.2|굴 소스:1.0|피망, 초록색, 생것:2.0|파프리카, 빨간색, 생것:2.0|당근, 뿌리, 생것:5.0|옥수수, 통조림, 가당:5.0|양파, 생것:10.0|돼지고기, 삼겹살, 생것:20.0|멥쌀, 백미, 생것:60.0",
D014066,산나물비빔밥,밥류,비빔밥 및 볶음밥류,177.0,,,"마늘, 생것:1.0|옥수수기름:1.0|참기름:1.0|파, 대파, 생것:2.0|간장, 개량, 양조:2.0|당근, 뿌리, 생것:5.0|고추장, 개량:5.0|머위, 생것:10.0|참나물, 재배, 생것:20.0|취나물, 곰취, 생것:20.0|부지깽이(섬쑥부쟁이), 생것:20.0|멥쌀, 백미, 생것:90.0",
D014110,닭가슴살과견과류비빔밥,밥류,비빔밥 및 볶음밥류,159.5,,,"참깨, 흰색, 볶은것:0.5|마늘, 생것:1.0|참기름:1.0|고춧가루:2.0|아몬드, 볶은것:5.0|호두, 볶은것:5.0|부추, 두메부추, 생것:15.0|닭고기, 가슴, 생것:50.0|멥쌀, 백미, 생것:80.0",
D014074,간장게살볶음밥,밥류,비빔밥 및 볶음밥류,126.1,,,"참기름:0.1|콩기름:3.0|간장, 개량, 양조:3.0|당근, 뿌리, 생것:5.0|파, 대파, 생것:5.0|달걀, 생것:15.0|게, 대게, 생것:40.0|멥쌀, 백미, 생것:55.0|참기름:0.1|콩기름:3.0|간장, 개량, 양조:3.0|당근, 뿌리, 생것:5.0|파, 대파, 생것:5.0|달걀, 생것:15.0|게, 대게, 생것:40.0|멥쌀, 백미, 생것:55.0",
D014093,닭고기산채비빔밥,밥류,비빔밥 및 볶음밥류,127.0,,,"멥쌀, 현미, 흑미, 생것:2.0|도라지, 뿌리, 생것:5.0|당근, 뿌리, 생것:10.0|고사리, 생것:10.0|표고버섯, 배지재배, 생것:10.0|호박, 애호박, 생것:10.0|고추장, 개량:10.0|닭고기, 가슴, 생것:30.0|멥쌀, 백미, 생것:40.0|멥쌀, 현미, 흑미, 생것:2.0|도라지, 뿌리, 생것:5.0|당근, 뿌리, 생것:10.0|고사리, 생것:10.0|표고버섯, 배지재배, 생것:10.0|호박, 애호박, 생것:10.0|고추장, 개량:10.0|닭고기, 가슴, 생것:30.0|멥쌀, 백미, 생것:40.0",
D014005,"비빔밥(고추장, 소고기)",밥류,비빔밥 및 볶음밥류,415.0,,,"파, 쪽파, 생것:2.0|참기름:3.0|고사리, 데친것:20.0|콩나물, 삶은것:30.0|시금치, 데친것:30.0|당근, 뿌리, 데친것:30.0|달걀, 부침(달걀프라이):50.0|고추장, 개량:10.0|소고기, 한우, 등심, 구운것(팬):30.0|멥쌀, 백미, 밥:210.0",
D014004,"비빔밥(고추장, 돼지고기)",밥류,비빔밥 및 볶음밥류,324.5,,,"후추, 검은색, 가루:1.0|콩기름:0.0|소금, 천일염, 가는소금:0.5|참깨, 흰색, 볶은것:1.0|간장, 개량, 양조:1.0|참기름:3.0|마늘, 생것:3.0|호박, 애호박, 데친것:20.0|콩나물, 삶은것:20.0|시금치, 데친것:20.0|고사리, 데친것:20.0|돼지고기, 등심, 구운것(팬):15.0|고추장, 개량:10.0|멥쌀, 백미, 밥:210.0",
D014064,바지락비빔밥,밥류,비빔밥 및 볶음밥류,163.8,,,"마늘, 생것:0.3|참기름:0.5|고춧가루:1.0|파, 대파, 생것:2.0|간장, 개량, 양조:2.0|들깻잎, 생것:3.0|날치, 알, 생것:5.0|양파, 생것:10.0|무, 조선무, 생것:20.0|바지락, 생것:50.0|멥쌀, 백미, 생것:70.0|마늘, 생것:0.3|참기름:0.5|고춧가루:1.0|파, 대파, 생것:2.0|간장, 개량, 양조:2.0|들깻잎, 생것:3.0|날치, 알, 생것:5.0|양파, 생것:10.0|무, 조선무, 생것:20.0|바지락, 생것:50.0|멥쌀, 백미, 생것:70.0",
D014082,두부카레볶음밥,밥류,비빔밥 및 볶음밥류,100.0,,,"부추, 두메부추, 생것:2.0|당근, 뿌리, 생것:5.0|콩기름:6.0|양파, 생것:7.0|카레 소스, 가루:10.0|멥쌀, 백미, 생것:35.0|두부:35.0",
D014081,도토리묵비빔밥,밥류,비빔밥 및 볶음밥류,217.2,,,"소금, 천일염, 소금꽃:0.2|당근, 뿌리, 생것:1.0|파, 쪽파, 생것:1.0|김, 참김, 구운것:1.0|설탕, 백설탕:1.0|간장, 개량, 양조:1.0|참기름:2.0|찹쌀, 백미, 생것:10.0|오이, 다다기, 생것:20.0|김치, 배추 김치:40.0|도토리묵:50.0|멥쌀, 백미, 생것:90.0",
D014039,닭가슴살 곤드레밥,밥류,비빔밥 및 볶음밥류,288.3,,,"참기름:2.0|고추, 빨간색, 생것:3.0|고추, 초록색, 녹광, 생것:3.0|간장, 개량, 양조:12.0|생수:40.0|후추, 검은색, 가루:0.1|소금, 천일염, 가는소금:0.2|발효주, 청주, 알코올 16%:4.0|표고버섯, 참나무재배, 말린것:4.0|고려엉겅퀴(곤드레), 재래종, 잎, 생것:50.0|즉석밥, 백미:100.0|멥쌀, 현미, 발아현미, 생것:30.0|닭고기, 가슴, 생것:40.0",
D014051,낙지비빔밥,밥류,비빔밥 및 볶음밥류,268.4,,,"마늘, 다진것:0.3|간장, 개량, 양조:0.3|소금, 천일염:0.3|참깨, 흰색, 볶은것:0.5|콩기름:1.0|고춧가루:1.0|참기름:2.0|파, 대파, 생것:3.0|김, 참김, 구운것:5.0|고추장, 재래:5.0|양파, 생것:10.0|상추, 잎상추, 치마상추, 녹색, 생것:20.0|콩나물, 생것:50.0|낙지, 생것:70.0|멥쌀, 백미, 생것:100.0",
D014001,김치볶음밥(돼지고기),밥류,비빔밥 및 볶음밥류,357.0,,,"후추, 검은색, 가루:1.0|소금, 천일염, 가는소금:1.0|참기름:2.0|마늘, 생것:3.0|당근, 뿌리, 생것:5.0|양파, 생것:10.0|콩기름:5.0|달걀, 부침(달걀프라이):50.0|돼지고기, 등심, 구운것(팬):30.0|멥쌀, 백미, 밥:210.0|김치, 배추 김치:40.0",
D014130,근채류주먹밥,밥류,비빔밥 및 볶음밥류,289.0,,,"소금, 가공염, 퉁퉁마디(함초):2.0|콩기름:15.0|참기름:5.0|간장, 개량, 양조:6.0|참깨, 흰색, 볶은것:1.0|오이, 다다기, 생것:70.0|멥쌀, 백미, 생것:100.0|당근, 뿌리, 생것:10.0|양파, 생것:10.0|고추, 초록색, 녹광, 생것:10.0|감자, 대지, 생것:20.0|연근, 생것:20.0|우엉, 생것:20.0",
D016039,참치비빔밥롤,밥류,김(초)밥,326.0,,,"고추, 초록색, 녹광, 생것:5.0|토마토, 통조림, 페이스트:50.0|꿀:5.0|로즈메리, 말린것:2.0|사과, 생것:8.0|식초, 사과식초:3.0|올리브유:5.0|후추, 흰색, 가루:3.0|케일, 생것:3.0|김, 김밥용김, 말린것:2.0|다랑어, 가다랑어, 통조림, 유지:25.0|가지, 생것:15.0|당근, 뿌리, 생것:15.0|호박, 쥬키니, 생것:15.0|달걀, 생것:80.0|완두, 생것:30.0|멥쌀, 백미, 신동진, 생것:60.0|고추, 초록색, 녹광, 생것:5.0|토마토, 통조림, 페이스트:50.0|꿀:5.0|로즈메리, 말린것:2.0|사과, 생것:8.0|식초, 사과식초:3.0|올리브유:5.0|후추, 흰색, 가루:3.0|케일, 생것:3.0|김, 김밥용김, 말린것:2.0|다랑어, 가다랑어, 통조림, 유지:25.0|가지, 생것:15.0|당근, 뿌리, 생것:15.0|호박, 쥬키니, 생것:15.0|달걀, 생것:80.0|완두, 생것:30.0|멥쌀, 백미, 신동진, 생것:60.0",
D014006,산채비빔밥(고추장),밥류,비빔밥 및 볶음밥류,333.5,,대두(콩),"콩기름:0.0|참기름:1.0|소금, 천일염, 가는소금:0.5|마늘, 생것:1.0|참깨, 흰색, 볶은것:1.0|콩나물, 삶은것:20.0|시금치, 데친것:20.0|달걀, 부침(달걀프라이):50.0|고추장, 개량:10.0|취나물, 참취, 데친것:20.0|멥쌀, 백미, 밥:210.0",
D014102,명란아보카도비빔밥,밥류,비빔밥 및 볶음밥류,219.3,,,"참깨, 흰색, 볶은것:0.3|부추, 두메부추, 생것:2.0|참기름:2.0|치커리, 잎, 생것:5.0|명태, 알, 양념젓갈(명란젓):10.0|달걀, 생것:40.0|아보카도, 생것:50.0|멥쌀, 백미, 생것:110.0",
D014003,비빔밥(고추장),밥류,비빔밥 및 볶음밥류,333.5,,대두(콩),"콩기름:0.0|참기름:1.0|소금, 천일염, 가는소금:0.5|마늘, 생것:1.0|참깨, 흰색, 볶은것:1.0|콩나물, 삶은것:20.0|취나물, 참취, 데친것:20.0|시금치, 데친것:20.0|달걀, 부침(달걀프라이):50.0|고추장, 개량:10.0|멥쌀, 백미, 밥:210.0",
D014101,돼지고기채소볶음밥,밥류,비빔밥 및 볶음밥류,112.0,,,"소금, 천일염, 가는소금:0.1|후추, 흰색, 가루:0.1|참기름:0.3|마늘, 생것:1.0|간장, 개량, 양조:1.0|파, 대파, 생것:1.5|콩기름:2.0|당근, 뿌리, 생것:5.0|양파, 생것:5.0|피망, 초록색, 생것:5.0|돼지고기, 등심, 생것:40.0|멥쌀, 백미, 생것:51.0",
D014065,봄나물비빔밥,밥류,비빔밥 및 볶음밥류,169.0,,대두(콩),"간장, 개량, 양조:1.0|소금, 천일염:1.0|참깨, 흰색, 볶은것:3.0|콩기름:4.0|도라지, 뿌리, 생것:10.0|고비, 야생, 삶아서 말린것:10.0|달래, 생것:10.0|돌나물, 생것:10.0|당근, 뿌리, 생것:15.0|표고버섯, 배지재배, 생것:15.0|멥쌀, 백미, 생것:90.0",
D014118,버섯영양밥/양념장,밥류,비빔밥 및 볶음밥류,81.9,,,"참기름:0.1|참깨, 흰색, 볶은것:0.3|마늘, 생것:0.5|맛술:1.0|당근, 뿌리, 생것:3.0|양송이버섯, 생것:5.0|간장, 개량, 양조:5.0|표고버섯, 배지재배, 생것:7.0|멥쌀, 백미, 생것:60.0",
D014075,게살달걀볶음밥,밥류,비빔밥 및 볶음밥류,123.72,,,"후추, 검은색, 가루:0.02|소금, 천일염:0.2|참기름:0.5|굴 소스:1.0|콩기름:2.0|당근, 뿌리, 생것:5.0|양파, 생것:5.0|피망, 초록색, 생것:5.0|게맛살, 어육함량이 낮은것:10.0|달걀, 생것:25.0|멥쌀, 백미, 생것:70.0|후추, 검은색, 가루:0.02|소금, 천일염:0.2|참기름:0.5|굴 소스:1.0|콩기름:2.0|당근, 뿌리, 생것:5.0|양파, 생것:5.0|피망, 초록색, 생것:5.0|게맛살, 어육함량이 낮은것:10.0|달걀, 생것:25.0|멥쌀, 백미, 생것:70.0",
D014114,배추나물밥&양념장,밥류,비빔밥 및 볶음밥류,107.0,,,"마늘, 생것:0.5|고춧가루:0.5|부추, 두메부추, 생것:1.0|다시마, 생것:1.0|들기름:1.0|간장, 개량, 양조:1.0|당근, 뿌리, 생것:2.0|배추, 생것:20.0|멥쌀, 백미, 생것:80.0",
D014125,냉이 강된장비빔밥,밥류,비빔밥 및 볶음밥류,238.0,,밀,"전분, 감자, 가루:2.0|고추, 빨간색, 생것:3.0|고추, 풋고추, 생것:3.0|파, 대파, 생것:5.0|참기름:10.0|냉이, 생것:15.0|큰느타리버섯(새송이버섯), 생것:20.0|호박, 애호박, 생것:20.0|된장, 개량:20.0|멥쌀, 백미, 생것:60.0|두부:80.0",
D014063,날치알볶음밥,밥류,비빔밥 및 볶음밥류,93.4,,대두(콩),"콩기름:0.1|버터, 무가염:0.3|마늘, 생것:0.5|참기름:0.5|식초, 사과식초:1.0|당근, 뿌리, 생것:3.0|피망, 초록색, 생것:3.0|양파, 생것:5.0|무 절임, 단무지:5.0|찹쌀, 백미, 생것:10.0|날치, 알, 생것:15.0|멥쌀, 백미, 생것:50.0",
D014053,목살필라프,밥류,비빔밥 및 볶음밥류,83.91,,,"후추, 검은색, 가루:0.01|소금, 천일염, 소금꽃:0.1|참깨, 흰색, 볶은것:0.3|참기름:0.5|간장, 개량, 양조:0.5|발효주, 청주, 알코올 16%:0.5|파프리카, 노란색, 생것:1.0|피망, 초록색, 생것:1.0|파프리카, 빨간색, 생것:1.0|콩기름:1.0|굴 소스:1.0|당근, 뿌리, 생것:2.0|마요네즈:3.0|양파, 생것:5.0|돼지고기, 목심, 생것:15.0|멥쌀, 백미, 생것:52.0",
D014113,멕시칸볶음밥(세계음식-멕시코),밥류,비빔밥 및 볶음밥류,165.0,,,"파, 쪽파, 생것:1.0|올리브유:6.0|간장, 개량, 양조:6.0|토마토, 생것:7.0|파프리카, 노란색, 생것:7.0|파프리카, 빨간색, 생것:7.0|파프리카, 주황색, 생것:7.0|피망, 초록색, 생것:7.0|칠리, 가루:7.0|양파, 생것:10.0|소고기, 한우(1++등급), 등심, 생것:30.0|멥쌀, 백미, 생것:70.0",
D014050,나물비빔밥,밥류,비빔밥 및 볶음밥류,82.1,,,"참기름:0.1|참깨, 흰색, 볶은것:2.0|간장, 개량, 양조:2.0|콩기름:3.0|콩나물, 생것:10.0|시금치, 생것:10.0|멥쌀, 백미, 생것:55.0",
D014091,깍두기달걀볶음밥,밥류,비빔밥 및 볶음밥류,144.71,,,"후추, 검은색, 가루:0.01|참깨, 흰색, 볶은것:0.1|소금, 천일염, 가는소금:0.1|설탕, 백설탕:0.5|참기름:1.0|콩기름:1.0|간장, 개량, 양조:1.5|굴 소스:1.5|김, 참김, 구운것:2.0|파, 대파, 생것:3.0|당근, 뿌리, 생것:4.0|고추장, 개량:5.0|찹쌀, 백미, 생것:10.0|양파, 생것:10.0|김치, 깍두기:30.0|멥쌀, 백미, 생것:35.0|달걀, 생것:40.0",
D014117,곤드레무밥/양념장,밥류,비빔밥 및 볶음밥류,124.9,,,"마늘, 생것:0.4|고춧가루:0.5|파, 대파, 생것:1.0|참깨, 흰색, 볶은것:1.0|참기름:1.0|간장, 개량, 양조:1.0|무, 조선무, 생것:10.0|고려엉겅퀴(곤드레), 재래종, 잎, 생것:40.0|멥쌀, 백미, 생것:70.0",
D014076,꼬막야채비빔밥,밥류,비빔밥 및 볶음밥류,243.9,,,"참깨, 흰색, 볶은것:0.1|마늘, 생것:0.3|참기름:0.5|고춧가루:1.0|양배추, 적색, 생것:2.0|파, 대파, 생것:2.0|간장, 개량, 양조:2.0|치커리, 잎, 생것:3.0|들깻잎, 생것:3.0|상추, 잎상추, 치마상추, 녹색, 생것:5.0|날치, 알, 생것:5.0|양파, 적색, 생것:10.0|무, 조선무, 생것:20.0|멥쌀, 백미, 생것:90.0|꼬막, 생것:100.0",
D014049,꼬막비빔밥,밥류,비빔밥 및 볶음밥류,163.9,,,"참깨, 흰색, 볶은것:0.1|마늘, 생것:0.3|참기름:0.5|고춧가루:1.0|양배추, 적색, 생것:2.0|파, 대파, 생것:2.0|간장, 개량, 양조:2.0|치커리, 잎, 생것:3.0|들깻잎, 생것:3.0|상추, 잎상추, 치마상추, 녹색, 생것:5.0|날치, 알, 생것:5.0|양파, 적색, 생것:10.0|무, 조선무, 생것:20.0|꼬막, 생것:40.0|멥쌀, 백미, 생것:70.0",
D014079,달걀버터비빔밥,밥류,비빔밥 및 볶음밥류,147.8,,,"참깨, 흰색, 볶은것:0.3|참기름:0.5|부추, 두메부추, 생것:2.0|버터, 무가염:2.0|치커리, 잎, 생것:5.0|명태, 알, 양념젓갈(명란젓):10.0|멥쌀, 백미, 생것:60.0|달걀, 생것:68.0",
D014036,김치볶음밥(콩나물),밥류,비빔밥 및 볶음밥류,220.0,,,"소금, 천일염, 가는소금:0.6|참기름:1.1|마늘, 생것:1.6|콩기름:2.1|콩나물, 삶은것:10.9|김치, 배추 김치:26.7|멥쌀, 백미, 밥:117.3|소금, 천일염, 가는소금:0.6|참기름:1.1|마늘, 생것:1.6|콩기름:2.1|콩나물, 삶은것:10.9|김치, 배추 김치:26.7|멥쌀, 백미, 밥:117.3",
D014038,귀리토마토리소토,밥류,비빔밥 및 볶음밥류,355.9,,,"올리브유:4.0|후추, 검은색, 가루:0.1|소금, 천일염, 가는소금:1.8|호박, 애호박, 생것:20.0|가지, 생것:20.0|토마토, 생것:100.0|생수:130.0|귀리, 겉귀리, 도정, 생것:80.0",
D014077,나물된장비빔밥,밥류,비빔밥 및 볶음밥류,147.52,,,"소금, 천일염:0.02|간장, 개량, 양조:0.2|참깨, 흰색, 볶은것:0.3|참기름:2.0|콩기름:2.0|김, 조미김, 구운것:3.0|당근, 뿌리, 생것:10.0|양파, 생것:10.0|고사리, 생것:10.0|시금치, 생것:10.0|호박, 애호박, 생것:10.0|무, 조선무, 생것:15.0|된장, 개량:15.0|멥쌀, 백미, 생것:60.0",
D014078,낙지강황비빔밥,밥류,비빔밥 및 볶음밥류,247.4,,,"마늘, 다진것:0.3|간장, 개량, 양조:0.3|소금, 천일염:0.3|강황, 가루:0.5|참깨, 흰색, 볶은것:0.5|참기름:0.5|콩기름:1.0|고춧가루:1.0|파, 대파, 생것:3.0|김, 참김, 구운것:5.0|고추장, 재래:5.0|양파, 생것:10.0|상추, 잎상추, 치마상추, 녹색, 생것:20.0|콩나물, 생것:50.0|멥쌀, 백미, 생것:70.0|낙지, 생것:80.0",
D014037,겨자소스를 곁들인 영양밥 강정,밥류,비빔밥 및 볶음밥류,264.1,,,"참깨, 흰색, 볶은것:0.5|콩기름:10.0|꿀:3.0|생수:43.0|겨자 페이스트:2.0|후추, 검은색, 가루:0.1|마늘, 생것:3.0|참기름:2.0|굴 소스:2.0|간장, 개량, 양조:7.0|소금, 천일염, 가는소금:0.5|달걀, 난황, 생것:8.0|소고기, 한우(1등급), 안심, 생것:20.0|아몬드, 말린것:3.0|파, 쪽파, 생것:5.0|양파, 생것:10.0|표고버섯, 참나무재배, 생것:15.0|멥쌀, 백미, 생것:15.0|멥쌀, 현미, 밥:100.0|멥쌀, 현미, 흑미, 생것:15.0",
D015052,훈제연어덮밥,밥류,덮밥 및 국밥류,177.7,,,"설탕, 백설탕:0.2|식초, 양조:0.2|마늘, 다진것:0.3|간장, 개량, 양조:2.0|겨자 페이스트:5.0|양파, 생것:20.0|연어, 훈제:70.0|멥쌀, 백미, 생것:80.0",
D015051,해물볶음덮밥,밥류,덮밥 및 국밥류,362.0,,,"김, 참김, 구운것:3.0|콩기름:4.0|파, 쪽파, 생것:5.0|양파, 생것:20.0|숙주나물, 생것:20.0|밀, 부침가루:20.0|포크커틀릿 소스:20.0|새우, 흰다리새우, 생것:30.0|오징어, 생것:40.0|양배추, 생것:50.0|달걀, 생것:60.0|멥쌀, 백미, 생것:90.0",
D014048,김밥볶음밥,밥류,비빔밥 및 볶음밥류,111.8,,,"물엿:0.2|참깨, 흰색, 볶은것:0.3|설탕, 황설탕:0.3|참기름:0.5|간장, 개량, 양조:0.5|김, 참김, 구운것:1.0|피망, 초록색, 생것:4.0|찹쌀, 백미, 생것:5.0|당근, 뿌리, 생것:8.0|무 절임, 단무지:10.0|햄, 등심햄:10.0|우엉, 생것:12.0|달걀, 생것:20.0|멥쌀, 백미, 생것:40.0",
D015030,해물덮밥(고추장),밥류,덮밥 및 국밥류,249.0,,,"마늘, 생것:0.8|전분, 감자, 가루:2.5|간장, 개량, 양조:3.3|당근, 뿌리, 데친것:4.0|고추, 빨간색, 생것:4.0|양파, 데친것:8.3|피망, 초록색, 생것:12.4|콩기름:5.0|고추장, 개량:2.0|멥쌀, 백미, 밥:126.7|새우, 중하, 생것:25.0|오징어, 구운것:15.0|마늘, 생것:0.8|전분, 감자, 가루:2.5|간장, 개량, 양조:3.3|당근, 뿌리, 데친것:4.0|고추, 빨간색, 생것:4.0|양파, 데친것:8.3|피망, 초록색, 생것:12.4|콩기름:5.0|고추장, 개량:2.0|멥쌀, 백미, 밥:126.7|새우, 중하, 생것:25.0|오징어, 구운것:15.0",
D014046,간장달걀밥,밥류,비빔밥 및 볶음밥류,190.0,,,"파, 쪽파, 생것:1.0|소금, 천일염:1.0|콩기름:3.0|당근, 뿌리, 생것:5.0|간장, 개량, 양조:5.0|양파, 생것:15.0|달걀, 생것:60.0|멥쌀, 백미, 생것:100.0",
D015018,"회덮밥(참치, 초고추장)",밥류,덮밥 및 국밥류,380.0,,,"마늘, 생것:1.0|고춧가루:1.0|참기름:2.0|식초, 감식초:3.0|고추, 풋고추, 생것:3.0|물엿:5.0|양배추, 생것:10.0|상추, 반결구, 로메인, 녹색, 생것:10.0|오이, 다다기, 생것:20.0|무, 조선무, 생것:30.0|고추장, 개량:15.0|멥쌀, 백미, 밥:210.0|다랑어, 참다랑어, 냉동:70.0",
D015068,훈제오리양파덮밥,밥류,덮밥 및 국밥류,121.0,,,"소금, 천일염, 가는소금:3.0|후추, 검은색, 가루:3.0|당근, 뿌리, 생것:5.0|양배추, 생것:5.0|양파, 생것:10.0|오리고기, 조미훈제:45.0|멥쌀, 백미, 생것:50.0",
D015075,팽이버섯덮밥/달걀후라이,밥류,덮밥 및 국밥류,103.6,,,"참깨, 흰색, 볶은것:0.2|참기름:0.2|후추, 흰색, 가루:0.2|콩기름:1.0|간장, 개량, 양조:1.0|맛술:1.0|파, 대파, 생것:5.0|달걀, 생것:5.0|양파, 생것:10.0|팽이버섯, 생것:30.0|멥쌀, 백미, 생것:50.0",
D015017,"회덮밥(참치, 고추장)",밥류,덮밥 및 국밥류,389.0,,,"설탕, 백설탕:1.0|참기름:3.0|쑥갓, 생것:5.0|마늘, 생것:5.0|상추, 반결구, 로메인, 녹색, 생것:10.0|고추, 풋고추, 생것:10.0|오이, 다다기, 생것:20.0|양배추, 생것:20.0|당근, 뿌리, 생것:20.0|고추장, 개량:15.0|다랑어, 참다랑어, 냉동:70.0|멥쌀, 백미, 밥:210.0",
D015015,한치덮밥(고추장),밥류,덮밥 및 국밥류,416.0,,,"설탕, 백설탕:1.0|참기름:3.0|간장, 개량, 양조:2.0|쑥갓, 생것:5.0|마늘, 생것:5.0|상추, 반결구, 로메인, 녹색, 생것:10.0|고추, 풋고추, 생것:10.0|콩기름:15.0|오이, 다다기, 생것:20.0|양배추, 생것:20.0|당근, 뿌리, 생것:20.0|고추장, 개량:15.0|멥쌀, 백미, 밥:210.0|한치, 생것:80.0",
D015066,소고기하이라이스,밥류,덮밥 및 국밥류,255.0,,,"혼합식물성유:5.0|양송이버섯, 생것:10.0|당근, 뿌리, 생것:15.0|양파, 생것:25.0|소고기, 한우(1++등급), 앞다리, 생것:30.0|하이라이스, 가루:30.0|감자, 대지, 생것:40.0|멥쌀, 백미, 생것:100.0|혼합식물성유:5.0|양송이버섯, 생것:10.0|당근, 뿌리, 생것:15.0|양파, 생것:25.0|소고기, 한우(1++등급), 앞다리, 생것:30.0|하이라이스, 가루:30.0|감자, 대지, 생것:40.0|멥쌀, 백미, 생것:100.0",
D015059,토마토카레덮밥,밥류,덮밥 및 국밥류,217.3,,,"소금, 천일염, 가는소금:0.3|콩기름:1.0|당근, 뿌리, 생것:3.0|피망, 초록색, 생것:3.0|토마토, 통조림, 페이스트:10.0|양파, 생것:15.0|감자, 대지, 생것:20.0|카레 소스, 가루:25.0|멥쌀, 백미, 생것:70.0|돼지고기, 뒷다리, 생것:70.0",
D015067,토마토비프리조또,밥류,덮밥 및 국밥류,252.41,,,"후추, 검은색, 가루:0.01|파슬리, 말린것:0.1|후추, 흰색, 가루:0.3|버터, 무가염:1.0|소금, 천일염, 가는소금:1.0|순무, 잎, 생것:2.0|올리브유:2.0|마늘, 생것:3.0|발효주, 청주, 알코올 16%:3.0|치즈, 파르메산(파마산):5.0|양파, 생것:10.0|양송이버섯, 생것:10.0|소고기, 한우(1++등급), 등심, 생것:35.0|멥쌀, 백미, 생것:80.0|토마토, 통조림:100.0",
D015058,토마토제육덮밥,밥류,덮밥 및 국밥류,352.1,,,"후추, 검은색, 가루:0.1|생강, 뿌리줄기, 생것:1.0|매실청:1.0|발효주, 청주, 알코올 16%:1.0|마늘, 다진것:2.0|설탕, 황설탕:3.0|간장, 개량, 양조:3.0|고추장, 개량:3.0|고춧가루:3.0|당근, 뿌리, 생것:5.0|큰느타리버섯(새송이버섯), 생것:10.0|양파, 생것:15.0|양배추, 생것:15.0|치즈, 모차렐라, 슈레드타입:20.0|토마토, 통조림, 페이스트:20.0|토마토, 생것:60.0|멥쌀, 백미, 생것:90.0|돼지고기, 뒷다리, 생것:100.0",
D015049,참치마요덮밥,밥류,덮밥 및 국밥류,153.8,,,"생강, 뿌리줄기, 생것:0.3|마늘, 다진것:0.5|콩기름:1.0|파, 쪽파, 생것:2.0|설탕, 백설탕:2.0|고추냉이, 페이스트:2.0|맛술:2.0|브로콜리, 싹, 생것:3.0|김, 조미김, 구운것:3.0|간장, 개량, 양조:3.0|조, 차조, 도정, 생것:5.0|양파, 생것:10.0|상추, 잎상추, 치마상추, 녹색, 생것:10.0|데리야끼 소스:10.0|마요네즈:10.0|다랑어, 가다랑어, 통조림, 유지:20.0|멥쌀, 백미, 생것:70.0",
D015050,치킨마요덮밥,밥류,덮밥 및 국밥류,88.2,,,"참깨, 흰색, 말린것:0.2|김, 참김, 구운것:1.0|설탕, 황설탕:1.0|참기름:1.0|콩기름:1.0|간장, 개량, 양조:1.0|마요네즈:2.0|달걀, 생것:5.0|양파, 생것:6.0|찹쌀, 백미, 생것:10.0|닭고기, 가슴, 튀긴것(튀김옷):25.0|멥쌀, 백미, 생것:35.0",
D015082,치즈리조또,밥류,덮밥 및 국밥류,176.0,,,"소금, 천일염, 가는소금:1.0|참기름:5.0|표고버섯, 배지재배, 생것:15.0|멥쌀, 백미, 생것:60.0|치즈, 모차렐라:27.0|우유:18.0|호박, 단호박, 생것:50.0",
D015035,차돌박이미나리덮밥,밥류,덮밥 및 국밥류,306.05,,,"발효주, 청주, 알코올 16%:3.0|후추, 검은색, 가루:0.05|올리브유:3.0|매실청:6.0|식초, 발사믹:3.0|마늘, 생것:3.0|간장, 개량, 양조:12.0|달걀, 난황, 생것:18.0|멥쌀, 현미, 밥:180.0|소고기, 한우(1등급), 양지(차돌박이), 생것:20.0|고추, 빨간색, 생것:3.0|양파, 생것:15.0|미나리, 돌미나리, 생것:40.0",
D015057,쭈꾸미볶음덮밥,밥류,덮밥 및 국밥류,190.0,,,"소금, 천일염, 가는소금:2.0|참깨, 흰색, 볶은것:3.0|파, 쪽파, 생것:5.0|김, 참김, 구운것:5.0|설탕, 백설탕:5.0|고춧가루:5.0|당근, 뿌리, 생것:10.0|양파, 생것:10.0|새우, 흰다리새우, 생것:10.0|고추장, 개량:10.0|주꾸미, 생것:45.0|멥쌀, 백미, 생것:80.0",
D015039,짬뽕덮밥,밥류,덮밥 및 국밥류,184.6,,,"후추, 검은색, 가루:0.1|소금, 천일염, 소금꽃:0.5|생강, 뿌리줄기, 생것:1.0|목이버섯, 생것:1.0|마늘, 생것:2.0|표고버섯, 배지재배, 생것:2.0|파, 대파, 생것:2.0|당근, 뿌리, 생것:3.0|부추, 두메부추, 생것:3.0|청경채, 생것:5.0|새우, 흰다리새우, 생것:5.0|오징어, 갑오징어, 생것:5.0|간장, 개량, 양조:5.0|대나무순(죽순), 생것:10.0|오징어, 생것:10.0|조개, 가무락조개, 생것:10.0|양파, 생것:20.0|담치, 참담치(홍합), 생것:20.0|멥쌀, 백미, 생것:80.0",
D015081,전복내장밥,밥류,덮밥 및 국밥류,318.0,,대두(콩),"콩기름:15.0|후추, 흰색, 가루:1.0|증류주, 소주, 희석식, 알코올 17.8%:15.0|참기름:15.0|마늘, 다진것:7.0|찹쌀, 백미, 생것:50.0|호박, 단호박, 생것:25.0|연근, 생것:25.0|당근, 뿌리, 생것:15.0|바지락, 생것:25.0|새우, 중하, 생것:25.0|전복, 북방전복, 생것:100.0",
D015041,닭살짜장밥,밥류,덮밥 및 국밥류,133.0,,,"마늘, 생것:1.0|콩기름:2.0|당근, 뿌리, 생것:5.0|양파, 생것:10.0|감자, 대지, 생것:10.0|양배추, 생것:10.0|호박, 애호박, 생것:10.0|짜장 소스, 가루:15.0|닭고기, 가슴, 생것:20.0|멥쌀, 백미, 생것:50.0|마늘, 생것:1.0|콩기름:2.0|당근, 뿌리, 생것:5.0|양파, 생것:10.0|감자, 대지, 생것:10.0|양배추, 생것:10.0|호박, 애호박, 생것:10.0|짜장 소스, 가루:15.0|닭고기, 가슴, 생것:20.0|멥쌀, 백미, 생것:50.0",
D015011,제육덮밥(고추장),밥류,덮밥 및 국밥류,360.0,,,"마늘, 생것:1.0|후추, 검은색, 가루:2.0|참기름:4.0|설탕, 백설탕:4.0|간장, 개량, 양조:4.0|파, 대파, 생것:5.0|생강, 뿌리줄기, 생것:5.0|당근, 뿌리, 생것:10.0|고춧가루:10.0|양파, 생것:20.0|양배추, 생것:20.0|고추장, 개량:5.0|멥쌀, 백미, 밥:210.0|돼지고기, 등심, 생것:60.0",
D015071,중화풍마파두부덮밥,밥류,덮밥 및 국밥류,168.5,,,"생강, 뿌리줄기, 생것:0.1|전분, 감자, 가루:0.2|고춧가루:0.2|설탕, 백설탕:1.0|미소:1.0|발효주, 청주, 알코올 16%:1.0|마늘, 다진것:2.0|파, 쪽파, 생것:2.0|고추기름:2.0|콩기름:2.0|굴 소스:2.0|당근, 뿌리, 생것:5.0|두반장:5.0|양파, 생것:10.0|돼지고기, 뒷다리, 생것:15.0|멥쌀, 백미, 생것:60.0|두부, 연두부:60.0",
D015056,주꾸미볶음덮밥,밥류,덮밥 및 국밥류,196.0,,,"김, 참김, 구운것:1.0|당근, 뿌리, 생것:5.0|파, 대파, 생것:5.0|고추장, 개량:5.0|양파, 생것:20.0|양배추, 생것:20.0|멥쌀, 백미, 생것:60.0|주꾸미, 생것:80.0",
D015034,장어밥,밥류,덮밥 및 국밥류,218.5,,,"고춧가루:0.5|참기름:2.0|파, 대파, 생것:4.0|간장, 개량, 양조:12.0|마늘, 생것:7.0|생강, 뿌리줄기, 생것:3.0|장어, 갯장어, 생것:50.0|생수:80.0|멥쌀, 백미, 생것:60.0",
D015032,수수차밥,밥류,덮밥 및 국밥류,241.0,,,"김, 김밥용김, 말린것:1.0|파, 쪽파, 생것:3.0|콩기름:2.0|멥쌀, 백미, 밥:200.0|명태, 알, 양념젓갈(명란젓):20.0|수수, 도정, 생것:15.0",
D015065,소고기카레라이스,밥류,덮밥 및 국밥류,184.0,,대두(콩),"콩기름:4.0|소고기, 한우(1++등급), 앞다리, 생것:5.0|당근, 뿌리, 생것:7.0|카레 소스, 가루:8.0|양파, 생것:15.0|양송이버섯, 생것:15.0|감자, 대지, 생것:50.0|멥쌀, 백미, 생것:80.0",
D015006,소고기덮밥(양송이버섯),밥류,덮밥 및 국밥류,377.0,,,"소금, 천일염, 가는소금:1.0|마늘, 생것:1.0|전분, 감자, 가루:10.0|양파, 생것:10.0|당근, 뿌리, 생것:10.0|콩기름:15.0|표고버섯, 참나무재배, 생것:20.0|양배추, 생것:20.0|느타리버섯, 생것:20.0|양송이버섯, 생것:20.0|소고기, 한우, 등심, 생것:30.0|멥쌀, 백미, 밥:210.0",
D015055,소고기미역국밥,밥류,덮밥 및 국밥류,51.3,,,"마늘, 생것:0.5|간장, 개량, 양조:1.0|참기름:1.8|미역, 생것:3.0|소고기, 한우(1++등급), 양지, 생것:5.0|멥쌀, 백미, 생것:40.0",
D015004,소고기국밥,밥류,덮밥 및 국밥류,1007.0,,,"소금, 천일염, 가는소금:1.0|마늘, 생것:1.0|토란대, 줄기, 생것:10.0|파, 대파, 생것:15.0|배추, 생것:30.0|소고기, 한우, 양지, 생것:40.0|멥쌀, 백미, 밥:210.0",
D015005,소고기덮밥,밥류,덮밥 및 국밥류,367.0,,,"소금, 천일염, 가는소금:1.0|마늘, 생것:1.0|표고버섯, 참나무재배, 생것:10.0|전분, 감자, 가루:10.0|양파, 생것:10.0|당근, 뿌리, 생것:10.0|느타리버섯, 생것:10.0|콩기름:15.0|양배추, 생것:20.0|소고기, 한우, 등심, 생것:60.0|멥쌀, 백미, 밥:210.0",
D015064,새우살굴소스덮밥,밥류,덮밥 및 국밥류,126.0,,,"마늘, 생것:1.0|간장, 개량, 양조:1.0|굴 소스:2.0|당근, 뿌리, 생것:3.0|양파, 생것:5.0|콩기름:9.0|큰느타리버섯(새송이버섯), 생것:10.0|새우, 중하, 생것:40.0|멥쌀, 백미, 생것:55.0",
D015080,불고기덮밥,밥류,덮밥 및 국밥류,620.0,,,"참기름:5.0|후추, 흰색, 가루:1.0|파, 대파, 생것:10.0|마늘, 다진것:10.0|생강청:15.0|간장, 개량, 양조:6.0|참깨, 흰색, 볶은것:5.0|콩기름:30.0|파, 쪽파, 생것:15.0|달걀, 생것:60.0|팽이버섯, 생것:20.0|고추, 빨간색, 생것:18.0|고추, 초록색, 녹광, 생것:15.0|양파, 생것:60.0|소고기, 한우(1++등급), 등심, 생것:150.0|멥쌀, 백미, 밥:200.0",
D015042,소고기규동,밥류,덮밥 및 국밥류,264.2,,,"후추, 검은색, 가루:0.4|멸치, 대멸치, 삶아서 말린것:1.0|고춧가루:1.0|마늘, 생것:1.5|설탕, 백설탕:1.5|김, 참김, 구운것:1.8|발효주, 청주, 알코올 16%:2.0|간장, 개량, 양조:5.0|파, 대파, 생것:8.0|당근, 뿌리, 생것:10.0|표고버섯, 배지재배, 생것:10.0|달걀, 생것:12.0|양파, 생것:25.0|양배추, 생것:25.0|소고기, 한우(1++등급), 양지, 생것:60.0|멥쌀, 백미, 생것:100.0",
D015070,새우살마파두부덮밥,밥류,덮밥 및 국밥류,205.0,,밀,"전분, 옥수수, 가루:1.0|콩기름:1.0|마늘, 다진것:2.0|파, 쪽파, 생것:2.0|고추기름:2.0|굴 소스:2.0|당근, 뿌리, 생것:5.0|돼지고기, 뒷다리, 생것:5.0|두반장:5.0|양파, 생것:10.0|새우, 흰다리새우, 생것:10.0|멥쌀, 백미, 생것:60.0|두부:100.0",
D015079,봄나물밥,밥류,덮밥 및 국밥류,200.0,,,"다시마 육수:50.0|된장, 개량:5.0|고추장, 개량:5.0|두부:15.0|달래, 생것:10.0|두릅, 참두릅, 생것:20.0|쑥갓, 생것:20.0|멥쌀, 백미, 신동진, 생것:50.0|멥쌀, 현미, 신동진, 생것:25.0",
D015063,베이컨로제리조또,밥류,덮밥 및 국밥류,140.9,,,"후추, 검은색, 가루:0.1|소금, 천일염, 가는소금:0.8|양송이버섯, 생것:5.0|올리브유:5.0|우유:10.0|크림, 생크림:10.0|베이컨:10.0|양파, 생것:15.0|스파게티 소스, 토마토, 병조림:35.0|멥쌀, 백미, 생것:50.0",
D015054,버섯카레라이스,밥류,덮밥 및 국밥류,225.5,,,"양파, 생것:2.5|소금, 천일염, 가는소금:3.0|완두, 생것:5.0|송이버섯, 생것:10.0|표고버섯, 배지재배, 생것:10.0|당근, 뿌리, 생것:15.0|양송이버섯, 생것:20.0|감자, 대지, 생것:40.0|카레 소스, 가루:40.0|멥쌀, 백미, 생것:80.0",
D015053,바질새우리조또,밥류,덮밥 및 국밥류,134.3,,,"후추, 흰색, 가루:0.3|소금, 천일염, 가는소금:1.0|버터, 무가염:2.0|치즈, 파르메산(파마산):2.0|우유:4.0|크림, 생크림:5.0|양파, 생것:10.0|바질, 잎, 생것:10.0|새우, 흰다리새우, 생것:30.0|멥쌀, 백미, 생것:70.0",
D015085,바비큐리조또,밥류,덮밥 및 국밥류,810.0,,,"마늘, 생것:25.0|사과, 생것:70.0|양배추, 적색, 생것:30.0|부추, 솔부추, 생것:20.0|올리브유:25.0|감자, 대지, 생것:30.0|멸치 육수, 티백, 채소 포함:200.0|청국장, 가루:15.0|멥쌀, 백미, 밥:150.0|후추, 흰색, 가루:1.0|식초, 발사믹:30.0|후추, 검은색, 가루:2.0|간장, 개량, 양조:12.0|돼지고기, 삼겹살, 생것:200.0",
D015084,매생이찰범벅,밥류,덮밥 및 국밥류,366.0,,,"멸치 육수:150.0|소금, 천일염, 가는소금:1.0|밤, 생것:30.0|호박, 단호박, 생것:50.0|찹쌀, 백미, 생것:15.0|매생이, 생것:20.0|우유:100.0",
D015078,묵계밥,밥류,덮밥 및 국밥류,424.0,,,"소금, 천일염, 가는소금:2.0|후추, 흰색, 가루:1.0|간장, 개량, 양조:6.0|양파, 생것:15.0|파, 대파, 생것:10.0|마늘, 생것:10.0|닭고기, 가슴, 생것:70.0|콩나물, 생것:30.0|달걀, 생것:55.0|귀리, 쌀귀리, 도정, 밥:150.0|메밀묵:25.0|올방개묵:25.0|도토리묵:25.0",
D015062,돼지고기짜장덮밥,밥류,덮밥 및 국밥류,112.5,,,"마늘, 생것:0.5|콩기름:0.5|맛술:0.5|당근, 뿌리, 생것:3.0|양파, 생것:3.0|양배추, 생것:5.0|호박, 애호박, 생것:5.0|감자, 대지, 생것:10.0|짜장 소스, 가루:10.0|돼지고기, 뒷다리, 생것:30.0|멥쌀, 백미, 생것:45.0",
D015061,돼지고기부추덮밥,밥류,덮밥 및 국밥류,213.08,,,"맛술:0.04|후추, 흰색, 가루:0.04|마늘, 다진것:1.0|전분, 감자, 가루:1.0|소금, 천일염:1.0|굴 소스:2.0|설탕, 백설탕:4.0|간장, 개량, 양조:4.0|양파, 생것:10.0|부추, 두메부추, 생것:10.0|양배추, 생것:30.0|돼지고기, 등심, 생것:60.0|멥쌀, 백미, 생것:90.0",
D015083,두부달걀덮밥,밥류,덮밥 및 국밥류,332.1,,대두(콩),"간장, 개량, 양조:2.0|설탕, 가루:1.0|발효주, 청주, 알코올 16%:1.0|전분, 감자, 가루:1.0|후추, 흰색, 가루:0.1|다시마, 생것:1.0|다랑어, 가다랑어 육수:1.0|멥쌀, 백미, 신동진, 밥:200.0|달걀, 생것:15.0|양파, 생것:10.0|표고버섯, 배지재배, 생것:30.0|가지, 생것:20.0|두부:50.0",
D015069,돼지고기양송이덮밥,밥류,덮밥 및 국밥류,8.54,,,"소금, 천일염, 가는소금:0.01|설탕, 백설탕:0.03|간장, 개량, 양조:0.04|맛술:0.04|후추, 흰색, 가루:0.04|마늘, 생것:0.08|올리브유:0.1|고추, 청양고추, 생것:0.2|굴 소스:0.2|브로콜리, 생것:0.3|토마토 케첩:0.3|바비큐 소스:0.4|양송이버섯, 생것:1.0|양파, 생것:1.6|멥쌀, 백미, 생것:1.8|돼지고기, 등심, 생것:2.4|소금, 천일염, 가는소금:0.01|설탕, 백설탕:0.03|간장, 개량, 양조:0.04|맛술:0.04|후추, 흰색, 가루:0.04|마늘, 생것:0.08|올리브유:0.1|고추, 청양고추, 생것:0.2|굴 소스:0.2|브로콜리, 생것:0.3|토마토 케첩:0.3|바비큐 소스:0.4|양송이버섯, 생것:1.0|양파, 생것:1.6|멥쌀, 백미, 생것:1.8|돼지고기, 등심, 생것:2.4",
D015077,돼지고기 가지덮밥,밥류,덮밥 및 국밥류,205.4,,,"후추, 흰색, 가루:0.5|설탕, 백설탕:0.9|소금, 천일염, 가는소금:1.0|식초, 양조:1.5|마늘, 생것:2.5|혼합식물성유:3.0|간장, 개량, 양조:3.0|굴 소스:3.0|고추, 빨간색, 생것:5.0|고추, 초록색, 녹광, 생것:5.0|파, 대파, 생것:5.0|전분, 감자, 가루:5.0|양파, 생것:20.0|돼지고기, 뒷다리, 생것:40.0|가지, 생것:110.0",
D015002,닭고기덮밥,밥류,덮밥 및 국밥류,356.5,,,"소금, 천일염, 가는소금:0.5|마늘, 생것:1.0|표고버섯, 참나무재배, 말린것, 삶은것:10.0|전분, 감자, 가루:10.0|양파, 생것:10.0|양배추, 생것:10.0|당근, 뿌리, 생것:10.0|느타리버섯, 생것:10.0|콩기름:15.0|닭고기, 살코기, 생것:60.0|멥쌀, 백미, 밥:210.0",
D015040,닭갈비덮밥,밥류,덮밥 및 국밥류,170.3,,,"후추, 검은색, 가루:0.1|참기름:0.5|고춧가루:0.7|마늘, 생것:1.0|설탕, 황설탕:1.0|간장, 개량, 양조:2.0|고추장, 개량:2.0|들깻잎, 생것:3.0|양파, 생것:20.0|양배추, 생것:20.0|멥쌀, 백미, 생것:60.0|닭고기, 다리(아랫다리), 생것:60.0",
D015038,달걀덮밥,밥류,덮밥 및 국밥류,107.0,,,"마늘, 생것:0.5|참기름:0.5|콩기름:1.0|멸치, 대멸치, 삶아서 말린것:2.0|굴 소스:3.0|당근, 뿌리, 생것:5.0|양파, 생것:5.0|피망, 초록색, 생것:5.0|양송이버섯, 생것:10.0|달걀, 생것:30.0|멥쌀, 백미, 생것:45.0",
D015047,단호박리조또,밥류,덮밥 및 국밥류,146.3,,,"후추, 흰색, 가루:0.3|버터, 무가염:1.0|치즈, 파르메산(파마산):1.0|크림, 생크림:1.0|소금, 천일염, 가는소금:1.0|우유:5.0|양파, 생것:7.0|호박, 단호박, 생것:40.0|멥쌀, 백미, 생것:90.0",
D015037,날치알밥,밥류,덮밥 및 국밥류,123.0,,,"김, 참김, 구운것:3.0|참기름:5.0|날치, 알, 생것:15.0|무 절임, 단무지:20.0|멥쌀, 백미, 생것:40.0|김치, 배추 김치:40.0",
D015060,깐풍돼지고기덮밥,밥류,덮밥 및 국밥류,111.5,,,"소금, 천일염:0.5|참기름:1.0|콩기름:1.0|간장, 개량, 양조:1.0|식초, 사과식초:1.0|마늘, 생것:2.0|파, 대파, 생것:2.0|설탕, 백설탕:3.0|양파, 생것:10.0|전분, 감자, 가루:10.0|달걀, 생것:15.0|돼지고기, 뒷다리, 생것:20.0|멥쌀, 백미, 생것:45.0",
D015086,닭가슴살리조또,밥류,덮밥 및 국밥류,537.0,,토마토,"토마토, 생것:10.0|소금, 가공염, 퉁퉁마디(함초):2.0|올리브유:50.0|우유:30.0|크림, 생크림:30.0|피망, 빨간색, 생것:50.0|마늘, 다진것:15.0|양파, 생것:60.0|고추, 청양고추, 생것:10.0|표고버섯, 배지재배, 생것:30.0|피망, 초록색, 생것:50.0|찹쌀, 백미, 생것:50.0|보리, 쌀보리, 찰보리, 도정, 생것:50.0|닭고기, 가슴, 생것:100.0",https://www.nongsaro.go.kr/cms_contents/mgnNew/978-89-480-6205-2/978-89-480-6205-2_B_043.jpg
D015076,구운달걀 카레덮밥,밥류,덮밥 및 국밥류,293.8,,,"소금, 천일염, 가는소금:0.3|콩기름:0.5|당근, 뿌리, 생것:3.0|피망, 초록색, 생것:3.0|카레 소스, 가루:12.0|양파, 생것:15.0|감자, 대지, 생것:20.0|돼지고기, 뒷다리, 생것:30.0|멥쌀, 백미, 생것:90.0|달걀, 생것:120.0",
D015046,고추잡채덮밥,밥류,덮밥 및 국밥류,255.02,,,"후추, 검은색, 가루:0.02|마늘, 다진것:1.0|전분, 감자, 가루:2.0|고추기름:2.0|굴 소스:2.0|콩기름:3.0|당근, 뿌리, 생것:5.0|표고버섯, 배지재배, 생것:10.0|양파, 생것:20.0|피망, 초록색, 생것:30.0|파프리카, 빨간색, 생것:30.0|돼지고기, 뒷다리, 생것:40.0|멥쌀, 백미, 생것:110.0",
D015036,굴국밥,밥류,덮밥 및 국밥류,91.7,,,"소금, 천일염, 가는소금:0.1|참기름:0.5|마늘, 생것:0.6|미역, 생것:1.5|파, 대파, 생것:2.0|간장, 개량, 양조:2.0|명태, 생것:5.0|두부:5.0|달걀, 생것:15.0|무, 조선무, 생것:20.0|굴, 참굴, 생것:40.0",
D016023,현미채소초밥,밥류,김(초)밥,279.0,,대두(콩),"간장, 개량, 양조:6.0|물엿:4.0|식초, 감식초:6.0|설탕, 백설탕:5.0|소금, 천일염, 가는소금:1.0|고추냉이, 페이스트:2.0|큰느타리버섯(새송이버섯), 생것:30.0|가지, 생것:40.0|생수:110.0|멥쌀, 백미, 생것:25.0|멥쌀, 현미, 생것:50.0",
D015001,계란덮밥,밥류,덮밥 및 국밥류,397.0,,,"소금, 천일염, 가는소금:1.0|마늘, 생것:1.0|표고버섯, 참나무재배, 생것:10.0|전분, 감자, 가루:10.0|양파, 생것:10.0|양배추, 생것:10.0|당근, 뿌리, 생것:10.0|느타리버섯, 생것:10.0|콩기름:15.0|소고기, 한우, 등심, 생것:20.0|두부:20.0|달걀, 생것:60.0|멥쌀, 백미, 밥:210.0",
D016030,햄채소주먹밥,밥류,김(초)밥,61.6,,,"참깨, 흰색, 볶은것:0.3|소금, 천일염, 가는소금:0.3|참기름:0.5|콩기름:0.5|당근, 뿌리, 생것:5.0|양파, 생것:5.0|호박, 애호박, 생것:5.0|햄, 슬라이스햄:10.0|멥쌀, 백미, 생것:35.0",
D016025,충무김밥,밥류,김(초)밥,73.0,,,"물엿:1.0|설탕, 백설탕:1.0|까나리, 액젓:1.0|참기름:1.0|간장, 개량, 양조:1.0|매실청:1.0|고춧가루:2.0|어묵:5.0|오징어, 생것:20.0|멥쌀, 백미, 생것:40.0",
D016012,초밥(참치),밥류,김(초)밥,267.0,,,"겨자, 가루:1.0|소금, 천일염, 가는소금:1.0|간장, 개량, 양조:2.0|설탕, 백설탕:3.0|다랑어, 황다랑어, 생것:40.0|멥쌀, 백미, 밥:210.0|식초, 감식초:10.0",
D016011,초밥(장어),밥류,김(초)밥,267.0,,,"겨자, 가루:1.0|소금, 천일염, 가는소금:1.0|간장, 개량, 양조:2.0|설탕, 백설탕:3.0|장어, 먹장어, 생것:40.0|멥쌀, 백미, 밥:210.0|식초, 감식초:10.0",
D016010,초밥(유부),밥류,김(초)밥,290.0,,,"소금, 천일염, 가는소금:1.0|참깨, 흰색, 볶은것:2.0|간장, 개량, 양조:2.0|참기름:2.0|설탕, 백설탕:3.0|시금치, 데친것:20.0|두부, 유부:40.0|멥쌀, 백미, 밥:210.0|식초, 감식초:10.0",
D016007,초밥(문어),밥류,김(초)밥,247.0,,,"겨자, 가루:1.0|소금, 천일염, 가는소금:1.0|간장, 개량, 양조:2.0|설탕, 백설탕:3.0|문어, 생것:20.0|멥쌀, 백미, 밥:210.0|식초, 감식초:10.0",
D016009,초밥(연어),밥류,김(초)밥,239.0,,,"겨자, 가루:2.0|소금, 천일염, 가는소금:1.0|간장, 개량, 양조:5.0|설탕, 백설탕:6.0|연어, 생것:5.0|멥쌀, 백미, 밥:210.0|식초, 감식초:10.0",
D016041,채소 초밥,밥류,김(초)밥,186.9,,,"다시마, 말린것:0.1|레몬, 생것:0.3|맛술:1.0|파래, 말린것:1.0|설탕, 가루:2.0|식초, 사과식초:2.5|파프리카, 주황색, 생것:15.0|파프리카, 노란색, 생것:15.0|파프리카, 빨간색, 생것:15.0|우엉, 생것:20.0|큰느타리버섯(새송이버섯), 생것:20.0|호박, 애호박, 생것:20.0|찹쌀, 현미, 동진찰, 생것:5.0|멥쌀, 현미, 생것:30.0|바지락, 생것:40.0",
D016008,초밥(새우),밥류,김(초)밥,257.0,,,"겨자, 가루:1.0|소금, 천일염, 가는소금:1.0|간장, 개량, 양조:2.0|설탕, 백설탕:3.0|새우, 중하, 생것:30.0|멥쌀, 백미, 밥:210.0|식초, 감식초:10.0",
D016026,참치주먹밥,밥류,김(초)밥,146.8,,,"참깨, 흰색, 볶은것:0.3|참기름:0.5|콩기름:0.5|간장, 개량, 양조:0.5|당근, 뿌리, 생것:5.0|양파, 생것:5.0|호박, 애호박, 생것:5.0|감자, 대지, 생것:10.0|다랑어, 가다랑어, 통조림, 유지:50.0|멥쌀, 백미, 생것:70.0",
D016034,구운주먹밥,밥류,김(초)밥,195.0,,,"식초, 사과식초:2.0|설탕, 가루:2.0|참깨, 흰색, 볶은것:2.0|참기름:4.0|달걀, 생것:50.0|김, 참김, 생것:5.0|톳, 생것:30.0|멥쌀, 현미, 신동진, 생것:100.0|식초, 사과식초:2.0|설탕, 가루:2.0|참깨, 흰색, 볶은것:2.0|참기름:4.0|달걀, 생것:50.0|김, 참김, 생것:5.0|톳, 생것:30.0|멥쌀, 현미, 신동진, 생것:100.0",
D016031,잔멸치김가루주먹밥(소),밥류,김(초)밥,70.1,,,"참깨, 흰색, 볶은것:0.3|설탕, 백설탕:0.3|김, 참김, 구운것:2.0|물엿:2.0|콩기름:2.0|멸치, 잔멸치, 삶아서 말린것:3.5|멥쌀, 백미, 생것:60.0",
D016038,새싹참치김밥,밥류,김(초)밥,242.0,,,"설탕, 가루:0.5|마요네즈:2.5|간장, 개량, 양조:5.0|다랑어, 가다랑어, 통조림, 유지:12.0|비타민채(다채), 어린잎, 생것:10.0|멥쌀, 백미, 신동진, 밥:150.0|김, 김밥용김, 말린것:2.0|달걀, 생것:30.0|파인애플, 생것:15.0|파프리카, 빨간색, 생것:15.0",
D016032,봄주먹밥,밥류,김(초)밥,319.0,,대두(콩),"두부:76.0|고추, 청양고추, 생것:4.0|고추, 빨간색, 생것:4.0|마늘, 다진것:4.0|고춧가루:4.0|된장, 개량:14.0|호박, 애호박, 생것:14.0|당근, 뿌리, 생것:14.0|양파, 생것:14.0|참깨, 흰색, 볶은것:3.0|멥쌀, 백미, 신동진, 밥:100.0|꼬막, 생것:14.0|미나리, 물미나리, 생것:3.0|올리브유:8.0|두릅, 참두릅, 생것:8.0|참기름:13.0|낙지, 생것:6.0|들깻잎, 생것:6.0|배추, 봄동, 생것:10.0",
D016040,오징어불고기김밥,밥류,김(초)밥,605.0,,,"매실청:15.0|고추장, 개량:3.0|참기름:15.0|큰느타리버섯(새송이버섯), 생것:30.0|들깻잎, 생것:20.0|김, 김밥용김, 말린것:2.0|달걀, 생것:50.0|소고기, 한우(1++등급), 우둔(우둔살), 생것:60.0|멥쌀, 백미, 신동진, 밥:200.0|피망, 빨간색, 생것:30.0|당근, 뿌리, 생것:20.0|파프리카, 빨간색, 생것:30.0|오징어, 생것:130.0",
D016021,수수떡갈비김밥,밥류,김(초)밥,250.2,,,"참깨, 흰색, 볶은것:0.5|소금, 천일염, 가는소금:0.7|매실청:3.0|콩기름:3.0|참기름:4.0|생강 페이스트:1.0|파, 대파, 생것:3.0|마늘, 생것:2.0|발효주, 청주, 알코올 16%:3.0|간장, 개량, 양조:5.0|전분, 감자, 가루:1.0|설탕, 백설탕:2.0|우엉, 생것:10.0|무 절임, 단무지:10.0|소고기, 한우(1등급), 우둔, 생것:20.0|김, 김밥용김, 말린것:2.0|양송이버섯, 생것:10.0|양파, 생것:10.0|생수:90.0|멥쌀, 백미, 생것:40.0|수수, 도정, 생것:30.0",
D016033,양배추롤,밥류,김(초)밥,262.0,,,"참기름:5.0|간장, 개량, 양조:10.0|달래, 생것:10.0|고추, 빨간색, 생것:5.0|소고기, 한우(1++등급), 앞다리(부채살), 생것:80.0|양배추, 생것:50.0|다시마, 말린것:2.0|멥쌀, 백미, 생것:50.0|멥쌀, 현미, 생것:50.0",
D016029,소고기주먹밥,밥류,김(초)밥,83.02,,,"후추, 검은색, 가루:0.02|마늘, 생것:0.5|참기름:0.5|소금, 천일염, 가는소금:1.0|당근, 뿌리, 생것:3.0|피망, 초록색, 생것:3.0|양파, 생것:5.0|소고기, 한우(1++등급), 앞다리, 생것:20.0|멥쌀, 백미, 생것:50.0",
D016020,두부초밥,밥류,김(초)밥,271.4,,,"식초, 감식초:10.0|맛술:5.0|간장, 개량, 양조:3.0|설탕, 백설탕:10.0|소금, 천일염, 가는소금:1.4|김, 김밥용김, 말린것:2.0|두부:60.0|즉석밥, 잡곡밥(멥쌀, 찹쌀, 흑미, 팥, 기장, 찰수수):180.0",
D016028,묵은지주먹밥,밥류,김(초)밥,102.23,,,"후추, 검은색, 가루:0.03|고추, 빨간색, 생것:0.2|마늘, 다진것:1.0|참깨, 흰색, 볶은것:1.0|참기름:1.0|설탕, 백설탕:2.0|쌈장:2.0|다랑어, 가다랑어, 통조림, 유지:5.0|멥쌀, 백미, 생것:40.0|김치, 배추 김치:50.0",
D016036,닭봉주먹밥,밥류,김(초)밥,412.0,,,"참깨, 흰색, 볶은것:2.0|꿀:5.0|마요네즈:2.0|레몬 착즙:5.0|간장, 개량, 양조:5.0|참기름:20.0|후추, 흰색, 가루:3.0|비타민채(다채), 어린잎, 생것:10.0|멥쌀, 백미, 신동진, 밥:150.0|치즈, 모차렐라:20.0|무청, 시래기, 말린것, 삶은것:20.0|양파, 생것:10.0|당근, 뿌리, 생것:15.0|호박, 쥬키니, 생것:15.0|가지, 생것:15.0|큰느타리버섯(새송이버섯), 생것:5.0|호박, 단호박, 생것:10.0|우유:20.0|닭고기, 다리(아랫다리), 생것:80.0",
D016005,미역유부밥(새우젓),밥류,김(초)밥,298.0,,새우,"새우, 젓새우, 생것:3.0|멥쌀, 백미, 밥:210.0|두부, 유부:35.0|미역, 염장, 데친것:50.0",
D016035,깐풍주먹밥,밥류,김(초)밥,336.0,,,"설탕, 가루:15.0|갯나물, 퉁퉁마디(함초), 노지, 생것:10.0|식초, 사과식초:10.0|고추, 풋고추, 생것:7.0|고추, 빨간색, 생것:7.0|마늘, 다진것:4.0|부추, 산부추, 생것:10.0|파인애플, 생것:10.0|밀, 중력밀가루:30.0|찹쌀, 현미, 보람찰, 밥:200.0|참기름:7.0|후추, 흰색, 가루:1.0|소고기, 한우(1등급), 안심, 생것:15.0|새우, 흰다리새우, 생것:10.0",
D016024,김주먹밥,밥류,김(초)밥,35.8,,,"소금, 천일염, 가는소금:0.3|참깨, 흰색, 볶은것:0.5|참기름:1.0|김, 참김, 구운것:4.0|멥쌀, 백미, 생것:30.0",
D016003,김밥(어묵),밥류,김(초)밥,280.0,,,"참깨, 흰색, 볶은것:1.0|참기름:2.0|오이, 취청, 생것:10.0|달걀, 부침(달걀프라이):10.0|시금치, 생것:15.0|무 절임, 단무지:20.0|어묵:10.0|멥쌀, 백미, 밥:210.0|김, 김밥용김, 말린것:2.0",
D016004,김밥(햄),밥류,김(초)밥,276.0,,,"참깨, 흰색, 볶은것:1.0|참기름:3.0|오이, 취청, 생것:10.0|달걀, 부침(달걀프라이):10.0|시금치, 데친것:15.0|무 절임, 단무지:15.0|햄, 등심햄:10.0|멥쌀, 백미, 밥:210.0|김, 김밥용김, 말린것:2.0",
D016002,김밥(비엔나소시지),밥류,김(초)밥,289.0,,,"참기름:2.0|콩기름:5.0|어묵:10.0|시금치, 생것:15.0|달걀, 부침(달걀프라이):15.0|무 절임, 단무지:15.0|소시지, 위너(비엔나)소시지:15.0|멥쌀, 백미, 밥:210.0|김, 김밥용김, 말린것:2.0",
D016001,김밥(게맛살),밥류,김(초)밥,283.0,,,"참깨, 흰색, 볶은것:1.0|참기름:2.0|오이, 취청, 생것:10.0|달걀, 부침(달걀프라이):10.0|시금치, 생것:15.0|무 절임, 단무지:20.0|멥쌀, 백미, 밥:210.0|게맛살, 어육함량이 낮은것:13.0|김, 김밥용김, 말린것:2.0",
D016027,김가루주먹밥,밥류,김(초)밥,92.5,,,"참기름:0.5|소금, 천일염, 가는소금:1.0|참깨, 흰색, 볶은것:1.5|김, 참김, 구운것:3.0|당근, 뿌리, 생것:3.5|양파, 생것:3.5|무 절임, 단무지:3.5|찹쌀, 백미, 생것:7.0|햄, 등심햄:11.0|멥쌀, 백미, 생것:58.0",
D016019,기장상추주먹밥,밥류,김(초)밥,222.6,,,"물엿:2.0|고추장, 개량:2.0|된장, 개량:6.0|마늘, 생것:3.0|고추, 빨간색, 생것:2.0|참기름:5.0|참깨, 흰색, 볶은것:1.5|소금, 천일염, 가는소금:0.1|상추, 잎상추, 치마상추, 녹색, 생것:20.0|달래, 생것:6.0|생수:100.0|멥쌀, 백미, 생것:45.0|기장, 도정, 생것:30.0",
D017006,홍합밥,밥류,기타,112.0,,,"다시마, 말린것:2.0|참기름:5.0|간장, 개량, 양조:5.0|담치, 참담치(홍합), 생것:20.0|멥쌀, 백미, 생것:80.0",
D017008,클로렐라밥,밥류,기타,85.0,,,"클로렐라, 말린것:5.0|찹쌀, 백미, 생것:20.0|멥쌀, 백미, 생것:60.0",
D017011,이천영양밥(향토-경기도),밥류,기타,99.0,,,"인삼, 수삼, 생것:4.0|표고버섯, 배지재배, 생것:7.0|밤, 통조림:8.0|찹쌀, 백미, 생것:10.0|멥쌀, 백미, 생것:70.0",
D017003,굴무밥,밥류,기타,225.0,,,"표고버섯, 배지재배, 생것:15.0|무, 조선무, 생것:50.0|멥쌀, 백미, 생것:80.0|굴, 참굴, 생것:80.0",
D134002,편육무침(소고기),무침류,육류무침,76.0,,,"참기름:1.0|마늘, 생것:1.0|고춧가루:1.0|간장, 개량, 양조:1.0|소금, 천일염, 가는소금:2.0|파, 쪽파, 생것:5.0|식초, 양조:5.0|소고기, 한우(1등급), 사태(뒷사태), 생것:60.0",
D017005,영양밥,밥류,기타,67.0,,,"인삼, 수삼, 생것:2.0|표고버섯, 배지재배, 생것:7.0|밤, 통조림:8.0|멥쌀, 백미, 생것:20.0|찹쌀, 백미, 생것:30.0",
D017009,소불고기브리또,밥류,기타,175.6,,,"후추, 흰색, 가루:0.1|소금, 천일염, 소금꽃:0.5|피망, 초록색, 생것:5.0|파프리카, 빨간색, 생것:5.0|양파, 생것:10.0|치즈, 모차렐라:10.0|빵, 또띠아, 밀:15.0|스파게티 소스, 토마토, 병조림:20.0|소고기, 한우(1++등급), 앞다리, 생것:40.0|멥쌀, 백미, 생것:70.0",
D017007,닭고기솥밥,밥류,기타,92.5,,,"소금, 천일염, 가는소금:0.5|간장, 개량, 양조:1.0|맛술:1.0|다시마, 생것:2.0|은행, 생것:3.0|우엉, 생것:5.0|닭고기, 다리(넓적다리), 생것:20.0|멥쌀, 백미, 생것:60.0",
D017002,강황밥,밥류,기타,90.01,,,"강황, 가루:0.01|찹쌀, 백미, 생것:10.0|멥쌀, 백미, 생것:80.0",
D134001,닭무침,무침류,육류무침,103.0,,,"꿀:1.0|참기름:2.0|소금, 천일염, 가는소금:2.0|파, 대파, 생것:4.0|간장, 개량, 양조:4.0|마늘, 생것:5.0|양파, 생것:10.0|고춧가루:10.0|양배추, 생것:15.0|닭고기, 가슴, 삶은것:50.0",
D134003,닭고기냉채,무침류,육류무침,556.0,,,"소금, 천일염, 가는소금:4.0|설탕, 백설탕:4.0|식초, 감식초:30.0|겨자, 가루:10.0|연유, 점성이 높은것:50.0|잣, 볶은것:5.0|밤, 생것:30.0|달걀, 생것:50.0|대나무순(죽순), 생것:50.0|배, 생것:50.0|전복, 둥근전복, 생것:50.0|닭고기, 가슴, 삶은것:50.0|오이, 취청, 생것:50.0|당근, 뿌리, 생것:50.0|양배추, 생것:50.0",
D134006,소고기참나물겉절이,무침류,육류무침,98.65,,,"고춧가루:1.0|후추, 검은색, 가루:0.05|참깨, 흰색, 볶은것:0.6|참기름:4.0|마늘, 생것:5.0|간장, 개량, 양조:5.0|콩기름:3.0|소고기, 한우(1등급), 우둔, 생것:30.0|참나물, 재배, 생것:50.0",
D134005,배냉채,무침류,육류무침,126.0,,난류,"마요네즈:4.0|간장, 개량, 양조:5.0|식초, 감식초:10.0|겨자 페이스트:2.0|설탕, 백설탕:8.0|발효주, 청주, 알코올 16%:4.0|생강, 뿌리줄기, 생것:1.0|마늘, 생것:3.0|파, 대파, 생것:4.0|대추, 말린것:5.0|밤, 생것:10.0|배, 생것:50.0|소고기, 한우(1등급), 사태(아롱사태), 생것:20.0",
D133026,홍합무침(초고추장),무침류,어패류무침,162.0,,,"고춧가루:1.0|간장, 재래:1.0|파, 쪽파, 생것:3.0|설탕, 백설탕:3.0|식초, 양조:5.0|마늘, 생것:5.0|고추, 풋고추, 생것:5.0|고추장, 개량:7.0|당근, 뿌리, 생것:10.0|양배추, 생것:12.0|오이, 다다기, 생것:30.0|담치, 참담치(홍합), 생것:80.0",
D134004,닭고기채소무침,무침류,육류무침,169.4,,,"참깨, 흰색, 볶은것:0.5|참기름:2.0|간장, 개량, 양조:6.0|고춧가루:0.5|소금, 천일염, 가는소금:0.4|부추, 재래종, 생것:30.0|감자, 대지, 생것:70.0|닭고기, 다리(넓적다리), 생것:30.0|닭고기, 가슴, 생것:30.0",
D133024,해파리냉채,무침류,어패류무침,117.0,,,"식초, 감식초:1.0|소금, 천일염, 가는소금:1.0|겨자, 가루:1.0|마늘, 생것:2.0|참기름:4.0|설탕, 백설탕:4.0|당근, 뿌리, 생것:4.0|오이, 취청, 생것:15.0|게맛살, 어육함량이 낮은것:15.0|해파리, 생것:70.0",
D133023,피조개무침(초고추장),무침류,어패류무침,162.0,,,"고춧가루:1.0|간장, 재래:1.0|파, 쪽파, 생것:3.0|설탕, 백설탕:3.0|식초, 양조:5.0|마늘, 생것:5.0|고추, 풋고추, 생것:5.0|고추장, 개량:7.0|당근, 뿌리, 생것:10.0|양배추, 생것:12.0|오이, 다다기, 생것:30.0|조개, 피조개, 양식, 생것:80.0",
D133022,쥐포무침(고추장),무침류,어패류무침,31.0,,,"파, 쪽파, 생것:1.0|설탕, 백설탕:1.0|마늘, 생것:1.0|참기름:2.0|간장, 개량, 양조:3.0|고추장, 개량:5.0|쥐치, 포, 말린것:18.0",
D133021,오징어채무침(초고추장),무침류,어패류무침,124.0,,,"참기름:1.0|생강, 뿌리줄기, 생것:1.0|참깨, 흰색, 볶은것:1.0|마늘, 생것:2.0|식초, 감식초:3.0|설탕, 백설탕:3.0|고추장, 개량:13.0|오징어, 포, 조미하여 말린것:100.0",
D133047,잣가루 냉채,무침류,어패류무침,123.15,,,"후추, 검은색, 가루:0.05|소금, 천일염, 가는소금:0.1|겨자 페이스트:2.0|간장, 개량, 양조:3.0|생수:5.0|식초, 감식초:7.0|설탕, 백설탕:5.0|잣, 생것:8.0|호두, 볶은것:3.0|대추, 말린것:5.0|인삼, 수삼, 생것:15.0|오이, 다다기, 생것:30.0|새우, 중하, 생것:40.0",
D133020,"오징어채무침(고추장, 물엿)",무침류,어패류무침,27.0,,,"참깨, 흰색, 볶은것:1.0|참기름:1.0|간장, 개량, 양조:4.0|고추장, 개량:5.0|물엿:6.0|오징어, 포, 조미하여 말린것:10.0",
D133019,오징어채무침(고추장),무침류,어패류무침,34.0,,,"참깨, 흰색, 볶은것:1.0|참기름:1.0|간장, 개량, 양조:2.0|고추장, 개량:5.0|오징어, 포, 조미하여 말린것:25.0",
D133018,"오징어무침(초고추장, 풋마늘)",무침류,어패류무침,112.0,,,"마늘, 생것:1.0|파, 쪽파, 생것:2.0|식초, 양조:2.0|설탕, 백설탕:2.0|고추장, 개량:5.0|고춧가루:10.0|풋마늘, 잎줄기, 생것:20.0|오징어, 구운것:70.0",
D133017,"오징어무침(초고추장, 파)",무침류,어패류무침,134.0,,,"참기름:1.0|생강, 뿌리줄기, 생것:1.0|참깨, 흰색, 볶은것:1.0|마늘, 생것:2.0|식초, 감식초:3.0|설탕, 백설탕:3.0|파, 쪽파, 생것:10.0|고추장, 개량:13.0|오징어, 구운것:100.0",
D133016,"오징어무침(초고추장, 어묵)",무침류,어패류무침,139.0,,,"참기름:1.0|생강, 뿌리줄기, 생것:1.0|참깨, 흰색, 볶은것:1.0|마늘, 생것:2.0|식초, 감식초:3.0|설탕, 백설탕:3.0|파, 대파, 생것:5.0|어묵:10.0|고추장, 개량:13.0|오징어, 구운것:100.0",
D133015,오징어무침(초고추장),무침류,어패류무침,129.0,,,"참기름:1.0|생강, 뿌리줄기, 생것:1.0|참깨, 흰색, 볶은것:1.0|마늘, 생것:2.0|식초, 감식초:3.0|설탕, 백설탕:3.0|파, 대파, 생것:5.0|고추장, 개량:13.0|오징어, 구운것:100.0",
D133040,북어보푸라기(3가지색),무침류,어패류무침,97.0,,,"소금, 천일염, 가는소금:2.0|후추, 검은색, 가루:2.0|참깨, 흰색, 볶은것:3.0|참기름:3.0|설탕, 백설탕:3.0|간장, 개량, 양조:4.0|명태, 북어, 말린것:80.0",
D133011,문어무침(고추장),무침류,어패류무침,131.0,,,"소금, 천일염, 가는소금:1.0|마늘, 생것:1.0|고춧가루:1.0|간장, 재래:1.0|파, 쪽파, 생것:2.0|참기름:2.0|고추장, 개량:3.0|양파, 생것:10.0|미나리, 물미나리, 생것:10.0|오이, 취청, 생것:20.0|무, 조선무, 생것:30.0|문어, 삶은것:50.0",
D133045,미나리황태무침,무침류,어패류무침,81.0,,,"참깨, 흰색, 볶은것:1.0|참기름:3.0|간장, 개량, 양조:2.0|매실청:4.0|식초, 감식초:3.0|고추장, 개량:5.0|설탕, 백설탕:3.0|명태, 황태, 포, 말린것:15.0|미나리, 돌미나리, 생것:30.0|양파, 생것:15.0",
D133014,소라무침(초고추장),무침류,어패류무침,100.0,,,"파, 쪽파, 생것:1.0|탄산 음료, 사이다:1.0|고춧가루:1.0|고추냉이, 페이스트:1.0|식초, 감식초:2.0|설탕, 백설탕:2.0|마늘, 생것:2.0|고추장, 개량:5.0|간장, 개량, 양조:5.0|소라, 생것:80.0",
D133013,새우무침(고추장),무침류,어패류무침,31.0,,,"파, 쪽파, 생것:1.0|설탕, 백설탕:1.0|참기름:2.0|간장, 개량, 양조:4.0|고추장, 개량:5.0|새우, 중하, 삶아서 말린것:18.0",
D133012,북어채무침(고추장),무침류,어패류무침,28.0,,,"파, 쪽파, 생것:1.0|설탕, 백설탕:1.0|고춧가루:1.0|참기름:2.0|고추장, 개량:5.0|명태, 북어, 말린것:18.0",
D133046,새싹 주꾸미 겨자무침,무침류,어패류무침,185.05,,,"다랑어, 가다랑어, 생것:2.0|후추, 검은색, 가루:0.05|겨자 페이스트:2.0|물엿:5.0|배즙:10.0|식초, 감식초:7.0|간장, 개량, 양조:9.0|생강, 뿌리줄기, 생것:1.0|소금, 천일염, 가는소금:1.0|밀, 중력밀가루:8.0|파프리카, 노란색, 생것:15.0|파프리카, 빨간색, 생것:15.0|주꾸미, 생것:70.0|양파, 생것:10.0|미나리, 돌미나리, 생것:10.0|비타민채(다채), 어린잎, 생것:20.0",
D133043,도라지냉채,무침류,어패류무침,156.2,,,"겨자 페이스트:1.0|식초, 감식초:7.0|들깨, 볶은것:0.2|설탕, 백설탕:5.0|사과, 생것:30.0|새우, 중하, 생것:40.0|소금, 천일염, 가는소금:3.0|파프리카, 빨간색, 생것:10.0|파프리카, 노란색, 생것:10.0|오이, 취청, 생것:20.0|도라지, 뿌리, 생것:30.0",
D133044,미나리오징어젓갈무침과 쌈,무침류,어패류무침,156.0,,,"참깨, 흰색, 볶은것:0.5|참기름:2.0|마요네즈:3.0|물엿:3.0|마늘, 생것:2.0|고춧가루:1.0|식초, 감식초:9.0|소금, 천일염, 가는소금:0.5|설탕, 백설탕:3.0|배추, 생것:30.0|들깻잎, 생것:6.0|김, 김밥용김, 말린것:1.0|오징어, 양념젓갈:20.0|무, 조선무, 생것:15.0|양파, 생것:10.0|오이, 취청, 생것:30.0|미나리, 돌미나리, 생것:20.0",
D133042,더덕해물냉채,무침류,어패류무침,198.6,,,"소금, 천일염, 가는소금:0.6|참기름:3.0|마늘, 생것:2.0|유자청:7.0|고추장, 개량:6.0|간장, 개량, 양조:2.0|식초, 양조:4.0|양파, 생것:10.0|무순, 싹, 생것:5.0|토마토, 방울토마토, 생것:14.0|배, 생것:15.0|대나무순(죽순), 삶은것:20.0|문어, 삶은것:20.0|새우, 중하, 생것:10.0|미나리, 돌미나리, 생것:20.0|오이, 취청, 생것:30.0|더덕, 뿌리, 생것:30.0",
D133010,멸치무침(고추장),무침류,어패류무침,30.0,,,"파, 대파, 생것:1.0|설탕, 백설탕:1.0|마늘, 생것:1.0|고춧가루:1.0|간장, 개량, 양조:1.0|참기름:2.0|고추장, 개량:5.0|멸치, 중멸치, 삶아서 말린것:18.0",
D133009,대구포무침(고추장),무침류,어패류무침,30.0,,,"파, 쪽파, 생것:1.0|설탕, 백설탕:1.0|마늘, 생것:1.0|고춧가루:1.0|간장, 재래:1.0|참기름:2.0|고추장, 개량:5.0|대구, 포, 말린것:18.0",
D133008,노가리채무침(고추장),무침류,어패류무침,30.0,,,"파, 쪽파, 생것:1.0|설탕, 백설탕:1.0|마늘, 생것:1.0|고춧가루:1.0|간장, 재래:1.0|참기름:2.0|고추장, 개량:5.0|명태, 노가리, 말린것:18.0",
D133001,게맛살무침(고추장),무침류,어패류무침,70.0,,,"파, 쪽파, 생것:1.0|설탕, 백설탕:1.0|간장, 개량, 양조:1.0|참기름:2.0|고추장, 개량:5.0|오이, 다다기, 생것:20.0|게맛살, 어육함량이 낮은것:40.0",
D133006,꼴뚜기무침(초고추장),무침류,어패류무침,140.0,,,"소금, 천일염, 가는소금:1.0|마늘, 생것:1.0|고춧가루:1.0|간장, 재래:1.0|식초, 감식초:3.0|고추장, 개량:3.0|파, 쪽파, 생것:10.0|양파, 생것:10.0|미나리, 물미나리, 데친것:10.0|오이, 취청, 생것:20.0|무, 조선무, 생것:30.0|꼴뚜기, 불똥꼴뚜기, 삶은것:50.0",
D133041,깻잎꼬막무침,무침류,어패류무침,340.7,,,"참깨, 흰색, 볶은것:1.0|까나리, 액젓:5.0|마늘, 생것:5.0|식초, 감식초:5.0|고춧가루:1.0|설탕, 백설탕:9.0|참기름:7.0|소금, 천일염, 가는소금:2.7|멥쌀, 백미, 밥:200.0|부추, 두메부추, 생것:10.0|양파, 생것:15.0|들깻잎, 생것:10.0|꼬막, 새꼬막, 생것:70.0",
D133007,낙지무침(초고추장),무침류,어패류무침,140.0,,,"소금, 천일염, 가는소금:1.0|마늘, 생것:1.0|고춧가루:1.0|간장, 재래:1.0|식초, 감식초:3.0|고추장, 개량:3.0|파, 쪽파, 생것:10.0|양파, 생것:10.0|미나리, 물미나리, 생것:10.0|오이, 취청, 생것:20.0|무, 조선무, 생것:30.0|낙지, 세발낙지, 생것:50.0",
D133004,굴무침(무),무침류,어패류무침,134.0,,,"마늘, 생것:1.0|식초, 양조:2.0|소금, 천일염, 가는소금:2.0|설탕, 백설탕:2.0|고춧가루:2.0|파, 쪽파, 생것:5.0|무, 조선무, 생것:40.0|굴, 참굴, 양식, 생것:80.0",
D133002,골뱅이무침(초고추장),무침류,어패류무침,122.0,,,"식초, 감식초:1.0|설탕, 백설탕:1.0|고춧가루:1.0|고추, 풋고추, 생것:5.0|고추장, 개량:7.0|오징어, 포, 조미하여 말린것:10.0|당근, 뿌리, 생것:10.0|양배추, 생것:12.0|오이, 다다기, 생것:30.0",
D133003,굴무침,무침류,어패류무침,88.0,,,"참기름:1.0|소금, 천일염, 가는소금:1.0|마늘, 생것:1.0|고춧가루:2.0|파, 쪽파, 생것:3.0|굴, 참굴, 양식, 생것:80.0",
D132119,호박오가리나물,무침류,숙채,51.5,,,"참기름:2.0|참깨, 흰색, 볶은것:0.5|생수:30.0|설탕, 백설탕:2.0|마늘, 생것:3.0|파, 대파, 생것:4.0|간장, 개량, 양조:3.0|호박, 애호박, 말린것:7.0",
D132086,호박나물(새우젓),무침류,숙채,47.8,,,"파, 대파, 생것:1.5|새우, 젓새우, 생것:1.5|마늘, 생것:1.5|참깨, 흰색, 볶은것:1.5|소금, 천일염, 가는소금:2.3|참기름:1.0|호박, 애호박, 데친것:38.5|파, 대파, 생것:1.5|새우, 젓새우, 생것:1.5|마늘, 생것:1.5|참깨, 흰색, 볶은것:1.5|소금, 천일염, 가는소금:2.3|참기름:1.0|호박, 애호박, 데친것:38.5",
D132118,풋마늘김무침,무침류,숙채,61.5,,,"참깨, 흰색, 볶은것:0.5|참기름:2.0|간장, 개량, 양조:3.0|설탕, 백설탕:2.0|김, 김밥용김, 말린것:4.0|풋마늘, 잎줄기, 생것:50.0",
D132124,톳나물 두부무침,무침류,숙채,55.4,,,"마늘, 생것:0.1|참기름:0.1|참깨, 흰색, 볶은것:0.1|소금, 천일염, 가는소금:0.1|두부:40.0|톳, 생것:15.0",
D132085,탕평채,무침류,숙채,118.6,,대두(콩),"콩기름:1.0|참기름:0.7|소금, 천일염, 가는소금:0.7|김, 참김, 구운것:0.3|당근, 뿌리, 데친것:8.8|미나리, 물미나리, 생것:13.3|숙주나물, 데친것:17.8|소고기, 한우, 등심, 구운것(팬):6.0|녹두묵:70.0",
D132040,콩나물무침(무),무침류,숙채,51.0,,,"참깨, 흰색, 볶은것:1.0|참기름:1.0|소금, 천일염, 가는소금:1.0|마늘, 생것:1.0|파, 대파, 생것:2.0|무, 조선무, 생것:10.0|콩나물, 삶은것:35.0",
D132039,"콩나물무침(고춧가루, 어묵)",무침류,숙채,71.0,,,"마늘, 생것:1.0|고춧가루:1.0|후추, 검은색, 가루:2.0|참기름:2.0|설탕, 백설탕:2.0|간장, 재래:3.0|어묵:30.0|콩나물, 삶은것:30.0",
D132041,토란대무침(고추장),무침류,숙채,93.0,,,"참깨, 흰색, 볶은것:1.0|참기름:1.0|설탕, 백설탕:1.0|간장, 개량, 양조:1.0|소금, 천일염, 가는소금:2.0|마늘, 생것:2.0|파, 쪽파, 생것:5.0|고추장, 개량:10.0|토란대, 줄기, 말린것, 데친것:70.0",
D132072,"콩나물무침(겨자, 미나리)",무침류,숙채,39.6,,,"소금, 천일염, 가는소금:0.7|겨자, 가루:0.7|파, 대파, 생것:1.4|설탕, 백설탕:1.0|식초, 감식초:2.11|마늘, 생것:2.11|양파, 생것:3.51|미나리, 물미나리, 데친것:3.51|무, 조선무, 생것:3.51|소금, 천일염, 가는소금:0.7|겨자, 가루:0.7|파, 대파, 생것:1.4|설탕, 백설탕:1.0|식초, 감식초:2.11|마늘, 생것:2.11|양파, 생것:3.51|미나리, 물미나리, 데친것:3.51|무, 조선무, 생것:3.51|콩나물, 삶은것:21.05|소금, 천일염, 가는소금:0.7|겨자, 가루:0.7|파, 대파, 생것:1.4|설탕, 백설탕:1.0|식초, 감식초:2.11|마늘, 생것:2.11|양파, 생것:3.51|미나리, 물미나리, 데친것:3.51|무, 조선무, 생것:3.51|콩나물, 삶은것:21.05|콩나물, 삶은것:21.05",
D132038,콩나물무침(고춧가루),무침류,숙채,46.0,,,"참기름:1.0|소금, 천일염, 가는소금:1.0|마늘, 생것:1.0|고춧가루:1.0|파, 대파, 생것:2.0|콩나물, 삶은것:40.0",
D132036,콩나물무침,무침류,숙채,77.0,,,"참기름:1.0|파, 쪽파, 생것:2.0|소금, 천일염, 가는소금:2.0|마늘, 생것:2.0|콩나물, 삶은것:70.0",
D132117,"콩가루나물(고사리, 부추, 생표고)",무침류,숙채,91.6,,,"물엿:3.0|마늘, 생것:3.0|간장, 개량, 양조:2.0|간장, 재래:2.0|대두, 콩가루:12.0|부추, 재래종, 생것:20.0|고사리, 생것:30.0|참깨, 흰색, 볶은것:1.0|참기름:3.0|고춧가루:0.6|표고버섯, 참나무재배, 생것:15.0",
D132078,참나물무침(된장),무침류,숙채,65.11,,,"참나물, 재배, 생것:50.0|참기름:3.0|마늘, 생것:1.28|참깨, 흰색, 볶은것:1.28|파, 대파, 생것:2.55|간장, 개량, 양조:2.0|된장, 개량:5.0",
D132035,"취나물무침(말린것, 된장)",무침류,숙채,79.0,,,"파, 쪽파, 생것:1.0|참기름:1.0|마늘, 생것:1.0|고춧가루:1.0|된장, 개량:5.0|취나물, 참취, 삶아서 말린것, 데친것:70.0",
D132034,취나물무침(된장),무침류,숙채,47.0,,,"참기름:1.0|마늘, 생것:1.0|참깨, 흰색, 볶은것:1.0|파, 대파, 생것:2.0|간장, 개량, 양조:2.0|된장, 개량:5.0|취나물, 참취, 데친것:35.0",
D132116,참나물깨즙무침,무침류,숙채,103.3,,,"참기름:2.0|소금, 천일염, 가는소금:2.3|간장, 개량, 양조:3.0|맛술:3.0|설탕, 백설탕:2.0|두부:20.0|참깨, 흰색, 볶은것:1.0|참나물, 야생, 생것:70.0",
D132033,질경이나물,무침류,숙채,70.0,,,"파, 대파, 생것:1.0|참기름:1.0|참깨, 흰색, 볶은것:1.0|소금, 천일염, 가는소금:2.0|마늘, 생것:2.0|간장, 개량, 양조:3.0|질경이, 데친것:60.0",
D132106,절임고추무침,무침류,숙채,82.0,,,"고춧가루:4.0|간장, 개량, 양조:4.0|참기름:2.0|파, 대파, 생것:6.0|참깨, 흰색, 볶은것:2.0|물엿:4.0|고추장아찌:60.0",
D132126,저염 겉절이,무침류,숙채,103.0,,새우,"새우, 젓갈:5.0|설탕, 가루:10.0|참깨, 흰색, 볶은것:3.0|양파, 생것:5.0|고춧가루:10.0|마늘, 생것:5.0|생강, 뿌리줄기, 생것:5.0|파, 쪽파, 생것:10.0|김치, 배추 김치, 봄 재배:50.0",
D132088,유채나물,무침류,숙채,49.3,,,"삼채, 잎줄기, 생것:41.0|파, 대파, 생것:0.8|참기름:1.0|참깨, 흰색, 볶은것:0.8|소금, 천일염, 가는소금:1.6|마늘, 생것:1.6|간장, 개량, 양조:2.5|삼채, 잎줄기, 생것:41.0|파, 대파, 생것:0.8|참기름:1.0|참깨, 흰색, 볶은것:0.8|소금, 천일염, 가는소금:1.6|마늘, 생것:1.6|간장, 개량, 양조:2.5|삼채, 잎줄기, 생것:41.0|파, 대파, 생것:0.8|참기름:1.0|참깨, 흰색, 볶은것:0.8|소금, 천일염, 가는소금:1.6|마늘, 생것:1.6|간장, 개량, 양조:2.5",
D132115,우리밀 고추찜무침,무침류,숙채,63.5,,,"참기름:2.0|매실청:5.0|마늘, 생것:2.0|간장, 개량, 양조:3.0|참깨, 흰색, 볶은것:1.0|고춧가루:0.5|밀, 중력밀가루:10.0|고추, 풋고추, 생것:40.0",
D132031,우거지나물,무침류,숙채,53.0,,,"마늘, 생것:1.0|참깨, 흰색, 볶은것:1.0|간장, 개량, 양조:1.0|파, 대파, 생것:2.0|참기름:8.0|배추, 시래기, 말린것, 삶은것:40.0",
D132104,오이생채,무침류,숙채,225.0,,대두(콩),"간장, 개량, 양조:4.0|소금, 천일염, 가는소금:4.0|설탕, 백설탕:5.0|참깨, 흰색, 볶은것:2.0|파, 대파, 생것:8.0|마늘, 생것:4.0|식초, 감식초:10.0|고춧가루:2.0|고추장, 개량:26.0|양파, 생것:40.0|오이, 다다기, 생것:120.0",
D132096,도라지오이무침,무침류,숙채,174.0,,,"참깨, 흰색, 볶은것:1.0|설탕, 백설탕:4.0|고춧가루:4.0|식초, 감식초:5.0|고추장, 개량:10.0|마늘, 생것:3.0|파, 대파, 생것:5.0|소금, 천일염, 가는소금:2.0|도라지, 뿌리, 생것:60.0|오이, 취청, 생것:80.0|참깨, 흰색, 볶은것:1.0|설탕, 백설탕:4.0|고춧가루:4.0|식초, 감식초:5.0|고추장, 개량:10.0|마늘, 생것:3.0|파, 대파, 생것:5.0|소금, 천일염, 가는소금:2.0|도라지, 뿌리, 생것:60.0|오이, 취청, 생것:80.0|참깨, 흰색, 볶은것:1.0|설탕, 백설탕:4.0|고춧가루:4.0|식초, 감식초:5.0|고추장, 개량:10.0|마늘, 생것:3.0|파, 대파, 생것:5.0|소금, 천일염, 가는소금:2.0|도라지, 뿌리, 생것:60.0|오이, 취청, 생것:80.0",
D132030,오이나물,무침류,숙채,54.0,,,"참기름:1.0|소금, 천일염, 가는소금:1.0|참깨, 흰색, 볶은것:1.0|참깨, 흰색, 볶은것:2.0|마늘, 생것:4.0|양파, 데친것:5.0|오이, 취청, 생것:40.0",
D132120,연근초무침,무침류,숙채,409.0,,,"식초, 양조:15.0|설탕, 가루:5.0|잣, 볶은것:2.0|강황, 가루:2.0|유자청:25.0|밤, 생것:60.0|오이, 다다기, 생것:40.0|양파, 생것:60.0|연근, 생것:200.0",
D132127,아욱 된장무침,무침류,숙채,235.0,,,"소금, 천일염, 가는소금:2.0|참깨, 흰색, 볶은것:1.0|참기름:2.0|간장, 개량, 양조:5.0|마늘, 생것:10.0|된장, 개량:15.0|아욱, 생것:200.0",
D132029,씀바귀나물(초고추장),무침류,숙채,30.0,,,"참기름:1.0|설탕, 백설탕:1.0|식초, 감식초:2.0|마늘, 생것:2.0|참깨, 흰색, 볶은것:2.0|고추장, 개량:7.0|씀바귀, 데친것:15.0",
D132026,시래기나물,무침류,숙채,57.0,,,"참기름:1.0|마늘, 생것:1.0|참깨, 흰색, 볶은것:1.0|파, 대파, 생것:2.0|소금, 천일염, 가는소금:2.0|무청, 시래기, 말린것, 삶은것:50.0",
D132025,시금치나물(된장),무침류,숙채,98.0,,,"파, 대파, 생것:1.0|참깨, 흰색, 볶은것:1.0|참기름:2.0|마늘, 생것:3.0|소금, 천일염, 가는소금:5.0|된장, 개량:6.0|시금치, 데친것:80.0",
D132028,쑥갓나물(유부),무침류,숙채,102.0,,,"소금, 천일염, 가는소금:1.0|참깨, 흰색, 볶은것:1.0|참기름:2.0|고춧가루:2.0|파, 쪽파, 생것:3.0|마늘, 생것:3.0|간장, 개량, 양조:5.0|두부, 유부:15.0|쑥갓, 데친것:70.0",
D132084,쑥갓나물,무침류,숙채,59.7,,,"소금, 천일염, 가는소금:0.7|참깨, 흰색, 볶은것:0.7|고춧가루:1.4|간장, 개량, 양조:3.4|참기름:1.0|파, 쪽파, 생것:2.1|마늘, 생것:2.1|쑥갓, 데친것:48.3|소금, 천일염, 가는소금:0.7|참깨, 흰색, 볶은것:0.7|고춧가루:1.4|간장, 개량, 양조:3.4|참기름:1.0|파, 쪽파, 생것:2.1|마늘, 생것:2.1|쑥갓, 데친것:48.3",
D132024,시금치나물(간장),무침류,숙채,85.0,,,"참깨, 흰색, 볶은것:1.0|참기름:1.0|소금, 천일염, 가는소금:1.0|마늘, 생것:1.0|참깨, 흰색, 볶은것:1.0|간장, 재래:3.0|파, 쪽파, 생것:7.0|시금치, 데친것:70.0",
D132022,숙주나물(미나리),무침류,숙채,74.0,,,"참기름:1.0|소금, 천일염, 가는소금:1.0|마늘, 생것:1.0|간장, 재래:1.0|미나리, 물미나리, 데친것:20.0|숙주나물, 데친것:50.0",
D132023,시금치나물,무침류,숙채,93.0,,,"파, 대파, 생것:1.0|참기름:1.0|참깨, 흰색, 볶은것:2.0|마늘, 생것:3.0|소금, 천일염, 가는소금:6.0|시금치, 데친것:80.0",
D132021,숙주나물(게맛살),무침류,숙채,78.0,,,"참기름:1.0|소금, 천일염, 가는소금:1.0|마늘, 생것:1.0|파, 쪽파, 생것:5.0|게맛살, 어육함량이 낮은것:20.0|숙주나물, 데친것:50.0",
D132020,숙주나물,무침류,숙채,38.0,,,"참기름:1.0|소금, 천일염, 가는소금:1.0|마늘, 생것:1.0|파, 대파, 생것:5.0|숙주나물, 데친것:30.0|참기름:1.0|소금, 천일염, 가는소금:1.0|마늘, 생것:1.0|파, 대파, 생것:5.0|숙주나물, 데친것:30.0",
D132103,상추겉절이,무침류,숙채,195.0,,,"참깨, 흰색, 볶은것:2.0|참기름:4.0|간장, 개량, 양조:3.0|설탕, 백설탕:4.0|마늘, 생것:12.0|파, 대파, 생것:12.0|고춧가루:8.0|상추, 잎상추, 축면상추, 적색, 생것:150.0",
D132122,삼색나물과 토마토양념장,무침류,숙채,179.0,,,"참기름:5.0|소금, 천일염, 가는소금:2.0|고추장, 개량:20.0|고사리, 삶아서 말린것:20.0|시금치, 생것:30.0|도라지, 뿌리, 생것:15.0|식초, 사과식초:15.0|꿀:15.0|양파, 생것:20.0|마늘, 생것:2.0|토마토, 생것:35.0",
D132123,비름나물 된장무침,무침류,숙채,120.0,,,"참기름:5.0|참깨, 흰색, 볶은것:2.0|생강, 뿌리줄기, 생것:2.0|마늘, 생것:5.0|마요네즈:3.0|다시마, 말린것:3.0|고추장, 개량:2.0|된장, 개량:3.0|양파, 생것:15.0|비름, 생것:80.0",
D132019,비름나물,무침류,숙채,79.0,,,"참기름:1.0|소금, 천일염, 가는소금:1.0|고춧가루:1.0|파, 쪽파, 생것:2.0|마늘, 생것:2.0|참깨, 흰색, 볶은것:2.0|비름, 데친것:70.0",
D132114,부추수수가루무침,무침류,숙채,100.0,,,"참깨, 흰색, 볶은것:1.0|참기름:2.0|마늘, 생것:3.0|파, 대파, 생것:3.0|간장, 개량, 양조:5.0|고춧가루:1.0|수수, 도정, 생것:15.0|부추, 재래종, 생것:70.0",
D132102,부추무침,무침류,숙채,200.0,,,"참기름:6.0|멸치, 액젓:25.0|파, 대파, 생것:6.0|마늘, 생것:6.0|고춧가루:4.0|참깨, 흰색, 볶은것:3.0|부추, 재래종, 생것:150.0",
D132080,버섯무침(팽이버섯),무침류,숙채,40.1,,,"참기름:0.7|설탕, 백설탕:0.7|멸치, 액젓:0.7|고춧가루:0.7|참깨, 흰색, 볶은것:1.4|식초, 양조:1.4|고추, 빨간색, 생것:1.4|부추, 재래종, 생것:5.5|팽이버섯, 데친것:27.6|참기름:0.7|설탕, 백설탕:0.7|멸치, 액젓:0.7|고춧가루:0.7|참깨, 흰색, 볶은것:1.4|식초, 양조:1.4|고추, 빨간색, 생것:1.4|참기름:0.7|설탕, 백설탕:0.7|멸치, 액젓:0.7|고춧가루:0.7|참깨, 흰색, 볶은것:1.4|식초, 양조:1.4|고추, 빨간색, 생것:1.4|부추, 재래종, 생것:5.5|부추, 재래종, 생것:5.5|팽이버섯, 데친것:27.6|팽이버섯, 데친것:27.6",
D132017,배추나물(고추장),무침류,숙채,94.0,,,"참깨, 흰색, 볶은것:1.0|소금, 천일염, 가는소금:2.0|설탕, 백설탕:2.0|마늘, 생것:2.0|고춧가루:2.0|간장, 개량, 양조:4.0|파, 쪽파, 생것:6.0|고추장, 개량:4.0|배추, 데친것:70.0",
D132121,미역줄기두부무침,무침류,숙채,141.0,,,"식초, 양조:5.0|참깨, 흰색, 볶은것:3.0|후추, 흰색, 가루:1.0|마늘, 다진것:5.0|양파, 생것:15.0|간장, 개량, 양조:6.0|아몬드, 볶은것:25.0|로즈메리, 말린것:1.0|두부:70.0|미역, 줄기, 생것:10.0",
D132015,미나리나물(초고추장),무침류,숙채,92.0,,,"참깨, 흰색, 볶은것:1.0|식초, 감식초:2.0|마늘, 생것:2.0|참깨, 흰색, 볶은것:2.0|파, 쪽파, 생것:5.0|간장, 재래:5.0|고추장, 개량:5.0|미나리, 물미나리, 데친것:70.0",
D132014,미나리나물(어묵),무침류,숙채,44.0,,,"참기름:1.0|소금, 천일염, 가는소금:1.0|마늘, 생것:1.0|간장, 재래:1.0|어묵:20.0|미나리, 물미나리, 데친것:20.0",
D132013,무청무침,무침류,숙채,70.0,,,"파, 대파, 생것:1.0|참기름:1.0|참깨, 흰색, 볶은것:1.0|소금, 천일염, 가는소금:2.0|마늘, 생것:2.0|간장, 개량, 양조:3.0|무청, 조선무, 생것:60.0",
D132125,무염 겉절이,무침류,숙채,103.0,,,"사과, 생것:10.0|식초, 사과식초:5.0|매실청:2.0|고춧가루:5.0|무청, 조선무, 생것:3.0|마늘, 생것:5.0|고추, 풋고추, 생것:3.0|파, 대파, 생것:5.0|양파, 적색, 생것:15.0|양배추, 생것:50.0",
D132101,무숙채,무침류,숙채,223.0,,,"참기름:2.0|참깨, 흰색, 볶은것:2.0|마늘, 생것:6.0|파, 대파, 생것:4.0|소금, 천일염, 가는소금:3.0|콩기름:6.0|무, 조선무, 생것:200.0",
D132012,무나물(소고기),무침류,숙채,84.0,,,"소금, 천일염, 가는소금:1.0|마늘, 생것:1.0|참깨, 흰색, 볶은것:2.0|참기름:2.0|파, 쪽파, 생것:3.0|소고기, 한우, 등심, 구운것(팬):25.0|무, 조선무, 생것:50.0",
D132011,무나물(들깨),무침류,숙채,47.0,,,"파, 대파, 생것:1.0|참기름:1.0|소금, 천일염, 가는소금:2.0|마늘, 생것:2.0|들깨, 볶은것:1.0|무, 조선무, 생것:40.0|파, 대파, 생것:1.0|참기름:1.0|소금, 천일염, 가는소금:2.0|마늘, 생것:2.0|들깨, 볶은것:1.0|무, 조선무, 생것:40.0|파, 대파, 생것:1.0|참기름:1.0|소금, 천일염, 가는소금:2.0|마늘, 생것:2.0|들깨, 볶은것:1.0|무, 조선무, 생것:40.0",
D132009,머위나물(고추장),무침류,숙채,93.0,,,"참깨, 흰색, 볶은것:1.0|참기름:1.0|설탕, 백설탕:1.0|간장, 재래:1.0|소금, 천일염, 가는소금:2.0|마늘, 생것:2.0|파, 쪽파, 생것:5.0|고추장, 개량:10.0|머위, 데친것:70.0",
D132090,메밀나물,무침류,숙채,48.0,,,"마늘, 생것:1.0|참깨, 흰색, 볶은것:1.0|간장, 개량, 양조:1.0|파, 대파, 생것:2.0|참기름:3.0|메밀, 싹, 생것:40.0|마늘, 생것:1.0|참깨, 흰색, 볶은것:1.0|간장, 개량, 양조:1.0|파, 대파, 생것:2.0|참기름:3.0|메밀, 싹, 생것:40.0",
D132113,머위순나물,무침류,숙채,82.5,,,"참깨, 흰색, 볶은것:0.5|마늘, 생것:3.0|참기름:2.0|매실청:2.0|된장, 개량:5.0|머위, 생것:70.0",
D132099,마른김무침,무침류,숙채,123.0,,,"참깨, 흰색, 볶은것:3.0|참기름:12.0|후추, 검은색, 가루:1.0|마늘, 생것:6.0|파, 대파, 생것:6.0|설탕, 백설탕:4.0|간장, 개량, 양조:21.0|소고기, 한우(1등급), 우둔, 생것:50.0|김, 참김, 생것:20.0",
D132008,뜸부기나물,무침류,숙채,70.0,,,"파, 대파, 생것:1.0|참기름:1.0|참깨, 흰색, 볶은것:1.0|소금, 천일염, 가는소금:2.0|마늘, 생것:2.0|간장, 개량, 양조:3.0|뜸부기, 말린것:60.0",
D132098,마늘종무침,무침류,숙채,196.0,,,"마늘, 생것:6.0|설탕, 백설탕:4.0|참깨, 흰색, 볶은것:3.0|참기름:4.0|고춧가루:4.0|간장, 개량, 양조:12.0|소금, 천일염, 가는소금:3.0|마늘종, 꽃줄기, 생것:160.0",
D132007,두릅나물(고추장),무침류,숙채,73.0,,,"참깨, 흰색, 볶은것:1.0|참기름:1.0|설탕, 백설탕:1.0|간장, 개량, 양조:1.0|소금, 천일염, 가는소금:2.0|마늘, 생것:2.0|파, 쪽파, 생것:5.0|고추장, 개량:10.0|두릅, 참두릅, 데친것:50.0",
D132097,도토리묵무침,무침류,숙채,456.0,,,"참기름:12.0|설탕, 백설탕:4.0|마늘, 생것:6.0|파, 대파, 생것:9.0|고춧가루:5.0|간장, 개량, 양조:35.0|고추, 풋고추, 생것:15.0|오이, 다다기, 생것:70.0|도토리묵:300.0",
D132095,도라지생채,무침류,숙채,154.0,,,"참깨, 흰색, 볶은것:2.0|소금, 천일염, 가는소금:5.0|식초, 감식초:8.0|설탕, 백설탕:7.0|마늘, 생것:4.0|파, 대파, 생것:5.0|고춧가루:3.0|도라지, 뿌리, 생것:120.0",
D132112,도라지나물,무침류,숙채,69.0,,,"참기름:2.0|참깨, 흰색, 볶은것:0.5|생수:15.0|설탕, 백설탕:1.0|마늘, 생것:2.0|파, 대파, 생것:3.0|콩기름:2.0|소금, 천일염, 가는소금:3.5|도라지, 뿌리, 생것:40.0",
D132093,달래생채,무침류,숙채,166.0,,,"식초, 감식초:12.0|소금, 천일염, 가는소금:8.0|참기름:2.0|마늘, 생것:4.0|고춧가루:12.0|설탕, 백설탕:8.0|달래, 생것:120.0",
D132094,더덕무침,무침류,숙채,208.0,,,"참기름:6.0|참깨, 흰색, 볶은것:3.0|설탕, 백설탕:6.0|파, 대파, 생것:10.0|마늘, 생것:6.0|고추장, 개량:10.0|소금, 천일염, 가는소금:5.0|식초, 감식초:10.0|고춧가루:2.0|더덕, 뿌리, 생것:150.0",
D132111,녹두 취나물 무침,무침류,숙채,78.2,,,"참기름:3.0|소금, 천일염, 가는소금:0.2|유자청:4.0|간장, 개량, 양조:3.0|마늘, 생것:3.0|파, 대파, 생것:3.0|잣, 생것:2.0|취나물, 참취, 생것:50.0|녹두, 말린것:10.0",
D132092,노각생채,무침류,숙채,441.0,,,"마늘, 생것:6.0|파, 대파, 생것:5.0|식초, 감식초:2.0|참기름:4.0|간장, 개량, 양조:7.0|고추장, 개량:10.0|참깨, 흰색, 볶은것:3.0|소금, 천일염, 가는소금:4.0|오이, 늙은오이, 생것:400.0",
D132006,냉이나물(고추장),무침류,숙채,93.0,,,"참깨, 흰색, 볶은것:1.0|참기름:1.0|설탕, 백설탕:1.0|간장, 개량, 양조:1.0|소금, 천일염, 가는소금:2.0|마늘, 생것:2.0|파, 쪽파, 생것:5.0|고추장, 개량:10.0|냉이, 데친것:70.0",
D132109,냉이나물,무침류,숙채,93.0,,,"식초, 감식초:3.0|참기름:2.0|마늘, 생것:3.0|파, 생것:3.0|설탕, 백설탕:2.0|간장, 재래:2.0|쌈장:3.0|고추장, 개량:3.0|참깨, 흰색, 말린것:2.0|냉이, 생것:70.0",
D132005,깻잎나물,무침류,숙채,50.0,,,"참깨, 흰색, 볶은것:2.0|마늘, 생것:2.0|참기름:3.0|설탕, 백설탕:3.0|파, 대파, 생것:5.0|간장, 개량, 양조:5.0|들깻잎, 데친것:30.0",
D132004,근대나물(고추장),무침류,숙채,88.0,,,"참기름:1.0|조미료, 쇠고기맛, 가루:1.0|참깨, 흰색, 볶은것:1.0|소금, 천일염, 가는소금:2.0|마늘, 생것:2.0|파, 쪽파, 생것:3.0|고추장, 개량:4.0|간장, 재래:4.0|근대, 데친것:70.0",
D135053,초계샐러드,무침류,생채(샐러드),521.0,,,"대추, 말린것:10.0|후추, 흰색, 가루:1.0|참깨, 흰색, 볶은것:15.0|설탕, 가루:15.0|겨자 페이스트:15.0|식초, 사과식초:15.0|잣, 볶은것:20.0|시금치, 생것:50.0|파프리카, 빨간색, 생것:25.0|피망, 초록색, 생것:25.0|오이, 다다기, 생것:20.0|달걀, 생것:60.0|닭고기, 가슴, 생것:250.0",
D135060,주꾸미보양샐러드,무침류,생채(샐러드),327.0,,,"레몬 착즙:15.0|후추, 흰색, 가루:1.0|소금, 천일염, 가는소금:1.0|파, 대파, 생것:5.0|마늘, 다진것:5.0|식초, 사과식초:15.0|콩기름:30.0|고추, 빨간색, 생것:15.0|고추, 초록색, 녹광, 생것:30.0|양파, 생것:60.0|더덕, 뿌리, 생것:40.0|사과, 생것:60.0|주꾸미, 생것:50.0",
D132002,고비나물,무침류,숙채,64.0,,,"마늘, 생것:1.0|파, 대파, 생것:2.0|소금, 천일염, 가는소금:2.0|간장, 개량, 양조:4.0|들기름:5.0|고비, 야생, 말린것, 삶은것:50.0",
D132003,고춧잎나물,무침류,숙채,37.0,,,"파, 대파, 생것:1.0|마늘, 생것:1.0|참깨, 흰색, 볶은것:1.0|참기름:2.0|소금, 천일염, 가는소금:2.0|고춧잎, 데친것:30.0",
D132107,감자우엉버무림,무침류,숙채,127.0,,,"맛술:3.0|식초, 현미식초:3.0|된장, 개량:7.0|참깨, 흰색, 볶은것:12.0|식초, 감식초:3.0|잣, 생것:1.0|아몬드, 말린것:3.0|호두, 말린것:5.0|우엉, 생것:20.0|감자, 대지, 생것:70.0",
D135051,홍시소스를 곁들인 구운채소샐러드,무침류,생채(샐러드),137.0,,,"소금, 천일염, 가는소금:1.0|유자청:4.0|설탕, 백설탕:3.0|식초, 감식초:12.0|파프리카, 노란색, 생것:12.0|파프리카, 빨간색, 생것:12.0|가지, 생것:10.0|호박, 애호박, 생것:10.0|양파, 생것:8.0|대나무순(죽순), 생것:20.0|감, 떫은감, 곶감, 반건시:15.0|감, 떫은감, 연시, 생것:30.0",
D132091,건파래무침,무침류,숙채,119.0,,,"설탕, 백설탕:4.0|마늘, 생것:4.0|파, 대파, 생것:4.0|고춧가루:5.0|식초, 감식초:6.0|간장, 개량, 양조:12.0|참기름:4.0|무, 조선무, 생것:40.0|파래, 말린것:40.0",
D135050,표고버섯 토마토 샐러드,무침류,생채(샐러드),138.1,,,"마늘, 생것:2.0|소금, 천일염, 가는소금:0.1|설탕, 백설탕:5.0|까나리, 액젓:3.0|생수:5.0|레몬 착즙:3.0|파프리카, 빨간색, 생것:20.0|무순, 싹, 생것:10.0|셀러리, 생것:10.0|토마토, 생것:40.0|양파, 생것:10.0|표고버섯, 배지재배, 생것:30.0",
D135061,토마토제철나물 샐러드,무침류,생채(샐러드),455.0,,,"식초, 사과식초:5.0|레몬 착즙:15.0|간장, 개량, 양조:18.0|참기름:15.0|꿀:15.0|참깨, 검은색, 볶은것:5.0|참깨, 흰색, 볶은것:5.0|마늘, 생것:7.0|콩기름:20.0|두부:60.0|양파, 생것:70.0|토마토, 방울토마토, 생것:100.0|배추, 생것:30.0|양배추, 적색, 생것:50.0|치커리, 잎, 생것:20.0|부추, 솔부추, 생것:20.0",
D135064,코울슬로 샐러드,무침류,생채(샐러드),57.5,,,"식초, 사과식초:0.5|설탕, 가루:1.0|피망, 초록색, 생것:3.0|파프리카, 빨간색, 생것:3.0|마요네즈:10.0|양파, 생것:10.0|양배추, 생것:30.0",
D135068,치즈 두부 샐러드,무침류,생채(샐러드),53.0,,대두(콩),"간장, 개량, 양조:2.0|올리브유:3.0|레몬 착즙:2.0|식초, 사과식초:1.0|유자청:6.0|아몬드, 볶은것:1.0|비타민채(다채), 어린잎, 생것:5.0|두부:25.0|치즈, 카망베르:8.0",
D135049,참외생채,무침류,생채(샐러드),100.0,,,"물엿:2.0|멸치, 액젓:2.0|새우, 젓새우, 생것:2.0|마늘, 생것:3.0|생강, 뿌리줄기, 생것:1.0|설탕, 백설탕:2.0|참깨, 흰색, 볶은것:0.5|고춧가루:1.0|소금, 천일염, 가는소금:0.5|파, 쪽파, 생것:6.0|참외, 생것, 씨 제거:80.0",
D135047,율무샐러드1,무침류,생채(샐러드),148.7,,,"올리브유:2.0|참기름:1.0|참깨, 흰색, 볶은것:0.5|간장, 개량, 양조:5.0|양파, 생것:5.0|콩기름:1.0|설탕, 백설탕:4.0|소금, 천일염, 가는소금:0.2|옥수수, 찰옥수수, 삶은것:30.0|생수:30.0|율무, 도정, 생것:20.0|토마토, 생것:30.0|오이, 취청, 생것:20.0",
D135048,율무샐러드2,무침류,생채(샐러드),149.1,,,"소금, 천일염, 가는소금:0.1|올리브유:4.0|꿀:5.0|식초, 발사믹:5.0|간장, 개량, 양조:5.0|양파, 생것:10.0|옥수수, 통조림, 가당:10.0|올리브 절임, 완숙, 검은색:5.0|치커리, 잎, 생것:15.0|파프리카, 주황색, 생것:15.0|파프리카, 노란색, 생것:15.0|토마토, 방울토마토, 생것:30.0|율무, 도정, 생것:30.0",
D135059,새콤한연어샐러드,무침류,생채(샐러드),360.5,,,"소금, 천일염, 가는소금:0.5|발효주, 청주, 알코올 16%:100.0|식초, 감식초:15.0|유자청:30.0|미니파프리카, 노란색, 생것:35.0|미니파프리카, 빨간색, 생것:35.0|양파, 생것:50.0|토마토, 생것:15.0|비타민채(다채), 어린잎, 생것:20.0|연어, 생것:60.0",
D135006,샐러드(참치),무침류,생채(샐러드),102.0,,,"소금, 천일염, 가는소금:2.0|설탕, 백설탕:5.0|피망, 초록색, 생것:10.0|당근, 뿌리, 생것:10.0|양파, 생것:20.0|마요네즈:15.0|양배추, 생것:20.0|다랑어, 가다랑어, 통조림, 유지:20.0",
D135032,삼채 샐러드,무침류,생채(샐러드),80.0,,,"소금, 천일염, 가는소금:0.5|올리브유:3.0|상추, 결구(양상추), 녹색, 생것:23.9|삼채, 뿌리, 생것:47.8|무순, 싹, 생것:4.8",
D135005,샐러드(감자),무침류,생채(샐러드),20.0,,난류,감자 샐러드:20.0,
D135004,삼무침(고추장),무침류,생채(샐러드),96.0,,,"참깨, 흰색, 볶은것:2.0|참기름:2.0|소금, 천일염, 가는소금:2.0|고추, 빨간색, 생것:2.0|간장, 개량, 양조:2.0|고추, 풋고추, 생것:3.0|설탕, 백설탕:4.0|고추장, 개량:4.0|파, 쪽파, 생것:5.0|미나리, 물미나리, 데친것:5.0|마늘, 생것:5.0|오징어, 구운것:50.0|인삼, 수삼, 생것:10.0",
D135043,봄동두부무침,무침류,생채(샐러드),150.5,,,"참깨, 흰색, 볶은것:1.0|참기름:3.0|매실청:5.0|까나리, 액젓:3.0|간장, 개량, 양조:2.0|고춧가루:1.0|소금, 천일염, 가는소금:0.5|고추, 빨간색, 생것:5.0|당근, 뿌리, 생것:8.0|양파, 생것:12.0|배추, 봄동, 생것:70.0|두부:40.0",
D135033,메쉬드포테이토,무침류,생채(샐러드),120.0,,,"설탕, 백설탕:0.8|소금, 천일염, 가는소금:1.6|포도, 건포도:4.1|옥수수, 통조림, 가당:8.1|오이, 다다기, 생것:8.1|마요네즈:8.1|당근, 뿌리, 생것:8.1|달걀, 삶은것:16.2|감자, 대지, 삶은것:64.9|설탕, 백설탕:0.8|소금, 천일염, 가는소금:1.6|포도, 건포도:4.1|옥수수, 통조림, 가당:8.1|오이, 다다기, 생것:8.1|마요네즈:8.1|당근, 뿌리, 생것:8.1|달걀, 삶은것:16.2|감자, 대지, 삶은것:64.9",
D135046,오이과일채말이,무침류,생채(샐러드),175.2,,,"소금, 천일염, 가는소금:1.2|설탕, 백설탕:9.0|식초, 감식초:10.0|생수:5.0|비타민채(다채), 어린잎, 생것:10.0|팽이버섯, 생것:10.0|배, 생것:50.0|파프리카, 빨간색, 생것:15.0|파프리카, 노란색, 생것:15.0|오이, 취청, 생것:50.0",
D135055,연어롤샐러드,무침류,생채(샐러드),345.0,,,"고추, 빨간색, 생것:15.0|올리브유:30.0|식초, 사과식초:15.0|마늘, 생것:5.0|더덕, 뿌리, 생것:45.0|잣, 볶은것:5.0|부추, 솔부추, 생것:50.0|시금치, 생것:50.0|토마토, 방울토마토, 생것:20.0|호박, 단호박, 생것:50.0|연어, 생것:60.0",
D135065,완두콩과 당근을 넣은 감자요거트샐러드,무침류,생채(샐러드),90.0,,우유,"요구르트, 호상, 플레인:20.0|감자, 대지, 생것:50.0|당근, 뿌리, 생것:10.0|완두, 생것:10.0",
D135063,연근샐러드와 흑임자소스,무침류,생채(샐러드),165.0,,,"식초, 사과식초:5.0|요구르트, 호상, 플레인:15.0|마요네즈:15.0|레몬, 생것:20.0|연근, 생것:80.0|참깨, 검은색, 볶은것:30.0",
D135045,상추토마토샐러드,무침류,생채(샐러드),142.0,,,"올리브유:3.0|식초, 감식초:5.0|김치, 동치미:16.0|당근, 뿌리, 생것:10.0|양배추, 적색, 싹, 생것:20.0|땅콩, 볶은것:6.0|고추장아찌:12.0|상추, 잎상추, 치마상추, 녹색, 생것:20.0|토마토, 생것:50.0",
D135042,미삼샐러드,무침류,생채(샐러드),111.0,,우유,"요구르트, 호상, 플레인:20.0|파인애플, 생것:15.0|배, 생것:20.0|레몬 착즙:3.0|꿀:5.0|대두, 콩가루:3.0|비타민채(다채), 어린잎, 생것:10.0|부추, 재래종, 생것:5.0|양배추, 적색, 생것:15.0|인삼, 수삼, 생것:15.0",
D135052,망고샐러드,무침류,생채(샐러드),633.0,,,"참깨, 흰색, 볶은것:5.0|피망, 빨간색, 생것:15.0|피망, 초록색, 생것:15.0|파프리카, 노란색, 생것:15.0|후추, 흰색, 가루:1.0|소금, 천일염, 가는소금:2.0|식초, 사과식초:15.0|유자청:15.0|올리브유:30.0|양파, 생것:60.0|토마토, 방울토마토, 생것:60.0|치커리, 잎, 생것:20.0|상추, 결구(양상추), 녹색, 생것:30.0|망고, 생것:150.0|멥쌀떡, 증편:200.0",
D135066,마늘칩 감자샐러드,무침류,생채(샐러드),79.0,,,"파슬리, 말린것:1.0|설탕, 가루:2.0|머스타드 소스:1.0|요구르트, 호상, 플레인:5.0|마요네즈:10.0|양파, 생것:5.0|마늘, 생것:5.0|감자, 대지, 생것:50.0",
D135041,딸기샐러드,무침류,생채(샐러드),155.85,,,"꿀:4.0|식초, 감식초:4.0|유채씨기름:4.0|후추, 검은색, 가루:0.05|소금, 천일염, 가는소금:0.8|올리브유:0.0|식초, 발사믹:0.0|양파, 생것:0.0|잣, 생것:3.0|새우, 중하, 생것:20.0|딸기, 생것:80.0|시금치, 생것:40.0",
D135040,딸기 두부카프레제,무침류,생채(샐러드),234.2,,,"꿀:5.0|레몬 착즙:3.0|올리브유:5.0|소금, 천일염, 가는소금:1.2|두부, 순두부:100.0|들깻잎, 생것:20.0|딸기, 생것:100.0",
D135028,로메인 감자샐러드,무침류,생채(샐러드),62.7,,,"감자, 대지, 삶은것:21.6|상추, 반결구, 로메인, 녹색, 생것:10.8|올리브유:6.0|상추, 결구(양상추), 녹색, 생것:21.6|들깻잎, 생것:2.7",
D135039,동치미 사과 샐러드,무침류,생채(샐러드),139.1,,,"후추, 검은색, 가루:0.05|파슬리, 말린것:0.05|포도씨유:5.0|설탕, 백설탕:4.0|김치, 동치미:30.0|호두, 말린것:5.0|치커리, 잎, 생것:10.0|상추, 결구(양상추), 녹색, 생것:15.0|사과, 생것:40.0|무 절임, 단무지:30.0",
D135002,도라지무침(고추장),무침류,생채(샐러드),85.0,,,"참깨, 흰색, 볶은것:1.0|참기름:2.0|소금, 천일염, 가는소금:2.0|마늘, 생것:2.0|간장, 재래:4.0|파, 쪽파, 생것:6.0|고추장, 개량:18.0|도라지, 뿌리, 생것:50.0",
D135038,동부소스를 곁들인 참다래샐러드,무침류,생채(샐러드),143.1,,,"레몬 착즙:3.0|마늘, 생것:3.0|참깨, 흰색, 볶은것:1.0|올리브유:6.0|후추, 검은색, 가루:0.1|소금, 천일염, 가는소금:1.0|느타리버섯, 생것:15.0|파프리카, 노란색, 생것:12.0|파프리카, 빨간색, 생것:12.0|브로콜리, 생것:10.0|호박, 단호박, 생것:30.0|다래, 생것:30.0|동부, 생것:20.0",
D135058,두부채소샐러드,무침류,생채(샐러드),289.0,,,"레몬 착즙:15.0|꿀:15.0|겨자 페이스트:2.0|요구르트, 호상, 플레인:50.0|토마토, 방울토마토, 생것:40.0|파프리카, 노란색, 생것:25.0|고추, 빨간색, 생것:17.0|치커리, 잎, 생것:15.0|표고버섯, 배지재배, 말린것:10.0|두부:100.0",
D135057,두가지묵샐러드,무침류,생채(샐러드),211.0,,,"파, 대파, 생것:7.0|고추, 빨간색, 생것:7.0|고추, 초록색, 녹광, 생것:7.0|유자청:30.0|간장, 개량, 양조:15.0|배추, 생것:20.0|파프리카, 노란색, 생것:25.0|양파, 생것:40.0|당귀, 일당귀, 잎, 생것:10.0|도토리묵:25.0|올방개묵:25.0",
D135037,닭가슴살 수삼냉채,무침류,생채(샐러드),277.4,,대두(콩),"간장, 개량, 양조:3.0|꿀:4.0|멸치 육수:10.0|소금, 천일염, 가는소금:1.4|설탕, 백설탕:5.0|식초, 감식초:10.0|겨자, 적색, 생것:2.0|잣, 생것:2.0|새우, 꽃새우, 생것:20.0|달걀, 생것:20.0|배, 돌배, 생것:50.0|오이, 늙은오이, 생것:40.0|인삼, 수삼, 생것:20.0|생수:60.0|닭고기, 가슴, 생것:30.0",
D135035,건과일조샐러드,무침류,생채(샐러드),107.65,,,"후추, 검은색, 가루:0.05|소금, 천일염, 가는소금:0.6|물엿:3.0|마요네즈:4.0|요구르트, 액상(농후), 플레인:20.0|아몬드, 말린것:2.0|과자, 크래커:4.0|딸기, 생것:50.0|상추, 결구(양상추), 녹색, 생것:10.0|사과, 동결건조:3.0|딸기, 말린것:3.0|블루베리, 말린것:3.0|조, 메조, 도정, 생것:5.0",
D135034,강낭콩샐러드,무침류,생채(샐러드),281.4,,,"올리브유:4.0|레몬 착즙:3.0|꿀:4.0|치즈, 파르메산(파마산):7.0|소금, 천일염, 가는소금:3.4|비타민채(다채), 어린잎, 생것:20.0|양파, 적색, 생것:10.0|토마토, 생것:70.0|생수:100.0|스파게티면, 말린것:30.0|강낭콩, 생것:30.0",
D031022,회냉면(홍어),면 및 만두류,면류,365.0,,,"마늘, 생것:1.0|참기름:2.0|겨자, 가루:2.0|소금, 천일염, 가는소금:3.0|고춧가루:3.0|설탕, 백설탕:4.0|식초, 감식초:5.0|물엿:5.0|고추장, 개량:15.0|달걀, 삶은것:25.0|무 절임, 치킨무:30.0|홍어, 생것:50.0|냉면 육수:100.0|메밀 냉면, 말린것, 삶은것:120.0",
D135067,단호박 견과류 샐러드,무침류,생채(샐러드),95.0,,,"과당:5.0|우유:15.0|당근, 뿌리, 생것:10.0|블루베리, 말린것:5.0|호두, 볶은것:5.0|아몬드, 볶은것:5.0|고구마, 생것:25.0|호박, 단호박, 생것:25.0",
D135031,노각무침(고추장),무침류,생채(샐러드),80.0,,,"참기름:2.2|설탕, 백설탕:0.7|마늘, 생것:0.7|간장, 개량, 양조:0.7|소금, 천일염, 가는소금:1.5|들깨, 볶은것:2.9|파, 쪽파, 생것:3.6|고추장, 개량:2.2|오이, 늙은오이, 생것:65.5|참기름:2.2|설탕, 백설탕:0.7|마늘, 생것:0.7|간장, 개량, 양조:0.7|소금, 천일염, 가는소금:1.5|들깨, 볶은것:2.9|파, 쪽파, 생것:3.6|고추장, 개량:2.2|오이, 늙은오이, 생것:65.5",
D135036,껍질콩모둠샐러드,무침류,생채(샐러드),143.7,,,"파슬리, 말린것:0.05|후추, 검은색, 가루:0.05|소금, 천일염, 가는소금:3.6|식초, 감식초:2.0|설탕, 백설탕:1.0|고추냉이, 뿌리, 생것:1.0|마요네즈:7.0|양파, 생것:5.0|토마토, 방울토마토, 생것:30.0|올리브 절임, 완숙, 검은색:2.0|올리브 절임, 미숙, 초록색:2.0|새우, 중하, 생것:20.0|완두, 생것:20.0|감자, 대지, 생것:50.0",
D135062,고구마순나물 무침,무침류,생채(샐러드),80.0,,,"참기름:5.0|식초, 사과식초:5.0|설탕, 가루:5.0|참깨, 검은색, 볶은것:5.0|마늘, 생것:10.0|두부:5.0|된장, 개량:10.0|양파, 생것:10.0|고구마, 잎, 생것:25.0",
D135054,계란숙샐러드,무침류,생채(샐러드),612.0,,,"식초, 사과식초:15.0|후추, 흰색, 가루:1.0|올리브유:15.0|식초, 발사믹:15.0|매실청:30.0|부추, 솔부추, 생것:5.0|미니파프리카, 빨간색, 생것:25.0|토마토, 방울토마토, 생것:60.0|브로콜리, 생것:50.0|생수:200.0|조미료, 쇠고기맛, 가루:5.0|감자, 대지, 생것:1.0|게맛살, 어육함량이 낮은것:20.0|소고기, 한우(1++등급), 양지, 생것:50.0|달걀, 생것:120.0",
D135056,가지말이샐러드,무침류,생채(샐러드),526.0,,우유,"치즈, 파르메산(파마산):1.0|비타민채(다채), 어린잎, 생것:30.0|발효주, 과실주, 포도주, 적포도주, 알코올 13%:30.0|과당:15.0|설탕, 가루:5.0|마늘, 다진것:15.0|올리브유:30.0|머스타드 소스, 씨겨자:15.0|마늘, 생것:15.0|양파, 생것:40.0|미니파프리카, 노란색, 생것:30.0|감자, 대지, 생것:50.0|가지, 생것:250.0",
D136001,매운 락교무침,무침류,기타,32.9,,,"참깨, 흰색, 볶은것:0.1|참기름:0.1|설탕, 가루:0.3|마늘, 생것:0.1|고춧가루:0.3|파, 쪽파, 생것:2.0|염교(락교):30.0",
D031147,호박칼국수,면 및 만두류,면류,138.3,,,"후추, 흰색, 가루:0.1|소금, 천일염, 소금꽃:0.2|고추, 빨간색, 생것:1.0|고추, 청양고추, 생것:1.0|파, 대파, 생것:1.0|다시마, 말린것:1.0|간장, 개량, 양조:1.0|당근, 뿌리, 생것:3.0|마늘, 다진것:5.0|양파, 생것:10.0|감자, 대지, 생것:15.0|호박, 애호박, 생것:20.0|칼국수면, 생것:80.0",
D031069,풋콩국수,면 및 만두류,면류,473.7,,,"설탕, 백설탕:6.0|소금, 천일염, 가는소금:1.2|토마토, 방울토마토, 생것:30.0|오이, 취청, 생것:30.0|국수, 소면, 말린것:60.0|참깨, 흰색, 볶은것:1.5|호두, 말린것:5.0|생수:320.0|대두, 노란색, 말린것:20.0",
D031145,팥칼국수,면 및 만두류,면류,147.0,,,"소금, 천일염, 가는소금:2.0|찹쌀, 백미, 가루:15.0|팥, 앙금:50.0|칼국수면, 생것:80.0",
D031081,황태포당면국수,면 및 만두류,면류,254.1,,,"후추, 흰색, 가루:0.5|소금, 천일염, 가는소금:0.6|간장, 개량, 양조:2.0|마늘, 다진것:1.0|명태, 황태, 포, 말린것:10.0|멸치, 대멸치, 삶아서 말린것:2.0|쑥갓, 생것:5.0|당면, 고구마, 말린것:70.0|달걀, 생것:30.0|팽이버섯, 생것:20.0|고추, 청양고추, 생것:3.0|파, 대파, 생것:5.0|당근, 뿌리, 생것:10.0|양파, 생것:15.0|감자, 대지, 생것:80.0",
D031085,토마토스프파스타,면 및 만두류,면류,512.0,,,"호박, 애호박, 생것:20.0|파프리카, 노란색, 생것:10.0|파프리카, 빨간색, 생것:10.0|가지, 생것:20.0|올리브유:30.0|소금, 가공염, 퉁퉁마디(함초):1.0|파슬리, 말린것:1.0|치즈, 모차렐라:25.0|스파게티면, 말린것:25.0|마늘, 다진것:20.0|양파, 생것:50.0|토마토, 생것:100.0|토마토, 통조림, 페이스트:200.0",
D031146,해물칼국수,면 및 만두류,면류,60.3,,대두(콩),"간장, 개량, 양조:0.3|마늘, 생것:0.5|다시마, 말린것:0.5|파, 대파, 생것:2.0|새우, 보리새우, 생것:3.0|호박, 애호박, 생것:4.0|당근, 뿌리, 생것:5.0|새우, 흰다리새우, 생것:7.0|오징어, 생것:10.0|칼국수면, 생것:28.0",
D031144,토마토해물파스타,면 및 만두류,면류,208.0,,,"마늘, 생것:3.0|양파, 생것:5.0|피망, 초록색, 생것:5.0|올리브유:5.0|양송이버섯, 생것:10.0|토마토, 통조림, 페이스트:10.0|토마토, 통조림:10.0|토마토, 생것:20.0|새우, 흰다리새우, 생것:20.0|오징어, 생것:20.0|스파게티 소스, 토마토, 병조림:20.0|담치, 참담치(홍합), 생것:40.0|스파게티면, 말린것:40.0",
D031139,채식토마토파스타,면 및 만두류,면류,210.2,,,"파슬리, 말린것:0.2|마늘, 생것:5.0|양송이버섯, 생것:10.0|표고버섯, 배지재배, 생것:10.0|피망, 초록색, 생것:10.0|토마토, 통조림:10.0|토마토, 통조림, 페이스트:15.0|양파, 생것:20.0|토마토, 생것:30.0|스파게티 소스, 토마토, 병조림:40.0|스파게티면, 말린것:60.0|파슬리, 말린것:0.2|마늘, 생것:5.0|양송이버섯, 생것:10.0|표고버섯, 배지재배, 생것:10.0|피망, 초록색, 생것:10.0|토마토, 통조림:10.0|토마토, 통조림, 페이스트:15.0|양파, 생것:20.0|토마토, 생것:30.0|스파게티 소스, 토마토, 병조림:40.0|스파게티면, 말린것:60.0",
D031084,토마토샐러드라면,면 및 만두류,면류,279.1,,,"올리브유:1.5|양파, 생것:4.0|토마토, 생것:50.0|마늘, 다진것:1.0|간장, 개량, 양조:3.0|레몬 착즙:1.0|식초, 양조:1.5|설탕, 가루:2.0|파슬리, 말린것:0.1|토마토, 방울토마토, 생것:15.0|닭고기, 가슴, 삶은것:50.0|라면, 면, 조리후:55.0|치커리, 잎, 생것:15.0|상추, 결구(양상추), 녹색, 생것:80.0",
D031073,토마토라면,면 및 만두류,면류,458.0,,,"생수:250.0|무, 조선무, 생것:10.0|멸치, 대멸치, 삶아서 말린것:2.5|다시마, 말린것:2.5|라면, 말린것:100.0|라면 스프:3.0|토마토, 생것:30.0|파, 대파, 생것:5.0|고추, 청양고추, 생것:5.0|양파, 생것:20.0|호박, 애호박, 생것:30.0",
D031141,콩나물 비빔면,면 및 만두류,면류,433.75,,,"후추, 흰색, 가루:3.75|상추, 잎상추, 치마상추, 적색, 생것:10.0|콩나물, 생것:30.0|당근, 뿌리, 생것:50.0|오이, 다다기, 생것:50.0|국수, 소면, 말린것:90.0|닭고기, 가슴, 생것:100.0|우유:100.0",
D031020,칼국수(소고기),면 및 만두류,면류,787.0,,,"소금, 천일염, 가는소금:1.0|마늘, 생것:1.0|김, 참김, 구운것:1.0|참기름:2.0|멸치 육수:2.0|표고버섯, 참나무재배, 말린것, 삶은것:3.0|파, 대파, 생것:5.0|간장, 재래:7.0|감자, 대지, 삶은것:15.0|달걀, 삶은것:20.0|호박, 애호박, 데친것:35.0|소고기, 한우, 양지, 삶은것:15.0|밀, 중력밀가루:80.0",
D031140,초계냉국수,면 및 만두류,면류,379.0,,,"설탕, 백설탕:1.0|소금, 천일염, 소금꽃:1.0|겨자 페이스트:2.0|파프리카, 노란색, 생것:5.0|피망, 초록색, 생것:5.0|파프리카, 빨간색, 생것:5.0|오이, 취청, 생것:5.0|달걀, 부침(달걀프라이):5.0|국수, 소면, 말린것:30.0|닭고기, 가슴, 생것:120.0|냉면 육수:200.0",
D031094,돼지고기김치크림파스타,면 및 만두류,면류,157.4,,,"소금, 천일염, 가는소금:0.1|생강, 뿌리줄기, 생것:0.3|설탕, 백설탕:0.3|후추, 흰색, 가루:0.5|마늘, 생것:0.7|참기름:1.0|발효주, 청주, 알코올 16%:4.0|버터, 무가염:4.5|브로콜리, 생것:5.0|양파, 생것:6.0|크림, 휘핑, 식물성:15.0|돼지고기, 앞다리, 생것:20.0|김치, 배추 김치:20.0|스파게티면, 말린것:30.0|우유:50.0|소금, 천일염, 가는소금:0.1|생강, 뿌리줄기, 생것:0.3|설탕, 백설탕:0.3|후추, 흰색, 가루:0.5|마늘, 생것:0.7|참기름:1.0|발효주, 청주, 알코올 16%:4.0|버터, 무가염:4.5|브로콜리, 생것:5.0|양파, 생것:6.0|크림, 휘핑, 식물성:15.0|돼지고기, 앞다리, 생것:20.0|김치, 배추 김치:20.0|스파게티면, 말린것:30.0|우유:50.0",
D031070,간편콩국수,면 및 만두류,면류,513.0,,대두(콩),"두부:60.0|두유, 대두:200.0|고추, 빨간색, 생것:15.0|고추, 초록색, 녹광, 생것:15.0|양파, 생것:50.0|호박, 애호박, 생것:50.0|소금, 천일염, 가는소금:1.0|참깨, 흰색, 볶은것:2.0|콩기름:15.0|송이버섯, 생것:25.0|메밀 국수, 생것:80.0|두부:60.0|두유, 대두:200.0|고추, 빨간색, 생것:15.0|고추, 초록색, 녹광, 생것:15.0|양파, 생것:50.0|호박, 애호박, 생것:50.0|소금, 천일염, 가는소금:1.0|참깨, 흰색, 볶은것:2.0|콩기름:15.0|송이버섯, 생것:25.0|메밀 국수, 생것:80.0",
D031019,칼국수(닭고기),면 및 만두류,면류,791.0,,,"마늘, 생것:1.0|간장, 재래:2.0|고추, 풋고추, 생것:3.0|파, 쪽파, 생것:5.0|호박, 애호박, 데친것:30.0|닭고기, 영계, 삶은것:60.0|칼국수면, 생것, 삶은것:90.0",
D031018,칡냉면,면 및 만두류,면류,356.0,,,"설탕, 백설탕:1.0|마늘, 생것:1.0|고춧가루:1.0|겨자, 가루:1.0|참기름:2.0|식초, 감식초:5.0|소고기, 한우, 양지, 삶은것:10.0|고추장, 개량:10.0|달걀, 삶은것:25.0|오이, 다다기, 생것:40.0|무 절임, 치킨무:40.0|냉면 육수:100.0|메밀 냉면, 말린것, 삶은것:120.0",
D031138,채소짬뽕,면 및 만두류,면류,275.0,,,"마늘, 다진것:1.0|고추기름:1.0|콩기름:2.0|고춧가루:3.0|파, 대파, 생것:3.0|부추, 두메부추, 생것:5.0|당근, 뿌리, 생것:10.0|배추, 생것:20.0|호박, 쥬키니, 생것:20.0|양파, 생것:30.0|양배추, 생것:30.0|우동면, 생것:150.0",
D031017,쫄면,면 및 만두류,면류,201.0,,,"들깨, 볶은것:1.0|참기름:2.0|설탕, 백설탕:3.0|식초, 감식초:5.0|고추장, 개량:15.0|양배추, 생것:20.0|달걀, 삶은것:25.0|오이, 다다기, 생것:30.0|쫄면, 말린것:100.0",
D053072,배추백짬뽕탕,국(탕)류,곰국 및 탕류,383.7,,,"후추, 검은색, 가루:0.1|생수:200.0|소금, 천일염, 가는소금:0.6|굴 소스:4.0|간장, 개량, 양조:8.0|발효주, 청주, 알코올 16%:6.0|콩기름:4.0|바지락, 생것:20.0|새우, 중하, 생것:20.0|오징어, 생것:20.0|돼지고기, 앞다리(앞다리살), 생것:20.0|부추, 재래종, 생것:20.0|고추, 청양고추, 생것:2.0|고추, 빨간색, 생것:4.0|파, 대파, 생것:6.0|마늘, 생것:4.0|양파, 생것:15.0|배추, 생것:30.0|후추, 검은색, 가루:0.1|생수:200.0|소금, 천일염, 가는소금:0.6|굴 소스:4.0|간장, 개량, 양조:8.0|발효주, 청주, 알코올 16%:6.0|콩기름:4.0|바지락, 생것:20.0|새우, 중하, 생것:20.0|오징어, 생것:20.0|돼지고기, 앞다리(앞다리살), 생것:20.0|부추, 재래종, 생것:20.0|고추, 청양고추, 생것:2.0|고추, 빨간색, 생것:4.0|파, 대파, 생것:6.0|마늘, 생것:4.0|양파, 생것:15.0|배추, 생것:30.0",
D031136,장칼국수,면 및 만두류,면류,177.1,,,"후추, 흰색, 가루:0.1|고추, 빨간색, 생것:1.0|고추, 청양고추, 생것:1.0|파, 대파, 생것:1.0|다시마, 말린것:1.0|간장, 개량, 양조:1.0|된장, 개량:3.0|당근, 뿌리, 생것:5.0|마늘, 다진것:5.0|멸치, 대멸치, 삶아서 말린것:5.0|표고버섯, 배지재배, 생것:7.0|고추장, 개량:7.0|양파, 생것:10.0|감자, 대지, 생것:25.0|호박, 애호박, 생것:25.0|칼국수면, 생것:80.0",
D031080,유자샐러드라면,면 및 만두류,면류,148.0,,,"올리브유:1.0|유자청:15.0|레몬 착즙:5.0|식초, 사과식초:2.0|비타민채(다채), 생것:5.0|파프리카, 빨간색, 생것:20.0|케일, 생것:5.0|상추, 결구(양상추), 녹색, 생것:40.0|라면, 말린것:55.0",
D031134,우무묵콩국수,면 및 만두류,면류,215.8,,,"참깨, 흰색, 볶은것:0.8|잣, 볶은것:1.0|땅콩, 볶은것:2.0|소금, 천일염, 가는소금:3.0|토마토, 생것:20.0|오이, 다다기, 생것:20.0|우뭇가사리묵(우무):20.0|달걀, 생것:25.0|대두, 노란색, 말린것:44.0|국수, 소면, 말린것:80.0",
D031133,온면&양념장,면 및 만두류,면류,138.4,,,"발효주, 청주, 알코올 16%:0.1|마늘, 생것:0.5|참기름:0.5|다시마, 말린것:0.8|고추, 빨간색, 생것:1.0|멸치, 대멸치, 삶아서 말린것:2.0|간장, 재래:2.0|표고버섯, 배지재배, 생것:3.0|달걀, 부침(달걀프라이):3.5|당근, 뿌리, 생것:5.0|무, 조선무, 생것:20.0|호박, 애호박, 생것:20.0|소고기, 한우(1++등급), 양지, 생것:20.0|국수, 소면, 말린것:60.0",
D031011,열무김치국수,면 및 만두류,면류,791.0,,,"김, 참김, 구운것:1.0|파, 쪽파, 생것:5.0|소고기, 한우, 양지, 삶은것:10.0|달걀, 삶은것:25.0|국수, 소면, 말린것, 삶은것:100.0|김치, 열무 김치:50.0",
D031008,소면,면 및 만두류,면류,640.0,,,"소금, 천일염, 가는소금:2.0|멸치 육수:2.0|참깨, 흰색, 볶은것:3.0|토마토, 생것:15.0|오이, 취청, 생것:18.0|국수, 소면, 말린것, 삶은것:100.0",
D031121,삼색수제비,면 및 만두류,면류,58.0,,,"마늘, 생것:0.5|다시마, 말린것:0.5|파, 대파, 생것:1.0|당근, 뿌리, 생것:2.0|멸치, 대멸치, 삶아서 말린것:2.0|참기름:2.0|무, 조선무, 생것:5.0|양파, 생것:5.0|감자, 대지, 생것:5.0|호박, 애호박, 생것:5.0|밀, 중력밀가루:30.0",
D031113,바지락칼국수,면 및 만두류,면류,86.5,,,"마늘, 생것:0.5|파, 대파, 생것:1.0|간장, 개량, 양조:1.0|멸치, 대멸치, 삶아서 말린것:2.0|다시마, 말린것:2.0|감자, 대지, 생것:10.0|호박, 애호박, 생것:10.0|바지락, 생것:10.0|칼국수면, 생것:50.0",
D031110,미니홍합국수,면 및 만두류,면류,105.0,,,"마늘, 생것:1.0|고추, 빨간색, 생것:1.0|고추, 청양고추, 생것:1.0|간장, 개량, 양조:1.0|파, 대파, 생것:2.0|멸치, 대멸치, 삶아서 말린것:2.0|다시마, 말린것:2.0|양파, 생것:5.0|담치, 참담치(홍합), 생것:40.0|국수, 소면, 말린것:50.0",
D031109,미니잔치국수,면 및 만두류,면류,73.0,,,"마늘, 생것:1.0|간장, 개량, 양조:1.0|파, 대파, 생것:2.0|다시마, 말린것:2.0|멸치, 대멸치, 삶아서 말린것:3.0|당근, 뿌리, 생것:5.0|호박, 애호박, 생것:7.0|달걀, 삶은것:7.0|김치, 배추 김치:10.0|국수, 소면, 말린것:35.0",
D031088,계란잔치국수,면 및 만두류,면류,93.0,,,"마늘, 생것:1.0|김, 참김, 구운것:1.0|참기름:1.0|간장, 개량, 양조:1.0|파, 대파, 생것:2.0|멸치, 대멸치, 삶아서 말린것:2.0|다시마, 말린것:2.0|두부, 유부:3.0|당근, 뿌리, 생것:5.0|호박, 애호박, 생것:10.0|달걀, 삶은것:10.0|김치, 배추 김치:15.0|국수, 소면, 말린것:40.0|마늘, 생것:1.0|김, 참김, 구운것:1.0|참기름:1.0|간장, 개량, 양조:1.0|파, 대파, 생것:2.0|멸치, 대멸치, 삶아서 말린것:2.0|다시마, 말린것:2.0|두부, 유부:3.0|당근, 뿌리, 생것:5.0|호박, 애호박, 생것:10.0|달걀, 삶은것:10.0|김치, 배추 김치:15.0|국수, 소면, 말린것:40.0",
D031013,유부국수,면 및 만두류,면류,794.0,,,"소금, 천일염, 가는소금:1.0|멸치 육수:3.0|파, 쪽파, 생것:10.0|쑥갓, 생것:10.0|소고기, 한우, 양지, 삶은것:10.0|바지락, 생것:10.0|달걀, 삶은것:20.0|국수, 소면, 말린것, 삶은것:100.0|두부, 유부:30.0",
D051244,맑은우동국물,국(탕)류,맑은국류,22.0,,,"마늘, 생것:0.5|간장, 재래:0.5|다시마, 말린것:1.0|파, 대파, 생것:2.0|다랑어, 가다랑어 육수, 농축:3.0|쑥갓, 생것:5.0|두부, 유부:10.0|마늘, 생것:0.5|간장, 재래:0.5|다시마, 말린것:1.0|파, 대파, 생것:2.0|다랑어, 가다랑어 육수, 농축:3.0|쑥갓, 생것:5.0|두부, 유부:10.0",
D031120,블랙 크림파스타,면 및 만두류,면류,145.0,,,"올리브유:5.0|피망, 초록색, 생것:10.0|베이컨:10.0|양파, 생것:20.0|스파게티면, 말린것:40.0|스파게티 소스, 크림, 병조림:60.0",
D031111,미트볼스파게티,면 및 만두류,면류,103.0,,,"올리브유:3.0|파프리카, 빨간색, 생것:5.0|양파, 생것:10.0|양송이버섯, 생것:15.0|미트볼, 냉동:15.0|스파게티 소스, 토마토, 병조림:20.0|스파게티면, 말린것:35.0",
D031104,미나리봉골레파스타,면 및 만두류,면류,134.1,,,"후추, 검은색, 가루:0.1|소금, 구운소금:1.0|마늘, 다진것:3.0|미나리, 물미나리, 생것:10.0|올리브유:10.0|양파, 생것:20.0|조개, 가무락조개, 생것:40.0|스파게티면, 말린것:50.0",
D031072,오색볶음면,면 및 만두류,면류,232.0,,,"라면 스프:3.0|두반장:8.0|설탕, 가루:4.0|고추기름:5.0|마늘, 다진것:7.0|돼지고기, 살코기, 생것:30.0|라면, 말린것:60.0|파, 쪽파, 생것:15.0|파프리카, 빨간색, 생것:15.0|파프리카, 노란색, 생것:15.0|청경채, 생것:30.0|양파, 생것:40.0",
D031086,얼큰 콩나물 수제비,면 및 만두류,면류,207.0,,,"소금, 천일염, 가는소금:2.0|고춧가루:5.0|밀, 중력밀가루:100.0|고추장, 개량:10.0|명태, 황태, 포, 말린것:40.0|콩나물, 생것:50.0",
D031130,어린이쌀국수,면 및 만두류,면류,71.8,,,"소금, 천일염, 가는소금:0.3|멸치, 대멸치, 삶아서 말린것:0.5|다시마, 말린것:0.5|간장, 개량, 양조:0.5|파, 쪽파, 생것:1.0|마늘, 생것:2.0|파, 대파, 생것:2.0|무, 조선무, 생것:5.0|양파, 생것:5.0|숙주나물, 생것:5.0|소고기, 한우(1++등급), 양지, 생것:10.0|멥쌀 국수, 말린것:40.0",
D031060,"수제비(계란, 소고기맛 조미료)",면 및 만두류,면류,649.9,,,"쌀겨기름(미강유):4.9|소금, 천일염, 가는소금:1.1|간장, 재래:1.9|마늘, 생것:2.9|멸치 육수:6.7|파, 대파, 생것:16.6|호박, 애호박, 데친것:29.4|감자, 대지, 삶은것:97.6|조미료, 쇠고기맛, 가루:1.1|달걀, 삶은것:19.5|밀, 중력밀가루:97.6|쌀겨기름(미강유):4.9|소금, 천일염, 가는소금:1.1|간장, 재래:1.9|마늘, 생것:2.9|멸치 육수:6.7|파, 대파, 생것:16.6|호박, 애호박, 데친것:29.4|감자, 대지, 삶은것:97.6|조미료, 쇠고기맛, 가루:1.1|달걀, 삶은것:19.5|밀, 중력밀가루:97.6",
D031127,소고기양지쌀국수,면 및 만두류,면류,124.5,,,"고추, 청양고추, 생것:0.5|고추, 초록색, 녹광, 생것:0.5|파, 쪽파, 생것:0.5|고추, 빨간색, 생것:1.0|멸치, 대멸치, 삶아서 말린것:1.0|다시마, 말린것:1.0|양파, 생것:10.0|소고기, 한우(1++등급), 양지, 생것:10.0|양지국물:10.0|숙주나물, 생것:30.0|멥쌀 국수, 말린것:60.0",
D031071,삼겹살라면,면 및 만두류,면류,205.0,,,"설탕, 흑설탕:3.0|맛술:8.0|간장, 개량, 양조:3.0|다랑어, 가다랑어 육수:3.0|생강, 뿌리줄기, 생것:5.0|파, 대파, 생것:20.0|돼지고기, 삼겹살, 생것:60.0|파, 쪽파, 생것:3.0|라면, 말린것:100.0",
D031117,베이컨크림스파게티,면 및 만두류,면류,172.32,,,"후추, 흰색, 가루:0.02|소금, 천일염:0.3|전분, 감자, 가루:2.0|버터, 무가염:2.0|크림, 생크림:3.0|크림, 휘핑, 식물성:3.0|새우, 흰다리새우, 생것:7.0|양파, 생것:10.0|브로콜리, 생것:10.0|달걀, 생것:10.0|베이컨:10.0|우유:15.0|스파게티면, 말린것:100.0",
D031095,들깨버섯칼국수,면 및 만두류,면류,158.5,,,"참기름:0.5|마늘, 다진것:1.0|소금, 천일염:1.0|파, 대파, 생것:2.0|간장, 재래:2.0|고춧가루:2.0|다시마, 말린것:3.0|당근, 뿌리, 생것:5.0|송이버섯, 생것:8.0|애느타리버섯, 생것:8.0|양송이버섯, 생것:8.0|표고버섯, 배지재배, 생것:8.0|호박, 애호박, 생것:10.0|들깨, 볶은것:20.0|칼국수면, 생것:80.0|참기름:0.5|마늘, 다진것:1.0|소금, 천일염:1.0|파, 대파, 생것:2.0|간장, 재래:2.0|고춧가루:2.0|다시마, 말린것:3.0|당근, 뿌리, 생것:5.0|송이버섯, 생것:8.0|애느타리버섯, 생것:8.0|양송이버섯, 생것:8.0|표고버섯, 배지재배, 생것:8.0|호박, 애호박, 생것:10.0|들깨, 볶은것:20.0|칼국수면, 생것:80.0",
D031137,쟁반짜장면,면 및 만두류,면류,286.2,,,"소금, 천일염:0.1|후추, 흰색, 가루:0.1|마늘, 다진것:1.0|전분, 감자, 가루:5.0|양파, 생것:20.0|감자, 대지, 생것:20.0|호박, 쥬키니, 생것:20.0|돼지고기, 뒷다리, 생것:30.0|짜장 소스, 춘장:30.0|양배추, 생것:40.0|중식면, 생것:120.0|소금, 천일염:0.1|후추, 흰색, 가루:0.1|마늘, 다진것:1.0|전분, 감자, 가루:5.0|양파, 생것:20.0|감자, 대지, 생것:20.0|호박, 쥬키니, 생것:20.0|돼지고기, 뒷다리, 생것:30.0|짜장 소스, 춘장:30.0|양배추, 생것:40.0|중식면, 생것:120.0",
D031135,유부우동,면 및 만두류,면류,90.89,,,"후추, 흰색, 가루:0.02|마늘, 생것:0.5|김, 참김, 구운것:0.5|소금, 천일염, 가는소금:0.57|다시마, 말린것:0.8|멸치, 대멸치, 삶아서 말린것:1.0|간장, 재래:2.0|쑥갓, 생것:3.5|두부, 유부:5.0|파, 대파, 생것:37.0|우동면, 생것:40.0",
D031068,우엉비빔면,면 및 만두류,면류,215.0,,,"식초, 현미식초:4.0|참깨, 흰색, 볶은것:1.0|참기름:3.0|레몬 착즙:3.0|고추냉이, 페이스트:2.0|설탕, 백설탕:3.0|맛술:2.0|생강, 뿌리줄기, 생것:3.0|간장, 개량, 산분해:3.0|비트, 뿌리, 생것:6.0|양파, 생것:10.0|김, 참김, 생것:2.0|파, 대파, 생것:3.0|메밀 국수, 생것:100.0|닭고기, 가슴, 생것:30.0|우엉, 생것:40.0",
D031079,열무김치파스타,면 및 만두류,면류,347.0,,,"고추, 청양고추, 생것:30.0|참깨, 흰색, 볶은것:2.0|들기름:30.0|당근, 뿌리, 생것:25.0|양파, 생것:30.0|파프리카, 노란색, 생것:30.0|고추, 빨간색, 생것:15.0|고추, 초록색, 녹광, 생것:15.0|오이, 다다기, 생것:20.0|김치, 열무 김치:100.0|스파게티면, 말린것:50.0",
D031132,열무물국수,면 및 만두류,면류,292.0,,,"마늘, 생것:0.5|설탕, 백설탕:0.5|고춧가루:1.0|간장, 개량, 양조:2.0|파, 대파, 생것:3.0|달걀, 부침(달걀프라이):5.0|소고기, 한우(1++등급), 양지, 생것:10.0|국수, 소면, 말린것:70.0|김치, 열무 물김치:200.0",
D031077,열무곤약국수,면 및 만두류,면류,438.0,,,"참깨, 흰색, 볶은것:3.0|당근, 뿌리, 생것:20.0|달걀, 생것:60.0|양파, 생것:60.0|레몬, 생것:20.0|오이, 다다기, 생것:25.0|곤약(구약나물), 국수형, 생것:150.0|김치, 열무 김치:100.0",
D031091,꼬치어묵우동,면 및 만두류,면류,193.5,,대두(콩),"간장, 재래:0.5|마늘, 다진것:1.0|소금, 구운소금:1.0|쑥갓, 생것:2.0|김, 참김, 구운것:2.0|다시마, 말린것:2.0|멸치, 중멸치, 삶아서 말린것:2.0|양파, 생것:3.0|파, 대파, 생것:5.0|두부, 유부:5.0|멸치 육수:30.0|어묵:40.0|우동면, 생것:100.0|간장, 재래:0.5|마늘, 다진것:1.0|소금, 구운소금:1.0|쑥갓, 생것:2.0|김, 참김, 구운것:2.0|다시마, 말린것:2.0|멸치, 중멸치, 삶아서 말린것:2.0|양파, 생것:3.0|파, 대파, 생것:5.0|두부, 유부:5.0|멸치 육수:30.0|어묵:40.0|우동면, 생것:100.0",
D031107,미니양지쌀국수,면 및 만두류,면류,132.5,,,"소금, 천일염, 가는소금:0.5|설탕, 백설탕:1.0|식초, 양조:1.0|고추, 빨간색, 생것:5.0|파, 대파, 생것:5.0|양파, 생것:20.0|숙주나물, 생것:20.0|소고기, 한우(1++등급), 양지, 생것:30.0|멥쌀 국수, 말린것:50.0|소금, 천일염, 가는소금:0.5|설탕, 백설탕:1.0|식초, 양조:1.0|고추, 빨간색, 생것:5.0|파, 대파, 생것:5.0|양파, 생것:20.0|숙주나물, 생것:20.0|소고기, 한우(1++등급), 양지, 생것:30.0|멥쌀 국수, 말린것:50.0",
D031129,애호박닭칼국수,면 및 만두류,면류,150.21,,,"후추, 검은색, 가루:0.01|생강, 뿌리줄기, 생것:0.1|참기름:0.1|마늘, 생것:0.5|참깨, 흰색, 볶은것:0.5|설탕, 백설탕:0.5|식초, 사과식초:0.5|파, 대파, 생것:1.0|간장, 개량, 양조:1.0|멸치, 대멸치, 삶아서 말린것:2.0|다시마, 말린것:2.0|부추, 두메부추, 생것:5.0|당근, 뿌리, 생것:7.0|양파, 생것:10.0|호박, 애호박, 생것:20.0|칼국수면, 생것:40.0|닭고기, 성계, 생것:60.0",
D031125,새우크림파스타,면 및 만두류,면류,147.1,,,"후추, 검은색, 가루:0.1|올리브유:1.0|소금, 천일염, 가는소금:1.0|피망, 초록색, 생것:5.0|크림, 생크림:5.0|양송이버섯, 생것:10.0|양파, 생것:15.0|우유:20.0|새우, 중하, 생것:30.0|스파게티면, 말린것:60.0",
D031083,바나나크림파스타,면 및 만두류,면류,819.0,,밀,"스파게티면, 말린것:60.0|소금, 천일염, 가는소금:2.0|우유:200.0|치즈, 체다:40.0|크림, 휘핑, 식물성:80.0|양파, 생것:20.0|마늘, 생것:10.0|바질, 잎, 생것:1.0|베이컨:46.0|토마토, 생것:100.0|아보카도, 생것:110.0|바나나, 생것:150.0",
D051017,김칫국(수제비),국(탕)류,맑은국류,586.0,,,"소금, 천일염, 가는소금:1.0|파, 대파, 생것:5.0|양파, 데친것:10.0|호박, 애호박, 데친것:15.0|멸치 육수:15.0|밀, 중력밀가루:20.0|김치, 배추 김치:20.0|소금, 천일염, 가는소금:1.0|파, 대파, 생것:5.0|양파, 데친것:10.0|호박, 애호박, 데친것:15.0|멸치 육수:15.0|밀, 중력밀가루:20.0|김치, 배추 김치:20.0",
D031067,수수들깨칼국수,면 및 만두류,면류,496.5,,,"멸치, 액젓:3.0|간장, 개량, 양조:6.0|콩기름:4.0|소금, 천일염, 가는소금:1.5|다시마, 말린것:2.0|멸치 육수:300.0|명태, 황태, 포, 말린것:0.0|파, 대파, 생것:8.0|고추, 빨간색, 녹광, 생것:3.0|표고버섯, 참나무재배, 생것:15.0|들깨, 볶은것:5.0|호박, 애호박, 생것:20.0|양파, 생것:15.0|생수:40.0|밀, 중력밀가루:44.0|수수, 찰수수, 도정, 생것:30.0",
D031106,미니김치말이국수,면 및 만두류,면류,191.0,,,"참깨, 흰색, 볶은것:1.0|참기름:1.0|소금, 천일염, 소금꽃:1.0|김, 참김, 구운것:2.0|오이, 다다기, 생것:3.0|달걀, 부침(달걀프라이):3.0|국수, 소면, 말린것:30.0|김치, 배추 김치:50.0|냉면 육수:100.0",
D031105,미나리해물파스타,면 및 만두류,면류,125.0,,,"마늘, 생것:1.0|양파, 생것:1.0|월계수, 잎, 말린것:1.0|소금, 천일염, 소금꽃:1.0|발효주, 청주, 알코올 16%:1.0|양송이버섯, 생것:3.0|올리브유:3.0|새우, 흰다리새우, 생것:7.0|바지락, 생것:7.0|오징어, 생것:10.0|스파게티면, 말린것:90.0",
D031122,삼선자장면,면 및 만두류,면류,143.02,,,"후추, 검은색, 가루:0.02|마늘, 다진것:2.0|전분, 감자, 가루:2.0|콩기름:2.0|완두, 통조림:2.0|새우, 흰다리새우, 생것:5.0|돼지고기, 뒷다리, 생것:5.0|양파, 생것:10.0|감자, 대지, 생것:10.0|양배추, 생것:10.0|호박, 쥬키니, 생것:10.0|오징어, 생것:10.0|짜장 소스, 춘장:15.0|중식면, 생것:60.0",
D031124,새우크림스파게티,면 및 만두류,면류,97.1,,,"후추, 검은색, 가루:0.1|소금, 천일염, 가는소금:0.5|올리브유:1.5|양송이버섯, 생것:3.0|피망, 초록색, 생것:5.0|크림, 생크림:7.0|양파, 생것:10.0|새우, 중하, 생것:15.0|우유:20.0|스파게티면, 말린것:35.0",
D031007,비빔냉면,면 및 만두류,면류,908.0,,,"설탕, 백설탕:1.0|참기름:2.0|소고기, 한우, 양지, 삶은것:10.0|고추장, 개량:10.0|양배추, 생것:20.0|달걀, 삶은것:25.0|오이, 다다기, 생것:40.0|무 절임, 치킨무:40.0|냉면 육수:90.0|메밀 냉면, 말린것, 삶은것:120.0",
D031118,베이컨크림파스타,면 및 만두류,면류,198.02,,,"파슬리, 말린것:0.01|후추, 흰색, 가루:0.01|소금, 천일염, 소금꽃:1.0|올리브유:2.0|마늘, 생것:5.0|베이컨:10.0|양파, 생것:20.0|마카로니, 말린것:20.0|스파게티면, 말린것:70.0|스파게티 소스, 크림, 병조림:70.0",
D031119,볶음우동,면 및 만두류,면류,155.61,,,"후추, 검은색, 가루:0.11|마늘, 생것:0.5|생강, 뿌리줄기, 생것:0.5|파, 대파, 생것:0.5|물엿:1.0|콩기름:1.0|버터, 무가염:1.0|맛술:1.0|당근, 뿌리, 생것:2.0|설탕, 백설탕:2.0|간장, 개량, 양조:2.0|굴 소스:2.0|양파, 생것:5.0|피망, 초록색, 생것:5.0|청경채, 생것:7.0|숙주나물, 생것:10.0|새우, 흰다리새우, 생것:15.0|돼지고기, 삼겹살(삼겹살), 생것:20.0|우동면, 생것:80.0",
D031116,베이컨로제파스타,면 및 만두류,면류,125.9,,,"후추, 검은색, 가루:0.1|소금, 천일염, 가는소금:0.8|올리브유:2.0|베이컨:7.0|양송이버섯, 생것:8.0|크림, 생크림:8.0|우유:10.0|양파, 생것:15.0|스파게티 소스, 토마토, 병조림:35.0|스파게티면, 말린것:40.0",
D031066,메밀수제비,면 및 만두류,면류,522.9,,,"후추, 검은색, 가루:0.1|참기름:2.0|마늘, 생것:4.0|들깨, 볶은것:2.0|간장, 개량, 양조:7.0|파, 대파, 생것:6.0|다시마, 말린것:2.0|새우, 꽃새우, 삶아서 말린것:2.0|멸치, 대멸치, 삶아서 말린것:9.0|고추, 청양고추, 생것:2.0|고추, 빨간색, 생것:3.0|부추, 재래종, 생것:20.0|양파, 생것:10.0|당근, 뿌리, 생것:10.0|감자, 대지, 생것:70.0|호박, 애호박, 생것:20.0|콩기름:2.0|생수:300.0|소금, 천일염, 가는소금:1.8|밀, 중력밀가루:15.0|메밀, 도정, 생것:35.0",
D031112,미트스파게티,면 및 만두류,면류,245.5,,,"후추, 검은색, 가루:0.5|버터, 무가염:1.0|파슬리, 생것:2.0|소금, 천일염, 가는소금:2.0|혼합식물성유:3.0|마늘, 생것:4.0|양송이버섯, 생것:10.0|셀러리, 생것:10.0|토마토 소스:10.0|발효주, 과실주, 포도주, 적포도주, 알코올 13%:15.0|당근, 뿌리, 생것:16.0|소고기, 한우(1++등급), 양지, 생것:20.0|토마토, 통조림, 페이스트:20.0|양파, 생것:32.0|스파게티면, 말린것:100.0",
D031099,로제파스타,면 및 만두류,면류,141.3,,,"소금, 천일염:0.3|올리브유:1.0|마늘, 생것:2.0|크림, 생크림:3.0|베이컨:5.0|양파, 생것:10.0|토마토 소스:10.0|스파게티 소스, 크림, 병조림:20.0|스파게티 소스, 토마토, 병조림:20.0|스파게티면, 말린것:70.0",
D031003,라면,면 및 만두류,면류,719.0,,,"파, 쪽파, 생것:2.0|달걀, 삶은것:50.0|라면, 조리후:117.0",
D031101,메밀막국수,면 및 만두류,면류,90.5,,,"마늘, 생것:0.5|김, 참김, 구운것:1.0|들기름:1.0|고추장, 개량:1.0|간장, 개량, 양조:2.0|상추, 잎상추, 적색, 생것:5.0|냉면 육수:30.0|메밀 국수, 생것:50.0",
D031064,메밀국수김말이,면 및 만두류,면류,165.75,,,"후추, 검은색, 가루:0.05|소금, 천일염, 가는소금:0.2|간장, 개량, 양조:2.0|참깨, 흰색, 볶은것:0.5|참기름:2.0|콩기름:1.0|맛술:3.0|당근, 뿌리, 생것:15.0|김, 김밥용김, 말린것:2.0|메밀 국수, 생것:50.0|비름, 생것:40.0|달걀, 생것:50.0",
D031108,미니우동,면 및 만두류,면류,40.1,,,"마늘, 생것:0.3|김, 참김, 구운것:0.3|멸치, 대멸치, 삶아서 말린것:1.0|파, 대파, 생것:1.5|간장, 재래:2.0|쑥갓, 생것:5.0|우동면, 생것:30.0",
D031100,매생이칼국수,면 및 만두류,면류,103.52,,,"후추, 흰색, 가루:0.02|마늘, 생것:0.5|참기름:1.0|간장, 재래:2.0|표고버섯, 배지재배, 생것:5.0|바지락, 생것:5.0|매생이, 생것:30.0|칼국수면, 생것:60.0",
D031005,물냉면,면 및 만두류,면류,926.0,,,"마늘, 생것:1.0|겨자, 가루:1.0|소금, 천일염, 가는소금:4.0|식초, 감식초:5.0|오이, 다다기, 생것:20.0|달걀, 삶은것:25.0|소고기, 한우, 양지, 삶은것:30.0|무, 조선무, 생것:30.0|냉면 육수:90.0|메밀 냉면, 말린것, 삶은것:120.0",
D031065,메밀샐러드국수,면 및 만두류,면류,270.0,,,"무, 조선무, 생것:20.0|멸치, 대멸치, 삶아서 말린것:3.0|다시마, 말린것:1.0|생수:100.0|참기름:2.0|마늘, 생것:2.0|설탕, 백설탕:7.0|식초, 감식초:10.0|간장, 개량, 양조:10.0|비타민채(다채), 생것:15.0|메밀 국수, 생것:30.0|토마토, 생것:30.0|오이, 취청, 생것:20.0|상추, 결구(양상추), 녹색, 생것:20.0",
D031102,메밀비빔국수,면 및 만두류,면류,84.0,,,"마늘, 생것:1.0|파, 대파, 생것:1.0|설탕, 백설탕:1.0|매실청:1.0|간장, 개량, 양조:1.0|고춧가루:1.0|식초, 양조:1.0|고추장, 개량:2.0|참기름:5.0|들깻잎, 생것:10.0|오이, 다다기, 생것:10.0|콩나물, 생것:20.0|메밀 국수, 생것:30.0",
D031076,로제소스라면,면 및 만두류,면류,546.0,,,"파슬리, 말린것:8.0|치즈, 파르메산(파마산):5.0|정향, 가루:5.0|월계수, 잎, 말린것:5.0|크림, 생크림:100.0|우유:200.0|라면, 말린것:50.0|토마토, 생것:100.0|양파, 생것:8.0|큰느타리버섯(새송이버섯), 생것:15.0|담치, 참담치(홍합), 생것:20.0|백합, 생것:20.0|새우, 중하, 생것:10.0",
D031004,메밀국수,면 및 만두류,면류,481.0,,,"김, 참김, 구운것:1.0|겨자, 가루:1.0|파, 쪽파, 생것:2.0|참기름:2.0|간장, 재래:15.0|오이, 다다기, 생것:20.0|소고기, 한우, 양지, 삶은것:20.0|무, 조선무, 생것:30.0|메밀 국수, 말린것, 삶은것:90.0",
D031063,들깨수제비,면 및 만두류,면류,527.0,,대두(콩),"간장, 재래:15.0|당근, 뿌리, 생것:10.0|감자, 대지, 생것:70.0|호박, 애호박, 생것:20.0|찹쌀, 백미, 생것:4.0|생수:330.0|들깨, 볶은것:7.0|밀, 중력밀가루:60.0|다시마, 말린것:2.0|멸치, 대멸치, 삶아서 말린것:9.0",
D031098,로제크림파스타,면 및 만두류,면류,142.31,,,"파슬리, 말린것:0.01|소금, 천일염:0.3|피망, 초록색, 생것:1.0|올리브유:1.0|마늘, 생것:2.0|크림, 생크림:3.0|베이컨:5.0|양파, 생것:10.0|토마토 소스:10.0|스파게티 소스, 크림, 병조림:20.0|스파게티 소스, 토마토, 병조림:20.0|스파게티면, 말린것:70.0",
D031097,들깨칼국수,면 및 만두류,면류,109.0,,,"마늘, 생것:0.5|참기름:0.5|파, 대파, 생것:2.0|멸치, 대멸치, 삶아서 말린것:2.0|간장, 재래:2.0|고춧가루:2.0|당근, 뿌리, 생것:5.0|들깨, 볶은것:5.0|호박, 애호박, 생것:10.0|칼국수면, 생것:80.0",
D031096,들깨인삼칼국수,면 및 만두류,면류,166.0,,,"마늘, 생것:0.5|참기름:0.5|소금, 천일염:1.0|파, 대파, 생것:2.0|간장, 재래:2.0|고춧가루:2.0|다시마, 말린것:3.0|당근, 뿌리, 생것:5.0|멸치, 대멸치, 삶아서 말린것:5.0|인삼, 수삼, 생것:10.0|호박, 애호박, 생것:10.0|들깨, 볶은것:25.0|칼국수면, 생것:100.0",
D031093,닭고기와사랑에빠진수제비,면 및 만두류,면류,151.5,,,"후추, 흰색, 가루:0.5|소금, 천일염, 가는소금:1.0|들깻잎, 생것:2.0|마늘, 생것:3.0|고춧가루:3.0|팽이버섯, 생것:5.0|당근, 뿌리, 생것:8.0|밀, 중력밀가루:10.0|간장, 개량, 양조:10.0|파, 대파, 생것:14.0|닭 육수:15.0|호박, 애호박, 생것:30.0|닭고기, 가슴, 생것:50.0",
D031078,까르보나라뇨끼,면 및 만두류,면류,618.0,,우유,"치즈, 파르메산(파마산):15.0|설탕, 가루:10.0|크림, 생크림:30.0|우유:200.0|버터, 무가염:15.0|후추, 흰색, 가루:3.0|파, 대파, 생것:25.0|양파, 생것:25.0|마늘, 다진것:15.0|송이버섯, 생것:25.0|베이컨:25.0|들깻잎, 생것:10.0|감자, 대지, 생것:220.0",
D031061,녹두 칼국수,면 및 만두류,면류,432.5,,잣,"잣, 생것:2.0|소금, 천일염, 가는소금:2.5|설탕, 백설탕:8.0|칼국수면, 생것:60.0|생수:330.0|녹두, 말린것:30.0",
D031001,국수장국,면 및 만두류,면류,940.0,,,"소금, 천일염, 가는소금:1.0|참깨, 흰색, 볶은것:1.0|후추, 검은색, 가루:2.0|참기름:2.0|간장, 재래:3.0|마늘, 생것:5.0|멸치 육수:6.0|파, 대파, 생것:10.0|양파, 데친것:30.0|달걀, 삶은것:30.0|호박, 애호박, 데친것:50.0|국수, 소면, 말린것, 삶은것:200.0",
D031092,달걀스파게티피자,면 및 만두류,면류,289.6,,우유,"치즈, 파르메산(파마산):0.1|소금, 천일염, 가는소금:0.5|비타민채(다채), 어린잎, 생것:2.0|치커리, 잎, 적색, 생것:3.0|혼합식물성유:3.0|치즈, 모차렐라:3.0|식초, 사과식초:3.0|치커리, 잎, 생것:5.0|핫 소스:5.0|크림, 휘핑, 식물성:10.0|스파게티 소스, 토마토, 병조림:20.0|토마토, 생것:25.0|스파게티면, 말린것:50.0|달걀, 생것:60.0|우유:100.0",
D031074,다이어트국수,면 및 만두류,면류,628.0,,대두(콩),"간장, 개량, 양조:5.0|탄산수:50.0|레몬 착즙:15.0|참깨, 흰색, 볶은것:3.0|양파, 생것:50.0|당근, 뿌리, 생것:20.0|달걀, 생것:60.0|오이, 다다기, 생것:25.0|김치, 열무 물김치:200.0|곤약(구약나물), 국수형, 생것:200.0",
D031089,골뱅이비빔면,면 및 만두류,면류,157.5,,,"참기름:0.2|참깨, 흰색, 볶은것:0.3|마늘, 생것:0.5|식초, 양조:0.5|콩기름:1.0|물엿:2.0|설탕, 백설탕:3.0|토마토 케첩:3.0|고추장, 개량:5.0|당근, 뿌리, 생것:7.0|양파, 생것:15.0|소고기, 한우(1++등급), 앞다리, 생것:20.0|우렁이, 큰구슬우렁이(골뱅이), 통조림, 고형물:30.0|국수, 소면, 말린것:70.0",
D031062,도토리온국수,면 및 만두류,면류,497.8,,,"소금, 천일염, 가는소금:0.6|후추, 검은색, 가루:0.2|참기름:1.0|마늘, 생것:5.0|간장, 개량, 양조:9.0|달걀, 생것:30.0|굴, 석굴, 생것:20.0|다시마 육수:300.0|도토리, 국수, 말린것:70.0|돼지고기, 앞다리(앞다리살), 생것:15.0|표고버섯, 참나무재배, 생것:15.0|호박, 애호박, 생것:20.0|고추, 빨간색, 생것:2.0|고추, 청양고추, 생것:2.0|파, 쪽파, 생것:8.0",
D031002,도토리국수,면 및 만두류,면류,842.0,,,"설탕, 백설탕:1.0|참기름:2.0|간장, 개량, 양조:4.0|소고기, 한우, 양지, 삶은것:10.0|달걀, 삶은것:25.0|배, 신고, 생것:30.0|오이, 다다기, 생것:40.0|무, 조선무, 생것:40.0|김치, 동치미:200.0|도토리, 국수, 말린것:90.0",
D032018,버섯만두,면 및 만두류,만두류,82.45,,,"참깨, 흰색, 볶은것:0.3|생수:4.0|식초, 감식초:3.0|간장, 개량, 양조:3.0|밀, 중력밀가루:2.0|후추, 검은색, 가루:0.05|발효주, 청주, 알코올 16%:2.0|소금, 천일염, 가는소금:0.1|돼지고기, 앞다리(앞다리살), 생것:30.0|파, 쪽파, 생것:8.0|표고버섯, 배지재배, 생것:30.0",
D051153,떡만둣국,국(탕)류,맑은국류,62.3,,,"소금, 천일염, 가는소금:0.3|마늘, 생것:0.5|김, 참김, 구운것:0.5|다시마, 말린것:1.0|파, 대파, 생것:2.0|멸치, 대멸치, 삶아서 말린것:3.0|달걀, 생것:10.0|멥쌀떡, 가래떡:15.0|만두, 물만두:30.0|소금, 천일염, 가는소금:0.3|마늘, 생것:0.5|김, 참김, 구운것:0.5|다시마, 말린것:1.0|파, 대파, 생것:2.0|멸치, 대멸치, 삶아서 말린것:3.0|달걀, 생것:10.0|멥쌀떡, 가래떡:15.0|만두, 물만두:30.0",
D031087,감자칼국수,면 및 만두류,면류,185.3,,,"후추, 흰색, 가루:0.1|소금, 천일염, 소금꽃:0.2|고추, 빨간색, 생것:1.0|고추, 청양고추, 생것:1.0|파, 대파, 생것:1.0|다시마, 말린것:1.0|간장, 개량, 양조:1.0|당근, 뿌리, 생것:5.0|마늘, 다진것:5.0|양파, 생것:10.0|호박, 애호박, 생것:20.0|감자, 대지, 생것:60.0|칼국수면, 생것:80.0",
D031082,간장곤약볶음국수,면 및 만두류,면류,402.0,,,"꿀:10.0|시리얼, 옥수수, 그래놀라, 건조과일:30.0|요구르트, 호상, 플레인:30.0|참깨, 검은색, 볶은것:7.0|버터, 무가염:10.0|양파, 생것:25.0|생강, 뿌리줄기, 생것:3.0|간장, 개량, 양조:12.0|레몬 착즙:15.0|사과, 생것:60.0|곤약(구약나물), 국수형, 생것:200.0",
D052080,굴림만두된장국,국(탕)류,된장국류,839.0,,,"생수:400.0|된장, 개량:10.0|파, 대파, 생것:40.0|무, 조선무, 생것:70.0|돼지고기, 앞다리, 생것:100.0|밀, 중력밀가루:15.0|전분, 감자, 가루:15.0|간장, 개량, 양조:5.0|부추, 솔부추, 생것:4.0|마늘, 생것:8.0|양파, 생것:80.0|닭고기, 가슴, 생것:25.0|큰느타리버섯(새송이버섯), 생것:10.0|두부:45.0|팽이버섯, 생것:5.0|호박, 애호박, 생것:5.0|고추, 빨간색, 생것:1.0|고추, 풋고추, 생것:1.0|생수:400.0|된장, 개량:10.0|파, 대파, 생것:40.0|무, 조선무, 생것:70.0|돼지고기, 앞다리, 생것:100.0|밀, 중력밀가루:15.0|전분, 감자, 가루:15.0|간장, 개량, 양조:5.0|부추, 솔부추, 생것:4.0|마늘, 생것:8.0|양파, 생것:80.0|닭고기, 가슴, 생것:25.0|큰느타리버섯(새송이버섯), 생것:10.0|두부:45.0|팽이버섯, 생것:5.0|호박, 애호박, 생것:5.0|고추, 빨간색, 생것:1.0|고추, 풋고추, 생것:1.0",
D032006,"떡만둣국(돼지고기만두, 멸치)",면 및 만두류,만두류,834.0,,,"참기름:1.0|조미료, 쇠고기맛, 가루:1.0|소금, 천일염, 가는소금:1.0|김, 참김, 구운것:1.0|후추, 검은색, 가루:2.0|간장, 재래:3.0|파, 대파, 생것:6.0|마늘, 생것:6.0|양파, 데친것:8.0|달걀, 삶은것:8.0|숙주나물, 데친것:20.0|두부:24.0|당면, 고구마, 삶은것:24.0|멸치 육수:4.0|돼지고기, 등심, 삶은것:20.0|밀, 중력밀가루:25.0|멥쌀떡, 가래떡:80.0",
D032005,"떡만둣국(닭고기만두, 멸치)",면 및 만두류,만두류,834.0,,,"참기름:1.0|조미료, 쇠고기맛, 가루:1.0|소금, 천일염, 가는소금:1.0|김, 참김, 구운것:1.0|후추, 검은색, 가루:2.0|간장, 재래:3.0|파, 대파, 생것:6.0|마늘, 생것:6.0|양파, 데친것:8.0|달걀, 삶은것:8.0|숙주나물, 데친것:20.0|두부:24.0|당면, 고구마, 삶은것:24.0|멸치 육수:4.0|닭고기, 살코기, 삶은것:20.0|밀, 중력밀가루:25.0|멥쌀떡, 가래떡:80.0",
D032002,김치만두,면 및 만두류,만두류,180.0,,,"후추, 검은색, 가루:1.0|참기름:2.0|소금, 천일염, 가는소금:3.0|마늘, 생것:3.0|파, 대파, 생것:4.0|당면, 고구마, 삶은것:22.0|밀, 중력밀가루:25.0|두부:40.0|돼지고기, 등심, 생것:40.0|김치, 배추 김치:40.0",
D032004,"떡만둣국(김치만두, 소고기)",면 및 만두류,만두류,880.0,,,"김, 참김, 구운것:1.0|조미료, 쇠고기맛, 가루:2.0|소금, 천일염, 가는소금:2.0|참기름:3.0|간장, 재래:3.0|파, 대파, 생것:6.0|양파, 데친것:8.0|소고기, 한우, 양지, 삶은것:50.0|만두, 김치 만두:125.0|멥쌀떡, 가래떡:80.0",
D032003,"떡만둣국(김치만두, 멸치)",면 및 만두류,만두류,829.0,,,"김, 참김, 구운것:1.0|조미료, 쇠고기맛, 가루:2.0|간장, 재래:3.0|파, 대파, 생것:6.0|양파, 데친것:8.0|멸치 육수:4.0|만두, 김치 만두:125.0|멥쌀떡, 가래떡:80.0",
D032001,군만두(초간장포함),면 및 만두류,만두류,19.0,,,"고춧가루:1.0|간장, 재래:5.0|콩기름:7.0|식초, 양조:1.0|만두, 군만두:5.0",
D230083,홍시 찰떡,떡류,떡류,58.1,,,"생수:15.0|설탕, 백설탕:3.0|소금, 천일염, 가는소금:0.1|잣, 생것:2.0|꿀:3.0|찹쌀, 백미, 가루:20.0|감, 떫은감, 연시, 생것:15.0",
D230072,찰시루떡,떡류,떡류,100.0,,,"찹쌀떡, 찰시루떡:100.0",
D021081,팥찹쌀떡팬케이크,과자 및 빵류,빵류,107.2,,,"참깨, 흰색, 볶은것:1.0|콩기름:3.0|설탕, 백설탕:3.0|꿀:10.0|소금, 천일염, 가는소금:0.2|찹쌀, 백미, 가루:15.0|달걀, 생것:15.0|우유:40.0|팥, 적색, 말린것:20.0|참깨, 흰색, 볶은것:1.0|콩기름:3.0|설탕, 백설탕:3.0|꿀:10.0|소금, 천일염, 가는소금:0.2|찹쌀, 백미, 가루:15.0|참깨, 흰색, 볶은것:1.0|콩기름:3.0|설탕, 백설탕:3.0|꿀:10.0|소금, 천일염, 가는소금:0.2|찹쌀, 백미, 가루:15.0|달걀, 생것:15.0|우유:40.0|달걀, 생것:15.0|팥, 적색, 말린것:20.0|우유:40.0|팥, 적색, 말린것:20.0",
D230068,찹쌀떡(경단 카스텔라),떡류,떡류,100.0,,,"찹쌀떡, 경단 카스텔라:100.0",
D230011,절편,떡류,떡류,140.0,,,"멥쌀떡, 절편:140.0",
D230071,인절미(팥고물),떡류,떡류,100.0,,,"찹쌀떡, 인절미, 팥고물:100.0",
D230082,율무범벅,떡류,떡류,179.0,,,"소금, 천일염, 가는소금:1.0|설탕, 백설탕:8.0|생수:60.0|팥, 적색, 말린것:10.0|율무, 도정, 생것:30.0|옥수수, 단옥수수, 생것:70.0",
D230080,쑥찰떡구이,떡류,떡류,44.7,,대두(콩),"콩기름:0.5|아몬드, 말린것:3.0|설탕, 백설탕:3.0|캐슈너트, 조미, 볶은것:3.0|호두, 말린것:3.0|소금, 천일염, 가는소금:0.2|달걀, 생것:5.0|우유:5.0|찹쌀, 백미, 생것:20.0|쑥, 말린것:2.0",
D230081,오색송편,떡류,떡류,91.3,,,"당근, 뿌리, 생것:10.0|포도 주스:6.0|호박, 단호박, 생것:7.0|쑥, 생것:4.0|설탕, 백설탕:8.0|미숫가루, 혼합곡물:6.0|참깨, 흰색, 볶은것:2.0|소금, 천일염, 가는소금:0.3|대두, 검은색, 서리태, 말린것:8.0|밤, 생것:10.0|멥쌀, 백미, 가루:30.0",
D230067,수수떡,떡류,떡류,100.0,,,"수수떡, 수수경단:100.0",
D230064,송편(팥),떡류,떡류,100.0,,,"멥쌀떡, 송편, 팥:100.0",
D230009,시루떡(찹쌀),떡류,떡류,170.0,,,"찹쌀떡, 찰시루떡:170.0",
D230008,시루떡(멥쌀),떡류,떡류,170.0,,,"멥쌀떡, 시루떡, 팥:170.0",
D230073,백편,떡류,떡류,1492.0,,잣,"잣, 볶은것:10.0|밤, 생것:160.0|석이버섯, 말린것:10.0|대추, 말린것:35.0|설탕, 백설탕:150.0|소금, 천일염, 가는소금:27.0|멥쌀, 백미, 생것:900.0",
D230007,송편(깨),떡류,떡류,140.0,,,"멥쌀떡, 송편, 깨:140.0",
D230063,송편(검정콩),떡류,떡류,100.0,,대두(콩),"멥쌀떡, 송편, 검정콩:100.0",
D230079,보리빈대떡,떡류,떡류,219.0,,난류,"달걀, 생것:20.0|콩기름:8.0|생강, 뿌리줄기, 생것:1.0|참기름:2.0|마늘, 생것:3.0|파, 대파, 생것:5.0|김치, 배추 김치:20.0|숙주나물, 생것:30.0|도라지, 뿌리, 생것:20.0|고사리, 생것:30.0|생수:50.0|녹두, 말린것:15.0|보리, 가루:15.0",
D230062,백설기(검정콩),떡류,떡류,100.0,,대두(콩),"멥쌀떡, 백설기, 검정콩:100.0",
D230077,밤 설기,떡류,떡류,97.3,,,"설탕, 백설탕:12.0|소금, 천일염, 가는소금:0.3|대추, 말린것:5.0|블루베리, 말린것:10.0|멥쌀, 백미, 생것:30.0|밤, 생것:40.0",
D230006,백설기,떡류,떡류,130.0,,,"멥쌀떡, 백설기:130.0",
D230076,무화과소스를 곁들인 찹쌀구이떡,떡류,떡류,162.4,,,"레몬 착즙:3.0|무화과, 봉래시, 생것:40.0|생수:40.0|팥, 팥빙수용 단팥:5.0|강낭콩, 생것:6.0|달걀, 생것:12.0|크림, 생크림:10.0|팽창제, 베이킹파우더:0.4|설탕, 백설탕:19.0|찹쌀, 백미, 가루:20.0|무화과, 수입산, 말린것:7.0",
D230061,무지개떡(멥쌀),떡류,떡류,100.0,,,"멥쌀떡, 무지개떡:100.0",
D230065,모싯잎송편(동부),떡류,떡류,100.0,,,"멥쌀떡, 모싯잎송편, 동부(국내산):100.0",
D230069,모듬찰떡,떡류,떡류,100.0,,,"찹쌀떡, 모둠 찰떡:100.0",
D230075,메밀범벅,떡류,떡류,121.5,,,"포도, 건포도:5.0|요구르트, 호상, 플레인:30.0|설탕, 백설탕:6.0|소금, 천일염, 가는소금:0.5|메밀, 도정, 가루:10.0|고구마, 생것:70.0",
D230004,경단(카스텔라),떡류,떡류,130.0,,,"찹쌀떡, 경단 카스텔라:130.0",
D230060,가래떡(흑미),떡류,떡류,100.0,,,"멥쌀떡, 가래떡, 흑미:100.0",
D230003,개피떡(쑥),떡류,떡류,150.0,,,"멥쌀떡, 개피떡(바람떡):150.0",
D140089,함초김치,김치류,김치류,1150.0,,,"멸치 육수, 티백, 채소 포함:800.0|설탕, 가루:15.0|식초, 양조:15.0|유자청:30.0|오렌지 주스:50.0|간장, 개량, 양조:15.0|무, 조선무, 생것:100.0|양파, 생것:50.0|배추, 생것:50.0|갯나물, 퉁퉁마디(함초), 하우스, 생것:25.0",
D230002,개피떡,떡류,떡류,150.0,,,"멥쌀떡, 개피떡(바람떡):150.0",
D230001,가래떡,떡류,떡류,150.0,,,"멥쌀떡, 가래떡:150.0",
D140094,토마토김치,김치류,김치류,437.0,,새우,"새우, 젓갈:5.0|참기름:5.0|마늘, 다진것:15.0|참깨, 흰색, 볶은것:2.0|간장, 개량, 양조:15.0|매실청:10.0|고춧가루:15.0|배, 생것:40.0|바나나, 생것:40.0|고추, 빨간색, 생것:15.0|고추, 초록색, 녹광, 생것:15.0|양파, 생것:40.0|부추, 솔부추, 생것:20.0|토마토, 방울토마토, 생것:200.0",
D140087,풋고추 물김치,김치류,김치류,106.9,,새우,"새우, 젓새우, 젓갈:2.0|까나리, 액젓:3.0|설탕, 백설탕:2.0|소금, 천일염, 굵은소금:1.9|밀, 중력밀가루:2.0|생수:40.0|고추, 빨간색, 생것:2.0|파, 쪽파, 생것:4.0|무, 조선무, 생것:20.0|고추, 풋고추, 생것:30.0",
D140095,비트양파김치,김치류,김치류,521.0,,,"고추, 청양고추, 생것:7.0|생강청:30.0|비트, 뿌리, 생것:2.0|식초, 양조:30.0|소금, 천일염, 가는소금:2.0|생수:300.0|양파, 생것:150.0|고추, 청양고추, 생것:7.0|생강청:30.0|비트, 뿌리, 생것:2.0|식초, 양조:30.0|소금, 천일염, 가는소금:2.0|생수:300.0|양파, 생것:150.0",
D140086,콩나물물김치,김치류,김치류,122.8,,새우,"새우, 젓새우, 젓갈:4.0|생강, 뿌리줄기, 생것:1.0|마늘, 생것:3.0|배, 생것:20.0|양파, 생것:10.0|생수:40.0|소금, 천일염:0.8|고추, 빨간색, 생것:4.0|파, 쪽파, 생것:10.0|콩나물, 생것:30.0",
D140100,콜라비 깍두기,김치류,김치류,92.0,,,"소금, 천일염, 굵은소금:0.1|매실청:0.2|마늘, 생것:1.0|까나리, 액젓:1.0|고춧가루:4.0|양파, 생것:0.1|생강, 뿌리줄기, 생것:0.1|고추, 빨간색, 생것:0.5|파, 쪽파, 생것:5.0|콜라비, 생것:80.0",
D140097,치자연근물김치,김치류,김치류,377.0,,,"설탕, 가루:7.0|소금, 천일염, 가는소금:5.0|식초, 양조:15.0|생강청:30.0|치자꽃, 생것:15.0|마늘, 생것:12.0|고추, 빨간색, 생것:18.0|고추, 초록색, 녹광, 생것:15.0|미나리, 물미나리, 생것:20.0|당근, 뿌리, 생것:40.0|연근, 생것:200.0",
D140014,총각김치,김치류,김치류,40.0,,,"김치, 총각 김치:40.0|김치, 총각 김치:40.0|김치, 총각 김치:40.0|김치, 총각 김치:40.0|김치, 총각 김치:40.0",
D140092,저염동치미,김치류,김치류,352.0,,,"매실청:30.0|찹쌀, 백미, 가루:15.0|소금, 가공염, 퉁퉁마디(함초):2.0|마늘, 생것:10.0|고추, 빨간색, 생것:15.0|고추, 초록색, 녹광, 생것:20.0|파, 쪽파, 생것:10.0|무, 조선무, 생것:100.0|양파, 생것:25.0|사과, 생것:100.0|갯나물, 퉁퉁마디(함초), 하우스, 생것:25.0",
D140093,참외깍두기,김치류,김치류,374.0,,,"마늘, 다진것:5.0|참깨, 흰색, 볶은것:5.0|고춧가루:10.0|생강청:10.0|간장, 개량, 양조:15.0|미나리, 물미나리, 생것:20.0|파, 대파, 생것:15.0|고추, 빨간색, 생것:17.0|고추, 초록색, 녹광, 생것:17.0|양파, 생것:60.0|참외, 생것, 씨 제거:200.0",
D140085,죽순참외물김치,김치류,김치류,128.0,,,"고춧가루:2.0|새우, 젓새우, 젓갈:3.0|생강, 뿌리줄기, 생것:1.0|마늘, 생것:3.0|양파, 생것:8.0|생수:40.0|소금, 천일염:1.0|밀, 중력밀가루:2.0|고추, 빨간색, 생것:3.0|파, 쪽파, 생것:5.0|참외, 생것, 씨 제거:30.0|대나무순(죽순), 생것:30.0",
D140073,유채김치,김치류,김치류,100.0,,,"김치, 유채 김치:100.0",
D140074,유채 물김치,김치류,김치류,100.0,,,"김치, 유채 물김치:100.0",
D140083,열무김치,김치류,김치류,75.1,,,"찹쌀, 백미, 생것:1.0|다시마 육수:12.0|참깨, 검은색, 말린것:0.2|참깨, 흰색, 볶은것:0.5|소금, 천일염:0.4|설탕, 백설탕:2.0|양파, 생것:5.0|배, 생것:10.0|생강, 뿌리줄기, 생것:1.0|마늘, 생것:3.0|찹쌀, 백미, 생것:1.0|다시마 육수:12.0|참깨, 검은색, 말린것:0.2|참깨, 흰색, 볶은것:0.5|소금, 천일염:0.4|설탕, 백설탕:2.0|양파, 생것:5.0|배, 생것:10.0|생강, 뿌리줄기, 생것:1.0|마늘, 생것:3.0|까나리, 액젓:2.0|고춧가루:1.0|고추, 빨간색, 생것:4.0|소금, 천일염, 굵은소금:3.0|까나리, 액젓:2.0|열무, 생것:30.0|고춧가루:1.0|고추, 빨간색, 생것:4.0|소금, 천일염, 굵은소금:3.0|열무, 생것:30.0|찹쌀, 백미, 생것:1.0|다시마 육수:12.0|참깨, 검은색, 말린것:0.2|참깨, 흰색, 볶은것:0.5|소금, 천일염:0.4|설탕, 백설탕:2.0|양파, 생것:5.0|배, 생것:10.0|생강, 뿌리줄기, 생것:1.0|마늘, 생것:3.0|까나리, 액젓:2.0|고춧가루:1.0|고추, 빨간색, 생것:4.0|소금, 천일염, 굵은소금:3.0|열무, 생것:30.0",
D140084,오이소박이,김치류,김치류,134.0,,,"마늘, 생것:4.0|매실청:3.0|까나리, 액젓:3.0|양파, 생것:10.0|생수:50.0|소금, 천일염, 굵은소금:5.0|고춧가루:1.0|부추, 재래종, 생것:8.0|오이, 취청, 생것:50.0|마늘, 생것:4.0|매실청:3.0|까나리, 액젓:3.0|양파, 생것:10.0|생수:50.0|소금, 천일염, 굵은소금:5.0|고춧가루:1.0|부추, 재래종, 생것:8.0|오이, 취청, 생것:50.0",
D140072,열무 물김치,김치류,김치류,100.0,,,"김치, 열무 물김치:100.0",
D140070,양배추김치,김치류,김치류,80.0,,,"소금, 천일염:0.8|들깨, 볶은것:0.8|마늘, 생것:0.8|쑥갓, 생것:4.2|양배추, 생것:41.7|양파, 생것:8.3|오이, 다다기, 생것:16.7|파, 쪽파, 생것:2.5|참기름:0.8|간장, 재래:1.7|고춧가루:1.7|소금, 천일염:0.8|들깨, 볶은것:0.8|마늘, 생것:0.8|쑥갓, 생것:4.2|양배추, 생것:41.7|양파, 생것:8.3|오이, 다다기, 생것:16.7|파, 쪽파, 생것:2.5|참기름:0.8|간장, 재래:1.7|고춧가루:1.7",
D140075,얼갈이배추 김치,김치류,김치류,100.0,,,"김치, 얼갈이배추 김치:100.0",
D140082,시금치물김치,김치류,김치류,103.0,,,"고춧가루:2.0|소금, 천일염, 굵은소금:1.0|밀, 중력밀가루:2.0|생수:40.0|다시마, 말린것:1.0|멸치, 대멸치, 삶아서 말린것:2.0|고추, 빨간색, 생것:3.0|양파, 생것:8.0|생강, 뿌리줄기, 생것:1.0|마늘, 생것:3.0|시금치, 생것:40.0",
D140098,논우렁순무섞박지,김치류,김치류,505.0,,우유,"요구르트, 호상, 플레인:15.0|마늘, 다진것:15.0|간장, 개량, 양조:15.0|생강청:15.0|고춧가루:20.0|파, 대파, 생것:10.0|고추, 빨간색, 생것:15.0|고추, 초록색, 녹광, 생것:15.0|양파, 생것:60.0|미나리, 물미나리, 생것:25.0|우렁이, 논우렁이, 생것:100.0|콜라비, 생것:200.0|요구르트, 호상, 플레인:15.0|마늘, 다진것:15.0|간장, 개량, 양조:15.0|생강청:15.0|고춧가루:20.0|파, 대파, 생것:10.0|고추, 빨간색, 생것:15.0|고추, 초록색, 녹광, 생것:15.0|양파, 생것:60.0|미나리, 물미나리, 생것:25.0|우렁이, 논우렁이, 생것:100.0|콜라비, 생것:200.0",
D140069,부추김치,김치류,김치류,50.0,,,"소금, 천일염:0.8|멸치, 젓갈:0.8|마늘, 생것:0.8|고춧가루:2.5|파, 쪽파, 생것:4.1|부추, 재래종, 생것:41.0|소금, 천일염:0.8|멸치, 젓갈:0.8|마늘, 생것:0.8|고춧가루:2.5|파, 쪽파, 생것:4.1|부추, 재래종, 생것:41.0",
D140101,비타 오이 물김치,김치류,김치류,225.0,,,"생수:10.0|설탕, 가루:5.0|고춧가루:10.0|배, 생것:30.0|식초, 사과식초:30.0|미나리, 물미나리, 생것:10.0|당근, 뿌리, 생것:20.0|파프리카, 노란색, 생것:20.0|고추, 빨간색, 생것:10.0|무, 조선무, 생것:50.0|오이, 다다기, 생것:30.0",
D140009,보쌈김치,김치류,김치류,74.0,,잣,"잣, 볶은것:2.0|대추, 말린것:2.0|밤, 생것:10.0|배, 신고, 생것:20.0|김치, 배추 김치:40.0",
D051253,백김치맑은국,국(탕)류,맑은국류,25.5,,,"마늘, 생것:0.5|다시마, 말린것:1.0|파, 대파, 생것:2.0|멸치, 대멸치, 삶아서 말린것:2.0|무, 조선무, 생것:10.0|김치, 백김치:10.0|마늘, 생것:0.5|다시마, 말린것:1.0|파, 대파, 생것:2.0|멸치, 대멸치, 삶아서 말린것:2.0|무, 조선무, 생것:10.0|김치, 백김치:10.0|마늘, 생것:0.5|다시마, 말린것:1.0|파, 대파, 생것:2.0|멸치, 대멸치, 삶아서 말린것:2.0|무, 조선무, 생것:10.0|김치, 백김치:10.0",
D140044,배추김치,김치류,김치류,35.0,,,"김치, 배추 김치:35.0|김치, 배추 김치:35.0",
D140102,배 깍두기,김치류,김치류,431.0,,,"마늘, 생것:3.0|까나리, 액젓:15.0|고춧가루:8.0|파, 쪽파, 생것:5.0|배, 신고, 생것:400.0",
D140081,무소박이,김치류,김치류,200.2,,,"까나리, 액젓:3.0|새우, 젓새우, 젓갈:3.0|소금, 천일염:1.2|대추, 말린것:5.0|밤, 생것:10.0|마늘, 생것:6.0|생강, 뿌리줄기, 생것:2.0|배, 생것:40.0|파, 쪽파, 생것:10.0|무, 조선무, 생것:80.0|배추, 생것:40.0",
D140076,무생채,김치류,김치류,261.0,,,"소금, 천일염:2.0|고춧가루:4.0|참깨, 흰색, 볶은것:4.0|새우, 젓새우, 젓갈:23.0|설탕, 백설탕:6.0|마늘, 생것:14.0|파, 대파, 생것:8.0|무, 조선무, 생것:200.0",
D140091,매실동치미,김치류,김치류,188.0,,,"고추, 청양고추, 생것:10.0|생강청:15.0|매실청:30.0|소금, 가공염, 퉁퉁마디(함초):3.0|배, 생것:30.0|사과, 생것:25.0|연근, 생것:25.0|무, 조선무, 생것:50.0",
D051132,동치미 들깨 무국,국(탕)류,맑은국류,241.0,,,"들깨, 볶은것:3.0|소금, 천일염, 가는소금:1.0|다시마, 말린것:2.0|멸치, 대멸치, 삶아서 말린것:5.0|생수:180.0|파, 대파, 생것:10.0|무 절임, 단무지:40.0|들깨, 볶은것:3.0|소금, 천일염, 가는소금:1.0|다시마, 말린것:2.0|멸치, 대멸치, 삶아서 말린것:5.0|생수:180.0|파, 대파, 생것:10.0|무 절임, 단무지:40.0|들깨, 볶은것:3.0|소금, 천일염, 가는소금:1.0|다시마, 말린것:2.0|멸치, 대멸치, 삶아서 말린것:5.0|생수:180.0|파, 대파, 생것:10.0|무 절임, 단무지:40.0|들깨, 볶은것:3.0|소금, 천일염, 가는소금:1.0|다시마, 말린것:2.0|멸치, 대멸치, 삶아서 말린것:5.0|생수:180.0|파, 대파, 생것:10.0|무 절임, 단무지:40.0",
D140005,나박김치,김치류,김치류,40.0,,,"김치, 나박 김치:40.0|김치, 나박 김치:40.0|김치, 나박 김치:40.0",
D140003,깍두기,김치류,김치류,40.0,,,"김치, 깍두기:40.0",
D051320,황태채사골만두국,국(탕)류,맑은국류,87.0,,,"마늘, 생것:1.0|김, 참김, 말린것:1.0|간장, 개량, 양조:1.0|소금, 천일염, 가는소금:1.0|파, 대파, 생것:2.0|명태, 황태, 포, 말린것:3.0|들기름:3.0|양지국물:10.0|달걀, 생것:15.0|만두, 물만두:50.0",
D051227,황태미역국,국(탕)류,맑은국류,19.3,,,"소금, 천일염:0.3|마늘, 다진것:1.0|다시마, 말린것:1.0|참기름:1.0|간장, 개량, 양조:1.0|미역, 말린것:5.0|명태, 황태, 포, 말린것:10.0",
D140080,늙은 호박 김치,김치류,김치류,91.2,,,"마늘, 생것:5.0|멸치, 액젓:2.0|새우, 젓새우, 젓갈:2.0|고춧가루:2.0|소금, 천일염:0.2|감자, 대지, 생것:20.0|파, 쪽파, 생것:10.0|호박, 늙은호박, 생것:30.0|배추, 생것:20.0",
D051085,홍합국,국(탕)류,맑은국류,454.0,,,"소금, 천일염, 가는소금:1.0|마늘, 생것:1.0|참기름:2.0|간장, 재래:2.0|멸치 육수:3.0|파, 대파, 생것:5.0|담치, 참담치(홍합), 생것:40.0",
D140002,고들빼기김치,김치류,김치류,40.0,,,"김치, 고들빼기:40.0",https://www.nongsaro.go.kr/cms_contents/mgnNew/978-89-480-5845-1/978-89-480-5845-1_B_053.jpg
D140099,고구마 김치,김치류,김치류,44.3,,,"참깨, 흰색, 볶은것:0.5|새우, 젓갈:0.5|마늘, 생것:1.0|과당:0.5|고춧가루:0.8|고추, 빨간색, 생것:1.0|미나리, 물미나리, 생것:5.0|고구마, 생것:35.0|참깨, 흰색, 볶은것:0.5|새우, 젓갈:0.5|마늘, 생것:1.0|과당:0.5|고춧가루:0.8|고추, 빨간색, 생것:1.0|미나리, 물미나리, 생것:5.0|고구마, 생것:35.0",
D051228,황태해장국,국(탕)류,맑은국류,57.8,,,"소금, 천일염:0.3|다시마, 말린것:1.0|참기름:1.0|마늘, 다진것:1.5|파, 대파, 생것:2.0|간장, 개량, 양조:2.0|명태, 황태, 포, 말린것:10.0|달걀, 생것:10.0|무, 조선무, 생것:30.0",
D051321,황태콩나물해장국,국(탕)류,맑은국류,72.8,,,"소금, 천일염:0.3|다시마, 말린것:1.0|참기름:1.0|마늘, 다진것:1.5|파, 대파, 생것:2.0|간장, 개량, 양조:2.0|명태, 황태, 포, 말린것:10.0|달걀, 생것:10.0|콩나물, 생것:15.0|무, 조선무, 생것:30.0",
D051166,황태채국,국(탕)류,맑은국류,16.1,,,"명태, 황태, 포, 말린것:0.1|마늘, 생것:1.0|달걀, 생것:1.0|소금, 천일염, 가는소금:1.0|표고버섯, 배지재배, 생것:2.0|간장, 개량, 양조:2.0|무, 조선무, 생것:3.0|파, 대파, 생것:3.0|들기름:3.0",
D140096,더덕비트물김치,김치류,김치류,220.0,,,"생강청:30.0|소금, 가공염, 퉁퉁마디(함초):5.0|비트, 뿌리, 생것:20.0|식초, 양조:25.0|고추, 빨간색, 생것:15.0|고추, 초록색, 녹광, 생것:15.0|양파, 생것:60.0|더덕, 뿌리, 생것:50.0",
D140004,깻잎김치,김치류,김치류,18.0,,,"설탕, 백설탕:1.0|생강, 뿌리줄기, 생것:1.0|멸치, 액젓:1.0|마늘, 생것:1.0|고춧가루:1.0|간장, 개량, 양조:1.0|참깨, 흰색, 볶은것:2.0|들깻잎, 생것:10.0",
D051226,황태달걀국,국(탕)류,맑은국류,87.8,,,"소금, 천일염:0.3|다시마, 말린것:1.0|참기름:1.0|마늘, 다진것:1.5|파, 대파, 생것:2.0|간장, 개량, 양조:2.0|명태, 황태, 포, 말린것:10.0|달걀, 생것:30.0|무, 조선무, 생것:40.0",
D140079,고추소박이김치,김치류,김치류,95.3,,,"소금, 천일염, 가는소금:0.3|참깨, 흰색, 볶은것:1.0|생수:25.0|밀, 중력밀가루:2.0|생강, 뿌리줄기, 생것:2.0|까나리, 액젓:2.0|매실청:4.0|새우, 젓새우, 젓갈:2.0|마늘, 생것:4.0|고춧가루:1.0|파프리카, 빨간색, 생것:4.0|파프리카, 노란색, 생것:4.0|파, 쪽파, 생것:4.0|배, 생것:8.0|무, 조선무, 생것:12.0|고추, 오이고추, 생것:20.0",
D051165,황태뭇국,국(탕)류,맑은국류,52.5,,대두(콩),"간장, 개량, 양조:0.5|소금, 천일염, 가는소금:0.5|마늘, 생것:1.0|양파, 생것:1.0|새우, 꽃새우, 삶아서 말린것:1.0|멸치, 대멸치, 삶아서 말린것:1.0|다시마, 말린것:1.0|참기름:1.0|고춧가루:1.0|파, 대파, 생것:2.0|표고버섯, 배지재배, 생것:2.5|무, 조선무, 생것:20.0|명태, 황태, 포, 말린것:20.0",
D051086,홍합국(무),국(탕)류,맑은국류,484.0,,,"소금, 천일염, 가는소금:1.0|마늘, 생것:1.0|참기름:2.0|간장, 재래:2.0|멸치 육수:3.0|파, 대파, 생것:5.0|무, 조선무, 생것:30.0|담치, 참담치(홍합), 생것:40.0",
D140088,고추김치,김치류,김치류,291.0,,,"참깨, 흰색, 볶은것:1.0|생강청:15.0|고춧가루:15.0|무, 조선무, 생것:20.0|연근, 생것:20.0|부추, 솔부추, 생것:20.0|간장, 개량, 양조:10.0|다랑어, 가다랑어 육수:30.0|고추, 오이고추, 생것:160.0",
D140090,가지겉절이,김치류,김치류,452.0,,,"식초, 양조:10.0|고춧가루:10.0|매실청:10.0|참깨, 흰색, 볶은것:7.0|마늘, 다진것:5.0|생강청:15.0|고추장, 개량:15.0|간장, 개량, 양조:15.0|고추, 빨간색, 생것:15.0|고추, 초록색, 녹광, 생것:15.0|파, 대파, 생것:25.0|양파, 생것:60.0|가지, 생것:250.0",
D051225,홍합살무국,국(탕)류,맑은국류,71.0,,,"고추, 빨간색, 생것:1.0|고추, 청양고추, 생것:1.0|소금, 천일염, 가는소금:1.0|파, 대파, 생것:2.0|다시마, 말린것:2.0|마늘, 생것:4.0|무, 조선무, 생것:30.0|담치, 참담치(홍합), 생것:30.0",
D051146,홍합 배춧국,국(탕)류,맑은국류,436.3,,,"생수:300.0|소금, 천일염, 가는소금:0.3|고추, 빨간색, 생것:1.0|파, 대파, 생것:3.0|마늘, 생것:2.0|무, 조선무, 생것:30.0|배추, 생것:50.0|담치, 참담치(홍합), 생것:50.0",
D051223,홍게달걀국,국(탕)류,맑은국류,124.0,,,"멸치, 대멸치, 삶아서 말린것:1.0|다시마, 말린것:1.0|소금, 천일염, 가는소금:1.0|파, 대파, 생것:3.0|양파, 생것:8.0|달걀, 생것:20.0|두부, 순두부:40.0|게, 붉은대게, 생것:50.0",
D051084,"호박국(새우젓, 젓새우젓)",국(탕)류,맑은국류,491.0,,,"마늘, 생것:1.0|양파, 데친것:10.0|새우, 젓새우, 생것:10.0|호박, 애호박, 데친것:70.0",
D140001,갓김치,김치류,김치류,40.0,,,"김치, 갓김치:40.0",
D051136,효종갱,국(탕)류,맑은국류,630.0,,,"생수:300.0|간장, 개량, 양조:10.0|마늘, 생것:10.0|양파, 생것:40.0|소고기, 한우(1++등급), 갈비, 생것:50.0|소고기, 한우(1++등급), 양지, 생것:50.0|전복, 북방전복, 생것:100.0|표고버섯, 배지재배, 생것:20.0|느타리버섯, 생것:20.0|무, 조선무, 생것:10.0|배추, 생것:20.0",
D051139,황태두부무국,국(탕)류,맑은국류,240.0,,,"파, 대파, 생것:7.0|간장, 개량, 양조:7.0|후추, 흰색, 가루:1.0|파, 쪽파, 생것:10.0|고추, 빨간색, 생것:15.0|고추, 초록색, 녹광, 생것:20.0|무, 조선무, 생것:100.0|두부:50.0|명태, 황태, 포, 말린것:30.0",
D051224,홍합미역국,국(탕)류,맑은국류,28.0,,,"까나리, 액젓:1.0|소금, 천일염, 소금꽃:1.0|후추, 흰색, 가루:1.0|간장, 개량, 양조:2.0|미역, 말린것:3.0|담치, 참담치(홍합), 생것:20.0",
D051300,애호박새우젓국,국(탕)류,맑은국류,64.5,,,"마늘, 생것:0.5|파, 대파, 생것:1.0|새우, 젓갈, 토굴육젓:1.0|새우, 꽃새우, 삶아서 말린것:2.0|들기름:5.0|두부:15.0|호박, 애호박, 생것:40.0|마늘, 생것:0.5|파, 대파, 생것:1.0|새우, 젓갈, 토굴육젓:1.0|새우, 꽃새우, 삶아서 말린것:2.0|들기름:5.0|두부:15.0|호박, 애호박, 생것:40.0",
D051083,"호박국(새우젓, 육젓)",국(탕)류,맑은국류,508.0,,,"마늘, 생것:1.0|참기름:2.0|파, 대파, 생것:5.0|양파, 데친것:20.0|새우, 젓갈, 토굴육젓:10.0|호박, 애호박, 데친것:70.0",
D051332,편수(유두절),국(탕)류,맑은국류,145.7,,,"후추, 검은색, 가루:0.2|설탕, 백설탕:0.5|잣, 생것:1.0|다시마, 말린것:1.0|간장, 개량, 양조:1.0|마늘, 다진것:2.0|달걀, 부침(달걀프라이):10.0|표고버섯, 배지재배, 생것:20.0|밀, 중력밀가루:20.0|오이, 취청, 생것:25.0|호박, 애호박, 생것:25.0|소고기, 한우, 등심, 생것:40.0",
D051150,토란국,국(탕)류,맑은국류,46.71,,,"후추, 검은색, 가루:0.01|소금, 천일염, 소금꽃:0.1|마늘, 생것:0.2|간장, 재래:0.2|파, 대파, 생것:0.3|참기름:0.4|다시마, 말린것:0.5|멸치, 대멸치, 삶아서 말린것:1.0|소고기, 한우, 양지, 생것:7.0|무, 조선무, 생것:10.0|토란, 생것:12.0|두부:15.0|후추, 검은색, 가루:0.01|소금, 천일염, 소금꽃:0.1|마늘, 생것:0.2|간장, 재래:0.2|파, 대파, 생것:0.3|참기름:0.4|다시마, 말린것:0.5|멸치, 대멸치, 삶아서 말린것:1.0|소고기, 한우, 양지, 생것:7.0|무, 조선무, 생것:10.0|토란, 생것:12.0|두부:15.0",
D051135,해물 굴림 만둣국,국(탕)류,맑은국류,559.6,,,"생수:300.0|참기름:4.0|참깨, 흰색, 볶은것:1.0|간장, 개량, 양조:7.0|마늘, 생것:4.0|전분, 감자, 가루:18.0|후추, 검은색, 가루:0.1|소금, 천일염, 가는소금:1.5|간장, 개량, 산분해:7.0|달걀, 생것:20.0|생강, 뿌리줄기, 생것:1.0|파, 대파, 생것:6.0|부추, 산부추, 생것:30.0|오징어, 생것:50.0|새우, 중하, 생것:30.0|두부:80.0",
D051307,팽이버섯유부국,국(탕)류,맑은국류,57.03,,,"소금, 천일염:0.03|파, 대파, 생것:2.0|팽이버섯, 생것:15.0|무, 조선무, 생것:20.0|두부, 유부:20.0",
D051082,팟국(고추장),국(탕)류,맑은국류,508.0,,,"소금, 천일염, 가는소금:1.0|참기름:2.0|멸치 육수:3.0|마늘, 생것:3.0|양파, 데친것:10.0|달걀, 삶은것:30.0|콩나물, 삶은것:50.0|고추장, 개량:4.0|파, 대파, 생것:5.0",
D051140,토마토맑은장국,국(탕)류,맑은국류,435.0,,,"팽이버섯, 생것:5.0|배추, 생것:25.0|시금치, 생것:30.0|닭 육수:250.0|미소:25.0|토마토, 방울토마토, 생것:100.0",
D051141,토마토돼지고기해장국,국(탕)류,맑은국류,486.7,,,"후추, 흰색, 가루:0.1|설탕, 가루:2.5|바질, 잎, 생것:0.1|마늘, 다진것:5.0|표고버섯, 배지재배, 생것:3.0|파, 대파, 생것:10.0|다시마, 말린것:3.0|무, 조선무, 생것:20.0|토마토, 방울토마토, 생것:60.0|돼지고기, 사태, 생것:60.0|토마토, 생것:250.0|고추, 청양고추, 생것:3.0|양파, 생것:70.0",
D051076,콩나물국(무),국(탕)류,맑은국류,527.0,,,"마늘, 생것:1.0|고추, 빨간색, 생것:1.0|간장, 재래:1.0|파, 쪽파, 생것:2.0|소금, 천일염, 가는소금:2.0|멸치 육수:50.0|무, 조선무, 생것:30.0|콩나물, 삶은것:40.0",
D051305,청양건새우무국,국(탕)류,맑은국류,56.2,,,"소금, 천일염:0.2|마늘, 다진것:1.0|고추, 청양고추, 생것:1.0|새우, 보리새우, 생것:2.0|간장, 개량, 양조:2.0|멸치, 대멸치, 삶아서 말린것:5.0|다시마, 말린것:5.0|양파, 생것:10.0|무, 조선무, 생것:30.0",
D051268,애호박양파국,국(탕)류,맑은국류,33.6,,,"마늘, 생것:0.3|소금, 천일염, 가는소금:0.3|다시마, 말린것:1.0|파, 대파, 생것:2.0|멸치, 대멸치, 삶아서 말린것:2.0|양파, 생것:3.0|무, 조선무, 생것:10.0|호박, 애호박, 생것:15.0|마늘, 생것:0.3|소금, 천일염, 가는소금:0.3|다시마, 말린것:1.0|파, 대파, 생것:2.0|멸치, 대멸치, 삶아서 말린것:2.0|양파, 생것:3.0|무, 조선무, 생것:10.0|호박, 애호박, 생것:15.0",
D051306,팽이버섯달걀국,국(탕)류,맑은국류,89.7,,,"맛술:0.1|후추, 검은색, 가루:0.1|참기름:0.5|고추, 빨간색, 생것:1.0|고추, 청양고추, 생것:1.0|다시마, 말린것:2.0|소금, 천일염, 소금꽃:2.0|파, 대파, 생것:3.0|양파, 생것:10.0|팽이버섯, 생것:20.0|달걀, 생것:50.0",
D051221,팽이맑은국,국(탕)류,맑은국류,46.0,,,"마늘, 생것:0.5|소금, 천일염, 가는소금:0.5|다시마, 말린것:1.0|파, 대파, 생것:2.0|멸치, 대멸치, 삶아서 말린것:2.0|양파, 생것:5.0|팽이버섯, 생것:15.0|무, 조선무, 생것:20.0",
D051167,가지양팟국,국(탕)류,맑은국류,15.9,,,"소금, 천일염, 가는소금:0.1|마늘, 생것:0.2|간장, 개량, 양조:0.2|다시마, 말린것:0.4|멸치, 대멸치, 삶아서 말린것:2.0|양파, 생것:6.5|가지, 생것:6.5|소금, 천일염, 가는소금:0.1|마늘, 생것:0.2|간장, 개량, 양조:0.2|다시마, 말린것:0.4|멸치, 대멸치, 삶아서 말린것:2.0|양파, 생것:6.5|가지, 생것:6.5",
D051078,콩나물국(소고기),국(탕)류,맑은국류,548.0,,,"참기름:2.0|소금, 천일염, 가는소금:2.0|마늘, 생것:2.0|간장, 재래:3.0|파, 대파, 생것:4.0|무, 조선무, 생것:30.0|소고기, 한우, 양지, 삶은것:15.0|콩나물, 삶은것:40.0",
D051073,콩나물국(고춧가루),국(탕)류,맑은국류,438.0,,,"소금, 천일염, 가는소금:2.0|마늘, 생것:2.0|간장, 재래:3.0|파, 대파, 생것:4.0|멸치 육수:5.0|무, 조선무, 생것:30.0|고춧가루:2.0|콩나물, 삶은것:40.0",
D051074,"콩나물국(고춧가루, 소고기)",국(탕)류,맑은국류,550.0,,,"소금, 천일염, 가는소금:1.0|마늘, 생것:2.0|파, 대파, 생것:4.0|간장, 재래:6.0|무, 조선무, 생것:30.0|소고기, 한우, 양지, 삶은것:15.0|고춧가루:2.0|콩나물, 삶은것:40.0",
D051275,청경채맑은국,국(탕)류,맑은국류,18.6,,,"마늘, 생것:0.3|파, 대파, 생것:0.3|다시마, 말린것:0.3|멸치, 대멸치, 삶아서 말린것:0.7|간장, 개량, 양조:2.0|청경채, 생것:15.0",
D051274,채소닭고기국,국(탕)류,맑은국류,50.0,,,"마늘, 생것:0.5|참기름:0.5|간장, 개량, 양조:0.5|소금, 천일염, 가는소금:0.5|다시마, 말린것:1.0|파, 대파, 생것:2.0|당근, 뿌리, 생것:5.0|무, 조선무, 생것:5.0|양배추, 생것:10.0|닭고기, 살코기, 생것:25.0",
D051273,조개살미역국,국(탕)류,맑은국류,16.0,,,"소금, 천일염, 소금꽃:1.0|간장, 개량, 양조:2.0|미역, 생것:3.0|조개, 살조개, 생것:10.0",
D051164,유부파국,국(탕)류,맑은국류,7.2,,,"소금, 천일염:0.2|다시마, 말린것:1.0|파, 쪽파, 생것:3.0|두부, 유부:3.0",
D051216,유부어묵국,국(탕)류,맑은국류,84.03,,,"소금, 천일염:0.03|파, 대파, 생것:2.0|두부, 유부:2.0|무, 조선무, 생것:20.0|어묵:30.0|어묵 국물:30.0",
D051077,콩나물국(북어),국(탕)류,맑은국류,467.0,,,"소금, 천일염, 가는소금:1.0|간장, 재래:2.0|파, 대파, 생것:3.0|참기름:3.0|마늘, 생것:3.0|명태, 북어, 말린것:25.0|콩나물, 삶은것:30.0",
D051075,콩나물국(김치),국(탕)류,맑은국류,481.0,,,"소금, 천일염, 가는소금:1.0|마늘, 생것:2.0|멸치 육수:3.0|파, 쪽파, 생것:5.0|김치, 배추 김치:40.0|콩나물, 삶은것:30.0",
D052128,시래기콩나물국,국(탕)류,된장국류,43.0,,,"마늘, 생것:0.2|파, 대파, 생것:0.3|다시마, 말린것:0.5|멸치, 대멸치, 삶아서 말린것:1.0|양파, 생것:3.0|된장, 개량:3.0|콩나물, 생것:15.0|무청, 시래기, 말린것, 삶은것:20.0|마늘, 생것:0.2|파, 대파, 생것:0.3|다시마, 말린것:0.5|멸치, 대멸치, 삶아서 말린것:1.0|양파, 생것:3.0|된장, 개량:3.0|콩나물, 생것:15.0|무청, 시래기, 말린것, 삶은것:20.0",
D051220,참치미역국,국(탕)류,맑은국류,52.01,,,"소금, 천일염, 소금꽃:0.01|마늘, 생것:1.0|까나리, 액젓:1.0|참기름:1.0|미역, 생것:4.0|간장, 개량, 양조:5.0|다랑어, 가다랑어, 통조림, 유지:40.0",
D051213,온청포묵국,국(탕)류,맑은국류,116.0,,,"마늘, 생것:0.5|김, 김밥용김, 말린것:0.5|간장, 재래:0.5|참기름:1.5|멸치, 대멸치, 삶아서 말린것:2.0|파, 대파, 생것:3.0|김치, 배추 김치:8.0|녹두묵:100.0",
D051134,옥수수 감자 옹심이,국(탕)류,맑은국류,635.2,,,"소금, 천일염, 가는소금:2.2|전분, 감자, 가루:15.0|파, 대파, 생것:8.0|마늘, 생것:3.0|생수:300.0|다시마, 말린것:2.0|멸치, 대멸치, 삶아서 말린것:9.0|고추, 빨간색, 생것:3.0|고추, 초록색, 녹광, 생것:3.0|감자, 대지, 생것:150.0|옥수수, 순, 생것:140.0",
D051280,게맛살연두부국,국(탕)류,맑은국류,103.0,,밀,"전분, 감자, 가루:1.0|참기름:1.0|소금, 천일염, 소금꽃:1.0|새우, 대하, 말린것:5.0|팽이버섯, 생것:15.0|게맛살, 어육함량이 낮은것:20.0|두부, 연두부:60.0|전분, 감자, 가루:1.0|참기름:1.0|소금, 천일염, 소금꽃:1.0|새우, 대하, 말린것:5.0|팽이버섯, 생것:15.0|게맛살, 어육함량이 낮은것:20.0|두부, 연두부:60.0",
D051219,조개맑은국,국(탕)류,맑은국류,43.6,,,"후추, 흰색, 가루:0.1|고추, 빨간색, 생것:0.5|고추, 청양고추, 생것:0.5|소금, 천일염, 소금꽃:0.5|마늘, 다진것:1.0|다시마, 말린것:1.0|조개, 가무락조개, 생것:40.0",
D051218,전복미역국,국(탕)류,맑은국류,29.5,,,"마늘, 생것:0.5|간장, 개량, 양조:1.0|소금, 천일염, 가는소금:1.0|참기름:2.0|미역, 생것:5.0|전복, 둥근전복, 생것:20.0",
D051318,잘게썬오징어뭇국,국(탕)류,맑은국류,34.6,,,"후추, 흰색, 가루:0.1|마늘, 생것:0.5|다시마, 말린것:0.8|멸치, 대멸치, 삶아서 말린것:1.2|간장, 재래:2.0|파, 대파, 생것:3.0|무, 조선무, 생것:10.0|오징어, 생것:17.0",
D051317,얼큰청양콩나물국,국(탕)류,맑은국류,43.9,,,"소금, 천일염, 가는소금:0.1|고춧가루:0.3|마늘, 생것:0.5|고추, 청양고추, 생것:1.0|멸치, 대멸치, 삶아서 말린것:1.0|다시마, 말린것:1.0|파, 대파, 생것:5.0|콩나물, 생것:35.0",
D051068,어묵국(쑥갓),국(탕)류,맑은국류,528.0,,,"참기름:2.0|소금, 천일염, 가는소금:2.0|마늘, 생것:2.0|간장, 재래:3.0|파, 대파, 생것:4.0|양파, 데친것:10.0|쑥갓, 데친것:20.0|어묵:85.0",
D051163,왕만두국,국(탕)류,맑은국류,168.0,,,"마늘, 다진것:1.0|참기름:1.0|소금, 구운소금:1.0|파, 대파, 생것:5.0|양파, 생것:10.0|멸치 육수:50.0|만두, 고기 만두, 냉동:100.0",
D051303,오징어콩나물국,국(탕)류,맑은국류,57.9,,,"소금, 천일염, 가는소금:0.1|고춧가루:0.3|마늘, 생것:0.5|멸치, 대멸치, 삶아서 말린것:1.0|다시마, 말린것:1.0|파, 대파, 생것:5.0|콩나물, 생것:20.0|오징어, 생것:30.0",
D051131,오징어국,국(탕)류,맑은국류,1995.0,,,"마늘, 생것:8.0|고춧가루:5.0|소금, 천일염, 가는소금:12.0|파, 쪽파, 생것:20.0|무, 조선무, 생것:150.0|오징어, 생것:200.0",
D051314,새우연두부달걀국,국(탕)류,맑은국류,176.0,,,"양파, 생것:1.0|멸치, 대멸치, 삶아서 말린것:1.0|다시마, 말린것:1.0|파, 쪽파, 생것:5.0|소금, 천일염, 가는소금:8.0|무, 조선무, 생것:10.0|달걀, 생것:20.0|새우, 꽃새우, 생것:50.0|두부, 순두부:80.0|양파, 생것:1.0|멸치, 대멸치, 삶아서 말린것:1.0|다시마, 말린것:1.0|파, 쪽파, 생것:5.0|소금, 천일염, 가는소금:8.0|무, 조선무, 생것:10.0|달걀, 생것:20.0|새우, 꽃새우, 생것:50.0|두부, 순두부:80.0",
D051319,조개순두부맑은국,국(탕)류,맑은국류,111.6,,,"마늘, 생것:0.6|고추, 빨간색, 생것:2.0|고추, 풋고추, 생것:2.0|파, 대파, 생것:2.0|간장, 개량, 양조:2.0|새우, 젓갈:3.0|조개, 살조개, 생것:10.0|두부, 순두부:90.0",
D051304,제주도식해장국,국(탕)류,맑은국류,79.5,,,"소금, 천일염, 가는소금:0.5|마늘, 생것:1.0|간장, 개량, 양조:1.0|고춧가루:1.0|파, 대파, 생것:3.0|당면, 고구마, 말린것:3.0|소 부산물, 선지(피), 생것:10.0|소고기, 한우, 양지, 생것:10.0|배추, 얼갈이배추, 생것:20.0|콩나물, 생것:30.0",
D051272,전복살미역국,국(탕)류,맑은국류,19.0,,,"마늘, 생것:1.0|참기름:1.0|소금, 천일염:1.0|간장, 개량, 양조:2.0|미역, 말린것:4.0|전복, 둥근전복, 생것:10.0",
D051217,재첩미역국,국(탕)류,맑은국류,29.0,,,"들기름:1.0|후추, 흰색, 가루:1.0|간장, 개량, 양조:2.0|소금, 천일염, 소금꽃:2.0|미역, 말린것:3.0|재첩, 생것:20.0",
D051071,재첩국,국(탕)류,맑은국류,483.0,,,"파, 쪽파, 생것:2.0|발효주, 청주, 알코올 16%:2.0|소금, 천일염, 가는소금:2.0|마늘, 생것:2.0|쑥갓, 데친것:5.0|두부:20.0|재첩, 생것:50.0",
D051215,유부맑은국,국(탕)류,맑은국류,35.5,,대두(콩),"간장, 개량, 양조:0.5|다시마, 말린것:1.0|파, 대파, 생것:2.0|멸치, 대멸치, 삶아서 말린것:2.0|무, 조선무, 생것:15.0|두부, 유부:15.0",
D051214,유부당면국,국(탕)류,맑은국류,21.52,,,"후추, 검은색, 가루:0.02|마늘, 생것:0.5|다시마, 말린것:1.0|간장, 개량, 양조:1.0|파, 대파, 생것:2.0|멸치, 대멸치, 삶아서 말린것:2.0|당면, 고구마, 말린것:5.0|두부, 유부:10.0",
D051070,유부국,국(탕)류,맑은국류,478.0,,대두(콩),"콩기름:1.0|소금, 천일염, 가는소금:1.0|마늘, 생것:2.0|간장, 재래:2.0|파, 쪽파, 생것:10.0|소고기, 한우, 양지, 삶은것:20.0|무, 조선무, 생것:40.0|두부, 유부:2.0",
D051331,와각탕(모시조개탕),국(탕)류,맑은국류,58.6,,,"후추, 흰색, 가루:0.1|고추, 빨간색, 생것:0.5|고추, 청양고추, 생것:0.5|소금, 천일염, 소금꽃:0.5|마늘, 다진것:1.0|다시마, 말린것:1.0|파, 대파, 생것:5.0|조개, 가무락조개, 생것:50.0",
D051069,오징엇국,국(탕)류,맑은국류,484.0,,,"조미료, 쇠고기맛, 가루:1.0|고춧가루:1.0|소금, 천일염, 가는소금:2.0|마늘, 생것:2.0|파, 대파, 생것:3.0|무, 조선무, 생것:35.0|오징어, 구운것:40.0",
D051161,얼큰무국,국(탕)류,맑은국류,56.5,,,"고추, 빨간색, 생것:0.5|멸치, 액젓:0.5|간장, 개량, 양조:0.5|마늘, 다진것:1.0|고추, 청양고추, 생것:1.0|다시마, 말린것:1.0|파, 대파, 생것:2.0|무, 조선무, 생것:50.0",
D051067,어묵국(무),국(탕)류,맑은국류,528.0,,,"참기름:2.0|소금, 천일염, 가는소금:2.0|마늘, 생것:2.0|간장, 재래:3.0|파, 대파, 생것:4.0|양파, 데친것:10.0|무, 조선무, 생것:20.0|어묵:85.0",
D051066,어묵국(멸치),국(탕)류,맑은국류,514.0,,,"소금, 천일염, 가는소금:1.0|마늘, 생것:1.0|간장, 재래:2.0|파, 쪽파, 생것:5.0|양파, 생것:10.0|무, 조선무, 생것:70.0|멸치 육수:5.0|어묵:20.0",
D051278,건새우시금치국,국(탕)류,맑은국류,47.5,,,"마늘, 생것:0.5|다시마, 말린것:1.0|파, 대파, 생것:2.0|된장, 개량:4.0|새우, 보리새우, 생것:10.0|무, 조선무, 생것:15.0|시금치, 생것:15.0|마늘, 생것:0.5|다시마, 말린것:1.0|파, 대파, 생것:2.0|된장, 개량:4.0|새우, 보리새우, 생것:10.0|무, 조선무, 생것:15.0|시금치, 생것:15.0",
D051297,송이버섯미역국,국(탕)류,맑은국류,24.7,,대두(콩),"간장, 재래:0.3|참기름:0.4|마늘, 생것:0.5|다시마, 말린것:0.5|멸치, 대멸치, 삶아서 말린것:1.0|미역, 생것:2.0|송이버섯, 생것:20.0",
D051262,소고기숙주국,국(탕)류,맑은국류,43.5,,,"마늘, 생것:0.5|간장, 재래:0.5|소금, 천일염, 가는소금:0.5|파, 대파, 생것:1.0|멸치, 대멸치, 삶아서 말린것:1.0|양파, 생것:5.0|소고기, 한우, 양지, 생것:15.0|숙주나물, 생것:20.0",
D051258,소고기당면국,국(탕)류,맑은국류,68.0,,,"마늘, 생것:1.0|간장, 개량, 양조:1.0|소금, 천일염, 가는소금:1.0|파, 대파, 생것:2.0|참기름:3.0|무, 조선무, 생것:10.0|당면, 고구마, 말린것:20.0|소고기, 한우, 양지, 생것:30.0",
D051298,시금치콩나물국,국(탕)류,맑은국류,80.0,,,"마늘, 생것:0.5|소금, 천일염, 가는소금:0.5|파, 대파, 생것:1.0|멸치, 대멸치, 삶아서 말린것:1.0|다시마, 말린것:1.0|된장, 개량:8.0|고춧가루:8.0|콩나물, 생것:20.0|시금치, 생것:40.0",
D051289,바지락순두부국,국(탕)류,맑은국류,80.5,,,"마늘, 생것:0.5|파, 대파, 생것:1.0|멸치, 대멸치, 삶아서 말린것:1.0|다시마, 말린것:1.0|새우, 젓갈, 추젓:1.0|면실유:3.0|고춧가루:5.0|김치, 배추 김치:8.0|바지락, 생것:10.0|두부:50.0|마늘, 생것:0.5|파, 대파, 생것:1.0|멸치, 대멸치, 삶아서 말린것:1.0|다시마, 말린것:1.0|새우, 젓갈, 추젓:1.0|면실유:3.0|고춧가루:5.0|김치, 배추 김치:8.0|바지락, 생것:10.0|두부:50.0",
D051263,속풀이해장국,국(탕)류,맑은국류,79.0,,,"마늘, 생것:1.0|간장, 개량, 양조:1.0|고춧가루:2.0|파, 대파, 생것:5.0|무, 조선무, 생것:20.0|소고기, 한우, 양지, 생것:20.0|콩나물, 생것:30.0",
D051259,소고기배추국,국(탕)류,맑은국류,63.7,,,"소금, 천일염:0.2|참기름:0.5|멸치, 대멸치, 삶아서 말린것:1.0|다시마, 말린것:1.0|마늘, 다진것:2.0|간장, 개량, 양조:2.0|고춧가루:2.0|파, 대파, 생것:5.0|된장, 재래:5.0|소고기, 한우(1등급), 목심, 생것:10.0|무, 조선무, 생것:15.0|배추, 생것:20.0",
D051065,어묵국(감자),국(탕)류,맑은국류,468.0,,,"소금, 천일염, 가는소금:1.0|마늘, 생것:1.0|다시마 육수:1.0|간장, 재래:2.0|멸치 육수:3.0|파, 대파, 생것:5.0|감자, 대지, 삶은것:30.0|어묵:25.0",
D051235,고추장어묵국,국(탕)류,맑은국류,62.53,,,"소금, 천일염:0.03|고추, 청양고추, 생것:0.5|고춧가루:1.0|파, 대파, 생것:2.0|다시마, 말린것:2.0|고추장, 개량:2.0|쑥갓, 생것:5.0|무, 조선무, 생것:20.0|어묵:30.0|소금, 천일염:0.03|고추, 청양고추, 생것:0.5|고춧가루:1.0|파, 대파, 생것:2.0|다시마, 말린것:2.0|고추장, 개량:2.0|쑥갓, 생것:5.0|무, 조선무, 생것:20.0|어묵:30.0",
D051328,어린이소고기미역국,국(탕)류,맑은국류,12.5,,,"소금, 천일염, 가는소금:0.5|마늘, 생것:1.0|참기름:1.0|간장, 개량, 양조:1.0|미역, 생것:2.0|소고기, 한우, 양지, 생것:7.0",
D051269,어린이만둣국,국(탕)류,맑은국류,28.3,,,"마늘, 생것:0.2|파, 대파, 생것:0.3|간장, 재래:0.3|다시마, 말린것:0.5|멸치, 대멸치, 삶아서 말린것:1.0|달걀, 생것:1.0|만두, 고기 만두:25.0",
D051267,시금치들깨국,국(탕)류,맑은국류,38.5,,,"마늘, 생것:0.5|다시마, 말린것:0.5|멸치, 대멸치, 삶아서 말린것:1.0|된장, 개량:2.5|들깨, 볶은것:4.0|시금치, 생것:30.0",
D051209,숙주당면국,국(탕)류,맑은국류,24.02,,,"후추, 검은색, 가루:0.02|마늘, 생것:0.5|간장, 개량, 양조:0.5|멸치, 대멸치, 삶아서 말린것:1.0|다시마, 말린것:1.0|파, 대파, 생것:2.0|당면, 고구마, 말린것:4.0|숙주나물, 생것:15.0",
D051142,쇠고기 무국,국(탕)류,맑은국류,207.0,,,"생수:150.0|고춧가루:5.0|간장, 개량, 양조:10.0|숙주나물, 생것:5.0|느타리버섯, 생것:5.0|파, 대파, 생것:3.0|무, 조선무, 생것:15.0|소고기, 한우, 양지, 생것:14.0",
D051261,소고기샤브국,국(탕)류,맑은국류,41.3,,,"마늘, 생것:0.4|파, 대파, 생것:0.4|멸치, 대멸치, 삶아서 말린것:0.5|다시마, 말린것:0.5|간장, 재래:0.5|팽이버섯, 생것:5.0|표고버섯, 배지재배, 생것:5.0|청경채, 생것:5.0|소고기, 한우, 양지, 생것:6.0|느타리버섯, 생것:8.0|배추, 생것:10.0",
D051260,소고기버섯국,국(탕)류,맑은국류,59.1,,,"참기름:0.1|후추, 검은색, 가루:0.5|고추, 청양고추, 생것:1.0|소금, 천일염, 가는소금:1.0|마늘, 생것:1.5|발효주, 청주, 알코올 16%:2.0|파, 대파, 생것:3.0|간장, 개량, 양조:4.0|다시마, 말린것:6.0|느타리버섯, 생것:20.0|소고기, 한우, 양지, 생것:20.0",
D051302,오징어두부무국,국(탕)류,맑은국류,104.0,,,"마늘, 생것:1.0|멸치, 대멸치, 삶아서 말린것:1.0|다시마, 말린것:1.0|쑥갓, 생것:2.0|고추, 빨간색, 생것:2.0|고추, 풋고추, 생것:2.0|파, 대파, 생것:2.0|고춧가루:3.0|고추장, 개량:10.0|두부:20.0|무, 조선무, 생것:30.0|오징어, 생것:30.0",
D051316,얼큰김치콩나물국,국(탕)류,맑은국류,99.5,,,"소금, 천일염, 소금꽃:0.5|마늘, 다진것:1.5|다시마, 말린것:2.0|고춧가루:2.5|파, 대파, 생것:3.0|콩나물, 생것:20.0|김치, 배추 김치:70.0",
D051301,어린이콩나물국,국(탕)류,맑은국류,27.5,,,"마늘, 생것:0.5|파, 대파, 생것:0.5|소금, 천일염, 가는소금:0.5|멸치, 대멸치, 삶아서 말린것:1.0|콩나물, 생것:25.0",
D051329,어린이조갯살미역국,국(탕)류,맑은국류,25.4,,,"소금, 천일염, 가는소금:0.4|마늘, 생것:0.5|간장, 개량, 양조:0.5|참기름:1.0|미역, 생것:3.0|조개, 살조개, 생것:20.0",
D051327,어린이느타리버섯국,국(탕)류,맑은국류,40.0,,,"마늘, 생것:0.5|다시마, 말린것:0.5|멸치, 대멸치, 삶아서 말린것:1.0|간장, 재래:1.0|파, 대파, 생것:2.0|양파, 생것:5.0|애느타리버섯, 생것:15.0|팽이버섯, 생것:15.0",
D051160,양지무국,국(탕)류,맑은국류,133.3,,,"참기름:0.3|마늘, 다진것:0.5|소금, 천일염:0.5|파, 대파, 생것:1.0|간장, 개량, 양조:1.0|소고기, 한우, 양지, 생것:60.0|무, 조선무, 생것:70.0",
D051157,손만두국,국(탕)류,맑은국류,102.2,,,"마늘, 생것:0.2|파, 대파, 생것:1.0|멸치, 대멸치, 삶아서 말린것:1.0|간장, 재래:1.0|김, 참김, 말린것:2.0|달걀, 부침(달걀프라이):7.0|만두, 고기 만두:90.0",
D051208,소고기떡국,국(탕)류,맑은국류,36.5,,,"김, 둥근돌김, 말린것:0.1|다시마, 말린것:0.2|소금, 천일염, 가는소금:0.2|파, 대파, 생것:2.0|멸치, 대멸치, 삶아서 말린것:3.0|달걀, 생것:5.0|소고기, 한우(1등급), 우둔, 생것:6.0|멥쌀떡, 가래떡:20.0",
D051138,양지해장국,국(탕)류,맑은국류,212.0,,,"소금, 천일염, 가는소금:0.5|간장, 개량, 양조:2.5|마늘, 다진것:8.0|콩나물, 생것:50.0|토마토, 방울토마토, 생것:80.0|파, 대파, 생것:10.0|고추, 청양고추, 생것:1.0|호박, 애호박, 생것:20.0|느타리버섯, 생것:10.0|소고기, 한우, 양지, 생것:30.0",
D051212,애호박젓국,국(탕)류,맑은국류,32.5,,,"참기름:0.5|마늘, 생것:1.0|멸치, 대멸치, 삶아서 말린것:1.0|다시마, 말린것:1.0|파, 대파, 생것:2.0|양파, 생것:7.0|호박, 애호박, 생것:20.0",
D051265,순두부달걀국,국(탕)류,맑은국류,60.8,,,"후추, 흰색, 가루:0.1|간장, 개량, 양조:0.2|마늘, 생것:0.5|파, 대파, 생것:0.5|소금, 천일염, 가는소금:0.5|멸치, 대멸치, 삶아서 말린것:2.0|다시마, 말린것:2.0|달걀, 생것:5.0|두부, 순두부:50.0",
D051264,순두부김칫국,국(탕)류,맑은국류,94.0,,,"마늘, 생것:1.0|파, 대파, 생것:1.0|멸치, 대멸치, 삶아서 말린것:1.0|다시마, 말린것:1.0|새우, 젓갈:1.0|콩기름:1.0|당면, 고구마, 말린것:8.0|김치, 배추 김치:20.0|두부, 순두부:60.0",
D051062,"소고기국(두부, 양배추)",국(탕)류,맑은국류,623.0,,,"참기름:1.0|고춧가루:2.0|파, 대파, 생것:3.0|마늘, 생것:5.0|간장, 재래:7.0|무, 조선무, 생것:30.0|양배추, 데친것:20.0|두부:20.0|소고기, 한우, 양지, 삶은것:35.0",
D051211,쑥갓맑은국,국(탕)류,맑은국류,11.4,,,"소금, 천일염, 가는소금:0.1|마늘, 생것:0.5|다시마, 말린것:0.8|파, 대파, 생것:2.0|멸치, 대멸치, 삶아서 말린것:2.0|쑥갓, 생것:6.0",
D051299,애호박고추장국,국(탕)류,맑은국류,115.0,,,"마늘, 생것:1.0|파, 대파, 생것:1.0|멸치, 대멸치, 삶아서 말린것:1.0|다시마, 말린것:2.0|당근, 뿌리, 생것:3.0|된장, 개량:5.0|고추장, 개량:7.0|양파, 생것:10.0|두부:20.0|감자, 대지, 생것:30.0|호박, 애호박, 생것:35.0",
D051210,실파달걀국,국(탕)류,맑은국류,62.0,,,"고추, 빨간색, 생것:0.5|고추, 청양고추, 생것:0.5|마늘, 생것:1.0|참기름:1.0|소금, 천일염, 소금꽃:1.0|발효주, 청주, 알코올 16%:1.0|다시마, 말린것:2.0|간장, 개량, 양조:2.0|새우, 꽃새우, 삶아서 말린것:3.0|파, 쪽파, 생것:20.0|달걀, 생것:30.0",
D051326,순한들깨가루미역국,국(탕)류,맑은국류,6.83,,,"소금, 천일염:0.03|간장, 개량, 양조:0.3|들기름:0.5|마늘, 다진것:1.0|들깨, 볶은것:1.0|미역, 말린것:4.0",
D051270,어린이어묵국,국(탕)류,맑은국류,36.5,,,"마늘, 생것:0.5|쑥갓, 생것:1.0|파, 대파, 생것:1.0|다시마, 말린것:1.0|멸치, 대멸치, 삶아서 말린것:3.0|무, 조선무, 생것:15.0|어묵:15.0",
D051296,소고기들깨뭇국,국(탕)류,맑은국류,51.55,,,"후추, 흰색, 가루:0.05|소금, 천일염, 가는소금:0.5|마늘, 생것:1.0|참기름:1.0|간장, 개량, 양조:1.0|들깨, 볶은것:3.0|소고기, 한우, 등심, 생것:15.0|무, 조선무, 생것:30.0",
D051295,소고기달걀떡국,국(탕)류,맑은국류,106.1,,,"김, 참김, 말린것:0.3|소금, 천일염:0.3|마늘, 다진것:0.5|다시마, 말린것:1.0|파, 대파, 생것:2.0|멸치, 대멸치, 삶아서 말린것:2.0|달걀, 생것:10.0|소고기, 한우, 양지, 생것:20.0|멥쌀떡, 가래떡:70.0",
D051060,"소고기국(당면, 양배추)",국(탕)류,맑은국류,500.0,,,"후추, 검은색, 가루:1.0|참기름:2.0|마늘, 생것:2.0|당근, 뿌리, 데친것:3.0|간장, 재래:3.0|파, 대파, 생것:4.0|양파, 데친것:5.0|감자, 대지, 삶은것:20.0|양배추, 데친것:15.0|당면, 고구마, 삶은것:15.0|소고기, 한우, 양지, 삶은것:30.0",
D051315,소고기두부맑은국,국(탕)류,맑은국류,59.7,,대두(콩),"간장, 개량, 양조:0.4|후추, 검은색, 가루:0.5|고춧가루:0.8|마늘, 생것:1.0|파, 대파, 생것:1.0|소금, 천일염, 가는소금:1.0|무, 조선무, 생것:5.0|양파, 생것:10.0|두부:10.0|소고기, 한우, 양지, 생것:30.0",
D051308,냉이순두부맑은국,국(탕)류,맑은국류,91.6,,,"마늘, 생것:0.6|고추, 빨간색, 생것:2.0|고추, 풋고추, 생것:2.0|파, 대파, 생것:2.0|간장, 개량, 양조:2.0|새우, 젓갈:3.0|냉이, 생것:30.0|두부, 순두부:50.0|마늘, 생것:0.6|고추, 빨간색, 생것:2.0|고추, 풋고추, 생것:2.0|파, 대파, 생것:2.0|간장, 개량, 양조:2.0|새우, 젓갈:3.0|냉이, 생것:30.0|두부, 순두부:50.0|마늘, 생것:0.6|고추, 빨간색, 생것:2.0|고추, 풋고추, 생것:2.0|파, 대파, 생것:2.0|간장, 개량, 양조:2.0|새우, 젓갈:3.0|냉이, 생것:30.0|두부, 순두부:50.0",
D051325,소고기느타리버섯국,국(탕)류,맑은국류,105.0,,,"고추, 청양고추, 생것:0.5|고추기름:0.5|마늘, 다진것:1.0|고추장, 개량:1.0|파, 대파, 생것:2.0|양파, 생것:5.0|고사리, 데친것:5.0|느타리버섯, 생것:5.0|팽이버섯, 생것:5.0|표고버섯, 배지재배, 생것:5.0|달걀, 생것:5.0|숙주나물, 생것:10.0|배추, 얼갈이배추, 생것:15.0|소고기, 한우, 양지, 생것:15.0|무, 조선무, 생것:30.0",
D051061,소고기국(두부),국(탕)류,맑은국류,603.0,,,"참기름:1.0|고춧가루:2.0|파, 대파, 생것:3.0|마늘, 생것:5.0|간장, 재래:7.0|무, 조선무, 생것:30.0|두부:20.0|소고기, 한우, 양지, 삶은것:35.0",
D051059,"소고기국(당면, 새우)",국(탕)류,맑은국류,505.0,,,"후추, 검은색, 가루:1.0|참기름:2.0|마늘, 생것:2.0|당근, 뿌리, 데친것:3.0|간장, 재래:3.0|파, 대파, 생것:4.0|양파, 데친것:5.0|감자, 대지, 삶은것:20.0|새우, 대하, 생것:20.0|당면, 고구마, 삶은것:15.0|소고기, 한우, 양지, 삶은것:30.0",
D051058,소고기국(당면),국(탕)류,맑은국류,485.0,,,"후추, 검은색, 가루:1.0|참기름:2.0|마늘, 생것:2.0|당근, 뿌리, 데친것:3.0|간장, 재래:3.0|파, 대파, 생것:4.0|양파, 데친것:5.0|감자, 대지, 삶은것:20.0|당면, 고구마, 삶은것:15.0|소고기, 한우, 양지, 삶은것:30.0",
D051057,소고기국(감자),국(탕)류,맑은국류,573.0,,,"참기름:1.0|고춧가루:2.0|파, 대파, 생것:3.0|마늘, 생것:5.0|간장, 재래:7.0|감자, 대지, 삶은것:20.0|소고기, 한우, 양지, 삶은것:35.0",
D051063,소고기국(무),국(탕)류,맑은국류,582.0,,,"후추, 검은색, 가루:1.0|소금, 천일염, 가는소금:1.0|고춧가루:1.0|참기름:2.0|마늘, 생것:2.0|간장, 재래:2.0|파, 쪽파, 생것:3.0|무, 조선무, 생것:40.0|소고기, 한우, 양지, 삶은것:30.0",
D051294,새우젓콩나물국,국(탕)류,맑은국류,67.3,,새우,"새우, 젓갈, 토굴육젓:0.5|소금, 천일염, 가는소금:0.8|마늘, 생것:1.0|양파, 생것:1.0|고추, 청양고추, 생것:1.0|파, 대파, 생것:1.0|멸치, 대멸치, 삶아서 말린것:1.0|다시마, 말린것:1.0|무, 조선무, 생것:10.0|콩나물, 생것:50.0",
D051257,소고기감자국,국(탕)류,맑은국류,164.0,,,"마늘, 생것:0.5|소금, 천일염, 가는소금:0.5|파, 대파, 생것:1.0|참기름:1.0|간장, 개량, 양조:1.0|소고기, 한우, 양지, 생것:30.0|감자, 대지, 생것:130.0",
D051256,새우살미역국,국(탕)류,맑은국류,61.5,,,"참기름:1.5|마늘, 생것:2.0|간장, 개량, 양조:3.0|미역, 생것:15.0|새우, 꽃새우, 생것:40.0",
D051207,새우살무국,국(탕)류,맑은국류,68.0,,,"파, 대파, 생것:3.0|마늘, 다진것:5.0|새우, 꽃새우, 삶아서 말린것:5.0|멸치, 대멸치, 삶아서 말린것:10.0|새우, 꽃새우, 생것:15.0|무, 조선무, 생것:30.0",
D051293,삼색조랭이떡국,국(탕)류,맑은국류,88.2,,,"소금, 천일염:0.2|마늘, 다진것:1.0|다시마, 말린것:1.0|파, 대파, 생것:2.0|멸치, 대멸치, 삶아서 말린것:2.0|간장, 개량, 양조:2.0|양파, 생것:5.0|멥쌀떡, 가래떡:75.0",
D051149,산채국,국(탕)류,맑은국류,141.0,,,"고춧가루:1.0|소금, 천일염, 가는소금:1.0|후추, 흰색, 가루:1.0|마늘, 생것:2.0|다시마, 말린것:3.0|간장, 개량, 양조:3.0|표고버섯, 배지재배, 생것:5.0|토란, 삶은것:5.0|양파, 생것:10.0|고사리, 데친것:10.0|숙주나물, 생것:10.0|배추, 얼갈이배추, 생것:10.0|파, 대파, 생것:20.0|무, 조선무, 생것:30.0|닭고기, 가슴, 생것:30.0",
D051206,새우달걀국,국(탕)류,맑은국류,67.0,,,"마늘, 다진것:1.0|소금, 천일염, 가는소금:1.0|다시마, 말린것:2.0|파, 대파, 생것:3.0|새우, 꽃새우, 생것:10.0|달걀, 생것:50.0",
D051205,산채해장국,국(탕)류,맑은국류,142.0,,,"소금, 천일염, 가는소금:1.0|후추, 흰색, 가루:1.0|마늘, 생것:2.0|고춧가루:2.0|다시마, 말린것:3.0|간장, 개량, 양조:3.0|양파, 생것:10.0|고사리, 데친것:10.0|토란, 삶은것:10.0|파, 대파, 생것:10.0|숙주나물, 생것:15.0|표고버섯, 배지재배, 생것:15.0|배추, 얼갈이배추, 생것:20.0|무, 조선무, 생것:40.0",
D051204,사색어묵국,국(탕)류,맑은국류,87.03,,,"소금, 천일염:0.03|파, 대파, 생것:2.0|쑥갓, 생것:5.0|무, 조선무, 생것:20.0|어묵:30.0|어묵 국물:30.0",
D051055,"북엇국(두부, 계란)",국(탕)류,맑은국류,499.0,,,"후추, 검은색, 가루:1.0|소금, 천일염, 가는소금:1.0|마늘, 생것:1.0|참기름:2.0|파, 대파, 생것:3.0|간장, 재래:4.0|무, 조선무, 생것:50.0|달걀, 삶은것:10.0|두부:15.0|명태, 북어, 말린것:12.0",
D051056,북엇국(표고버섯),국(탕)류,맑은국류,500.0,,,"소금, 천일염, 가는소금:1.0|마늘, 생것:1.0|파, 대파, 생것:5.0|고추, 풋고추, 생것:10.0|달걀, 삶은것:30.0|표고버섯, 참나무재배, 말린것, 삶은것:35.0|명태, 북어, 말린것:18.0",
D051054,북엇국(두부),국(탕)류,맑은국류,489.0,,,"후추, 검은색, 가루:1.0|소금, 천일염, 가는소금:1.0|마늘, 생것:1.0|참기름:2.0|파, 대파, 생것:3.0|간장, 재래:4.0|무, 조선무, 생것:50.0|두부:15.0|명태, 북어, 말린것:12.0",
D051312,북어채감자미역국,국(탕)류,맑은국류,43.3,,,"소금, 천일염:0.3|마늘, 다진것:1.0|다시마, 말린것:1.0|참기름:1.0|간장, 개량, 양조:1.0|미역, 말린것:4.0|명태, 북어, 말린것:5.0|감자, 대지, 생것:30.0",
D051203,북어해장국,국(탕)류,맑은국류,86.5,,,"소금, 구운소금:0.5|마늘, 다진것:1.0|멸치, 대멸치, 삶아서 말린것:1.0|다시마, 말린것:1.0|간장, 개량, 양조:1.0|새우, 젓갈:2.0|파, 대파, 생것:5.0|명태, 북어, 말린것:5.0|콩나물, 생것:10.0|무, 조선무, 생것:20.0|달걀, 생것:20.0|두부:20.0",
D051313,북어콩나물해장국,국(탕)류,맑은국류,76.5,,,"소금, 구운소금:0.5|마늘, 다진것:1.0|멸치, 대멸치, 삶아서 말린것:1.0|다시마, 말린것:1.0|간장, 개량, 양조:1.0|새우, 젓갈:2.0|파, 대파, 생것:5.0|명태, 북어, 말린것:5.0|무, 조선무, 생것:20.0|콩나물, 생것:20.0|달걀, 생것:20.0",
D051255,북어채미역국,국(탕)류,맑은국류,17.0,,,"마늘, 생것:0.5|간장, 개량, 양조:1.0|참기름:2.5|미역, 생것:3.0|명태, 북어, 말린것:10.0",
D051202,북어미역국,국(탕)류,맑은국류,8.3,,,"마늘, 생것:0.2|간장, 재래:0.2|참기름:0.4|다시마, 말린것:0.5|멸치, 대멸치, 삶아서 말린것:1.0|미역, 생것:2.0|명태, 북어, 말린것:4.0",
D051156,북어무국,국(탕)류,맑은국류,88.5,,,"소금, 구운소금:0.5|마늘, 다진것:1.0|멸치, 대멸치, 삶아서 말린것:1.0|다시마, 말린것:1.0|간장, 개량, 양조:1.0|새우, 젓갈:2.0|파, 대파, 생것:5.0|명태, 북어, 말린것:7.0|달걀, 생것:20.0|무, 조선무, 생것:50.0",
D051201,북어두부국,국(탕)류,맑은국류,66.9,,,"소금, 천일염, 가는소금:0.1|참기름:0.5|마늘, 생것:0.6|고추, 빨간색, 생것:0.7|파, 대파, 생것:2.0|간장, 개량, 양조:2.0|명태, 북어, 말린것:5.0|콩나물, 생것:8.0|달걀, 생것:8.0|무, 조선무, 생것:20.0|두부:20.0",
D051292,북어두부해장국,국(탕)류,맑은국류,86.5,,,"소금, 구운소금:0.5|마늘, 다진것:1.0|멸치, 대멸치, 삶아서 말린것:1.0|다시마, 말린것:1.0|간장, 개량, 양조:1.0|새우, 젓갈:2.0|파, 대파, 생것:5.0|명태, 북어, 말린것:5.0|콩나물, 생것:10.0|무, 조선무, 생것:20.0|달걀, 생것:20.0|두부:20.0",
D051200,북어달걀국,국(탕)류,맑은국류,27.0,,,"마늘, 생것:1.0|참기름:1.0|간장, 개량, 양조:1.0|소금, 천일염, 가는소금:1.0|파, 대파, 생것:3.0|명태, 북어, 말린것:5.0|달걀, 생것:15.0",
D051148,북어국,국(탕)류,맑은국류,29.8,,,"후추, 검은색, 가루:0.1|간장, 재래:0.2|마늘, 생것:0.5|멸치, 대멸치, 삶아서 말린것:0.5|다시마, 말린것:0.5|명태, 북어, 말린것:3.0|양파, 생것:5.0|무, 조선무, 생것:20.0",
D051291,부추새우맑은국,국(탕)류,맑은국류,58.1,,,"후추, 흰색, 가루:0.1|마늘, 생것:0.5|소금, 천일염, 가는소금:0.5|파, 대파, 생것:3.0|부추, 두메부추, 생것:14.0|새우, 중하, 생것:40.0",
D051145,북어 무국,국(탕)류,맑은국류,362.1,,,"생수:300.0|소금, 천일염, 가는소금:0.1|참기름:1.0|마늘, 생것:1.0|고추, 빨간색, 생것:1.0|파, 대파, 생것:6.0|두부:20.0|무, 조선무, 생것:30.0|명태, 북어, 말린것:3.0",
D051199,부추제첩국,국(탕)류,맑은국류,102.0,,,"마늘, 다진것:1.0|소금, 천일염:1.0|부추, 솔부추, 생것:20.0|무, 조선무, 생것:40.0|재첩, 생것:40.0",
D051198,부추맑은국,국(탕)류,맑은국류,19.7,,,"마늘, 생것:0.4|소금, 천일염, 가는소금:0.4|멸치, 대멸치, 삶아서 말린것:1.4|다시마, 말린것:1.4|파, 대파, 생것:2.1|부추, 두메부추, 생것:14.0",
D051052,복맑은탕(미나리),국(탕)류,맑은국류,522.0,,,"마늘, 생것:1.0|다시마, 말린것:2.0|간장, 재래:4.0|다시마 육수:5.0|파, 대파, 생것:30.0|미나리, 물미나리, 데친것:10.0|무, 조선무, 생것:70.0",
D051197,부추달걀국,국(탕)류,맑은국류,120.25,,,"소금, 천일염:0.25|당근, 뿌리, 생것:5.0|부추, 솔부추, 생것:5.0|양파, 생것:10.0|멸치, 대멸치, 삶아서 말린것:20.0|간장, 개량, 양조:20.0|달걀, 생것:60.0",
D051053,복맑은탕(쑥갓),국(탕)류,맑은국류,522.0,,,"마늘, 생것:1.0|파, 대파, 생것:2.0|간장, 재래:4.0|다시마 육수:5.0|무, 조선무, 생것:30.0|쑥갓, 데친것:10.0|복어, 검복, 생것:70.0",
D051254,보리새우무국,국(탕)류,맑은국류,71.1,,대두(콩),"간장, 개량, 양조:0.1|마늘, 생것:1.0|새우, 보리새우, 생것:5.0|다시마, 말린것:5.0|양파, 생것:10.0|멸치, 대멸치, 삶아서 말린것:20.0|무, 조선무, 생것:30.0",
D051196,버섯달걀국,국(탕)류,맑은국류,37.0,,,"마늘, 생것:2.0|소금, 천일염, 소금꽃:2.0|파, 대파, 생것:3.0|팽이버섯, 생것:5.0|달걀, 생것:25.0",
D051195,배추맑은국,국(탕)류,맑은국류,37.4,,,"마늘, 생것:0.7|다시마, 말린것:0.7|멸치, 대멸치, 삶아서 말린것:1.5|간장, 개량, 양조:4.5|배추, 얼갈이배추, 생것:30.0",
D051323,닭가슴살배추들깨국,국(탕)류,맑은국류,164.5,,,"다시마, 말린것:0.5|소금, 천일염, 가는소금:0.5|간장, 개량, 양조:1.0|마늘, 생것:2.5|파, 대파, 생것:5.0|들깨, 볶은것:5.0|무, 조선무, 생것:30.0|배추, 생것:50.0|닭고기, 가슴, 생것:70.0|다시마, 말린것:0.5|소금, 천일염, 가는소금:0.5|간장, 개량, 양조:1.0|마늘, 생것:2.5|파, 대파, 생것:5.0|들깨, 볶은것:5.0|무, 조선무, 생것:30.0|배추, 생것:50.0|닭고기, 가슴, 생것:70.0",
D051252,바지락미역국,국(탕)류,맑은국류,27.0,,,"마늘, 생것:2.0|소금, 천일염, 소금꽃:2.0|간장, 재래:3.0|미역, 생것:5.0|바지락, 생것:15.0",
D051311,바지락살콩나물국,국(탕)류,맑은국류,67.9,,,"소금, 천일염, 가는소금:0.1|고춧가루:0.3|마늘, 생것:0.5|멸치, 대멸치, 삶아서 말린것:1.0|다시마, 말린것:1.0|파, 대파, 생것:5.0|바지락, 생것:10.0|콩나물, 생것:50.0",
D051288,바지락살미역국,국(탕)류,맑은국류,7.1,,대두(콩),"간장, 재래:0.2|마늘, 생것:0.4|멸치, 대멸치, 삶아서 말린것:0.5|다시마, 말린것:0.5|참기름:1.0|미역, 생것:1.5|바지락, 생것:3.0",
D051310,미역오이양파냉국,국(탕)류,맑은국류,38.0,,,"참깨, 흰색, 볶은것:1.0|설탕, 백설탕:1.0|간장, 개량, 양조:1.0|소금, 천일염, 가는소금:1.0|식초, 양조:1.0|고추, 빨간색, 생것:3.0|양파, 생것:5.0|미역, 생것:5.0|오이, 취청, 생것:20.0",
D051193,배추당면국,국(탕)류,맑은국류,28.52,,,"후추, 검은색, 가루:0.02|마늘, 생것:0.5|멸치, 대멸치, 삶아서 말린것:1.0|다시마, 말린것:1.0|간장, 개량, 양조:1.0|당면, 고구마, 말린것:2.0|파, 대파, 생것:3.0|배추, 생것:20.0",
D051290,바지락콩나물국,국(탕)류,맑은국류,30.9,,,"소금, 천일염, 가는소금:0.1|고춧가루:0.3|마늘, 생것:0.5|멸치, 대멸치, 삶아서 말린것:1.0|다시마, 말린것:1.0|바지락, 생것:3.0|파, 대파, 생것:5.0|콩나물, 생것:20.0",
D051324,바지락순두부김치국,국(탕)류,맑은국류,53.5,,,"소금, 천일염, 가는소금:0.5|다시마, 말린것:1.0|마늘, 생것:2.0|파, 대파, 생것:3.0|양파, 생것:5.0|새우, 꽃새우, 생것:5.0|바지락, 생것:7.0|김치, 배추 김치:10.0|두부, 순두부:20.0",
D051251,바지락맑은국,국(탕)류,맑은국류,30.9,,,"마늘, 생것:0.4|소금, 천일염, 가는소금:0.4|파, 대파, 생것:2.1|바지락, 생것:28.0",
D051192,바지락무국,국(탕)류,맑은국류,112.9,,대두(콩),"간장, 재래:0.4|소금, 천일염, 소금꽃:0.7|마늘, 생것:0.8|파, 대파, 생것:2.0|멸치, 대멸치, 삶아서 말린것:2.0|다시마, 말린것:2.0|두부:15.0|무, 조선무, 생것:30.0|바지락, 생것:60.0",
D051250,미역북어채국,국(탕)류,맑은국류,19.3,,,"소금, 천일염:0.3|마늘, 다진것:1.0|다시마, 말린것:1.0|참기름:1.0|간장, 개량, 양조:1.0|미역, 말린것:5.0|명태, 북어, 말린것:10.0",
D051144,바지락 미역국,국(탕)류,맑은국류,645.0,,,"생수:300.0|소금, 가공염, 퉁퉁마디(함초):3.0|파, 대파, 생것:3.0|새우, 꽃새우, 삶아서 말린것:10.0|무, 조선무, 생것:10.0|고추, 빨간색, 생것:2.0|참기름:2.0|마늘, 생것:5.0|간장, 개량, 양조:5.0|미역, 생것:5.0|바지락, 생것:300.0",
D052100,쑥바지락국,국(탕)류,된장국류,34.5,,,"마늘, 생것:0.5|파, 대파, 생것:1.0|멸치, 대멸치, 삶아서 말린것:1.0|된장, 개량:2.0|바지락, 생것:10.0|쑥, 생것:20.0|마늘, 생것:0.5|파, 대파, 생것:1.0|멸치, 대멸치, 삶아서 말린것:1.0|된장, 개량:2.0|바지락, 생것:10.0|쑥, 생것:20.0|마늘, 생것:0.5|파, 대파, 생것:1.0|멸치, 대멸치, 삶아서 말린것:1.0|된장, 개량:2.0|바지락, 생것:10.0|쑥, 생것:20.0",
D051143,바지락 맑은국,국(탕)류,맑은국류,365.0,,,"생수:300.0|다시마, 생것:5.0|파, 대파, 생것:5.0|무, 조선무, 생것:8.0|고추, 청양고추, 생것:3.0|쑥갓, 생것:1.0|고추, 빨간색, 생것:3.0|팽이버섯, 생것:10.0|바지락, 생것:30.0",
D051050,미역국(홍합),국(탕)류,맑은국류,453.0,,,"소금, 천일염, 가는소금:1.0|마늘, 생것:1.0|참기름:2.0|멸치 육수:3.0|담치, 참담치(홍합), 생것:40.0|미역, 염장, 데친것:6.0",
D051129,미역국(소고기),국(탕)류,맑은국류,142.1,,,"참기름:3.0|파, 대파, 생것:2.3|마늘, 생것:2.3|간장, 재래:5.5|소고기, 한우, 양지, 삶은것:7.8|미역, 염장, 데친것:3.9|참기름:3.0|파, 대파, 생것:2.3|마늘, 생것:2.3|간장, 재래:5.5|소고기, 한우, 양지, 삶은것:7.8|미역, 염장, 데친것:3.9|참기름:3.0|파, 대파, 생것:2.3|마늘, 생것:2.3|간장, 재래:5.5|소고기, 한우, 양지, 삶은것:7.8|미역, 염장, 데친것:3.9",
D051042,"뭇국(소고기, 유부)",국(탕)류,맑은국류,479.0,,,"소금, 천일염, 가는소금:1.0|마늘, 생것:2.0|간장, 재래:2.0|다시마 육수:4.0|파, 대파, 생것:5.0|두부, 유부:5.0|소고기, 한우, 양지, 삶은것:20.0|무, 조선무, 생것:40.0",
D051046,미역국(대합),국(탕)류,맑은국류,422.0,,,"참기름:1.0|마늘, 생것:2.0|간장, 재래:2.0|대합, 북방대합, 생것:15.0|미역, 염장, 데친것:2.0",
D051049,"미역국(소고기, 바지락)",국(탕)류,맑은국류,449.0,,,"파, 쪽파, 생것:2.0|마늘, 생것:2.0|간장, 재래:2.0|소금, 천일염, 가는소금:3.0|참기름:5.0|바지락, 생것:10.0|소고기, 한우, 양지, 삶은것:20.0|미역, 염장, 데친것:5.0",
D051044,미역국(경단),국(탕)류,맑은국류,432.0,,,"참기름:2.0|소금, 천일염, 가는소금:2.0|마늘, 생것:4.0|간장, 재래:4.0|찹쌀, 백미, 가루:10.0|미역, 염장, 데친것:10.0",
D051047,미역국(멸치),국(탕)류,맑은국류,427.0,,,"참기름:1.0|파, 대파, 생것:3.0|마늘, 생것:3.0|간장, 재래:7.0|멸치 육수:6.0|미역, 염장, 데친것:7.0",
D051045,미역국(닭고기),국(탕)류,맑은국류,439.0,,,"파, 쪽파, 생것:2.0|마늘, 생것:2.0|간장, 재래:2.0|소금, 천일염, 가는소금:3.0|참기름:5.0|닭고기, 가슴, 삶은것:20.0|미역, 염장, 데친것:5.0",
D051040,뭇국(소고기),국(탕)류,맑은국류,479.0,,,"생강, 뿌리줄기, 생것:1.0|마늘, 생것:2.0|멸치 육수:3.0|간장, 재래:3.0|파, 대파, 생것:5.0|소고기, 한우, 양지, 삶은것:15.0|무, 조선무, 생것:50.0",
D051043,미역국(감자),국(탕)류,맑은국류,439.0,,,"소금, 천일염, 가는소금:1.0|마늘, 생것:1.0|참기름:2.0|감자, 대지, 삶은것:30.0|미역, 염장, 데친것:5.0",
D051041,"뭇국(소고기, 김치)",국(탕)류,맑은국류,512.0,,,"생강, 뿌리줄기, 생것:1.0|간장, 재래:1.0|마늘, 생것:2.0|멸치 육수:3.0|파, 대파, 생것:5.0|김치, 배추 김치:35.0|소고기, 한우, 양지, 삶은것:15.0|무, 조선무, 생것:50.0",
D051039,뭇국(새우젓),국(탕)류,맑은국류,494.0,,,"마늘, 생것:1.0|고춧가루:1.0|멸치 육수:2.0|간장, 재래:2.0|두부:45.0|새우, 젓새우, 생것:3.0|무, 조선무, 생것:40.0",
D051178,대구살뭇국,국(탕)류,맑은국류,78.2,,,"다시마, 말린것:0.3|소금, 천일염, 가는소금:0.6|마늘, 생것:0.8|쑥갓, 생것:3.0|멸치, 대멸치, 삶아서 말린것:3.0|간장, 개량, 산분해:3.0|파, 대파, 생것:7.5|무, 조선무, 생것:10.0|두부:10.0|대구, 생것:40.0|다시마, 말린것:0.3|소금, 천일염, 가는소금:0.6|마늘, 생것:0.8|쑥갓, 생것:3.0|멸치, 대멸치, 삶아서 말린것:3.0|간장, 개량, 산분해:3.0|파, 대파, 생것:7.5|무, 조선무, 생것:10.0|두부:10.0|대구, 생것:40.0",
D051038,뭇국(김치),국(탕)류,맑은국류,497.0,,,"생강, 뿌리줄기, 생것:1.0|간장, 재래:1.0|마늘, 생것:2.0|멸치 육수:3.0|파, 대파, 생것:5.0|김치, 배추 김치:35.0|무, 조선무, 생것:50.0",
D051249,물만두달걀국,국(탕)류,맑은국류,198.0,,,"마늘, 다진것:1.0|참기름:1.0|소금, 구운소금:1.0|파, 대파, 생것:5.0|양파, 생것:10.0|달걀, 생것:30.0|멸치 육수:50.0|만두, 물만두:100.0",
D051155,물만두국,국(탕)류,맑은국류,168.0,,,"마늘, 다진것:1.0|참기름:1.0|소금, 구운소금:1.0|파, 대파, 생것:5.0|양파, 생것:10.0|멸치 육수:50.0|만두, 물만두:100.0",
D051248,무채콩나물국,국(탕)류,맑은국류,72.2,,,"소금, 천일염, 가는소금:0.2|마늘, 생것:0.5|간장, 개량, 양조:0.5|파, 대파, 생것:1.0|다시마, 말린것:1.0|고추, 빨간색, 생것:2.0|멸치, 대멸치, 삶아서 말린것:2.0|양파, 생것:5.0|콩나물, 생것:20.0|무, 조선무, 생것:40.0",
D051133,무맑은탕,국(탕)류,맑은국류,316.2,,,"고추, 빨간색, 생것:3.0|고추, 초록색, 녹광, 생것:3.0|표고버섯, 참나무재배, 생것:15.0|간장, 개량, 양조:5.0|소금, 천일염, 가는소금:1.2|다시마, 말린것:2.0|마늘, 생것:3.0|파, 대파, 생것:4.0|생수:200.0|소고기, 한우(1등급), 양지, 생것:30.0|무, 조선무, 생것:50.0",
D051191,무채양팟국,국(탕)류,맑은국류,68.9,,,"소금, 천일염, 가는소금:0.4|간장, 재래:0.5|마늘, 생것:1.0|멸치, 대멸치, 삶아서 말린것:2.0|참기름:2.0|파, 대파, 생것:3.0|양파, 생것:15.0|무, 조선무, 생것:45.0",
D051247,무우새우젓국,국(탕)류,맑은국류,69.0,,새우,"새우, 젓갈, 추젓:1.0|마늘, 생것:2.0|멸치, 대멸치, 삶아서 말린것:2.0|다시마, 말린것:2.0|들기름:2.0|파, 대파, 생것:10.0|무, 조선무, 생것:50.0",
D051154,무들깨국,국(탕)류,맑은국류,29.0,,,"마늘, 생것:0.5|다시마, 말린것:1.0|간장, 개량, 양조:1.0|파, 대파, 생것:1.5|멸치, 대멸치, 삶아서 말린것:2.0|들깨, 볶은것:3.0|무, 조선무, 생것:20.0",
D051190,모시조개탕,국(탕)류,맑은국류,13.1,,,"후추, 흰색, 가루:0.1|마늘, 다진것:0.5|고추, 빨간색, 생것:0.5|고추, 청양고추, 생것:0.5|소금, 천일염, 소금꽃:0.5|다시마, 말린것:1.0|조개, 가무락조개, 생것:10.0",
D051309,모시조개콩나물국,국(탕)류,맑은국류,92.0,,,"소금, 천일염, 가는소금:2.0|마늘, 생것:5.0|파, 대파, 생것:5.0|조개, 가무락조개, 생것:20.0|멸치 육수:20.0|콩나물, 생것:40.0",
D051287,모시조개미역국,국(탕)류,맑은국류,18.5,,,"소금, 천일염, 소금꽃:0.5|참기름:1.0|후추, 흰색, 가루:1.0|간장, 개량, 양조:2.0|미역, 말린것:4.0|조개, 가무락조개, 생것:10.0",
D051286,모시조개맑은탕,국(탕)류,맑은국류,31.1,,,"다시마, 말린것:0.2|마늘, 생것:0.4|고추, 빨간색, 생것:0.5|부추, 솔부추, 생것:2.0|팽이버섯, 생것:3.0|두부:5.0|조개, 가무락조개, 생것:20.0",
D051245,매생이만두국,국(탕)류,맑은국류,65.0,,,"참기름:0.5|소금, 구운소금:0.5|마늘, 다진것:1.0|파, 대파, 생것:1.0|다시마, 말린것:1.0|간장, 개량, 양조:1.0|매생이, 생것:10.0|만두, 고기 만두:50.0",
D051036,명탯국,국(탕)류,맑은국류,523.0,,,"마늘, 생것:1.0|파, 쪽파, 생것:2.0|소금, 천일염, 가는소금:2.0|고춧가루:3.0|쑥갓, 데친것:5.0|양파, 데친것:10.0|무, 조선무, 생것:30.0|명태, 생것:70.0",
D051285,매콤오징어무국,국(탕)류,맑은국류,89.7,,대두(콩),"간장, 개량, 양조:0.7|마늘, 생것:1.0|멸치, 대멸치, 삶아서 말린것:1.0|다시마, 말린것:1.0|쑥갓, 생것:2.0|고추, 빨간색, 생것:2.0|고추, 풋고추, 생것:2.0|파, 대파, 생것:2.0|고춧가루:3.0|오징어, 생것:35.0|무, 조선무, 생것:40.0",
D051246,매콤콩나물국,국(탕)류,맑은국류,63.7,,,"다시마, 말린것:0.7|고추, 청양고추, 생것:1.0|간장, 재래:1.0|소금, 천일염, 소금꽃:1.0|후추, 검은색, 가루:1.0|마늘, 생것:2.0|멸치, 대멸치, 삶아서 말린것:2.0|고춧가루:2.0|파, 대파, 생것:3.0|콩나물, 생것:50.0",
D051189,매생이떡국,국(탕)류,맑은국류,89.0,,대두(콩),"간장, 개량, 양조:4.0|멸치 육수:5.0|매생이, 생것:20.0|멥쌀떡, 가래떡:60.0",
D051188,매생이굴국,국(탕)류,맑은국류,48.7,,대두(콩),"간장, 재래:0.1|소금, 천일염, 소금꽃:0.1|마늘, 생것:0.5|파, 대파, 생것:0.5|다시마, 말린것:0.5|멸치, 대멸치, 삶아서 말린것:1.0|새우, 꽃새우, 삶아서 말린것:3.0|매생이, 생것:3.0|무, 조선무, 생것:20.0|굴, 참굴, 생것:20.0",
D051284,맑은감자양파국,국(탕)류,맑은국류,90.11,,,"후추, 흰색, 가루:0.01|간장, 재래:0.1|다시마, 말린것:0.5|까나리, 액젓:0.5|고추, 청양고추, 생것:1.0|멸치, 대멸치, 삶아서 말린것:1.0|파, 대파, 생것:2.0|당근, 뿌리, 생것:5.0|양파, 생것:10.0|호박, 애호박, 생것:10.0|감자, 대지, 생것:60.0",
D051187,만두달걀국,국(탕)류,맑은국류,49.5,,,"멸치, 대멸치, 삶아서 말린것:0.2|다시마, 말린것:0.2|소금, 천일염, 가는소금:0.2|마늘, 생것:0.3|파, 대파, 생것:0.3|간장, 개량, 양조:0.3|달걀, 생것:8.0|만두, 물만두:40.0",
D051147,만두국,국(탕)류,맑은국류,139.7,,,"후추, 검은색, 가루:0.5|파, 쪽파, 생것:0.7|마늘, 생것:1.0|양파, 생것:1.0|파, 대파, 생것:1.0|새우, 꽃새우, 삶아서 말린것:1.0|멸치, 대멸치, 삶아서 말린것:1.0|명태, 북어, 말린것:1.0|다시마, 말린것:1.0|참기름:1.0|표고버섯, 배지재배, 생것:2.5|김, 참김, 구운것:4.0|간장, 개량, 양조:4.0|무, 조선무, 생것:10.0|달걀, 생것:20.0|만두, 고기 만두:90.0",
D051238,닭장영양떡국,국(탕)류,맑은국류,313.5,,,"후추, 흰색, 가루:0.5|고추, 풋고추, 생것:1.0|김, 참김, 구운것:1.0|소금, 천일염, 가는소금:1.0|마늘, 생것:3.0|파, 대파, 생것:5.0|당근, 뿌리, 생것:10.0|양파, 생것:10.0|느타리버섯, 생것:10.0|간장, 개량, 양조:12.0|호박, 애호박, 생것:20.0|달걀, 생것:30.0|닭고기, 다리(넓적다리), 생것:60.0|멥쌀떡, 가래떡:150.0|후추, 흰색, 가루:0.5|고추, 풋고추, 생것:1.0|김, 참김, 구운것:1.0|소금, 천일염, 가는소금:1.0|마늘, 생것:3.0|파, 대파, 생것:5.0|당근, 뿌리, 생것:10.0|양파, 생것:10.0|느타리버섯, 생것:10.0|간장, 개량, 양조:12.0|호박, 애호박, 생것:20.0|달걀, 생것:30.0|닭고기, 다리(넓적다리), 생것:60.0|멥쌀떡, 가래떡:150.0",
D051184,들깨무채국,국(탕)류,맑은국류,29.0,,,"마늘, 생것:0.5|다시마, 말린것:1.0|간장, 개량, 양조:1.0|파, 대파, 생것:1.5|멸치, 대멸치, 삶아서 말린것:2.0|들깨, 볶은것:3.0|무, 조선무, 생것:20.0",
D051186,들깨채소국,국(탕)류,맑은국류,21.3,,,"마늘, 생것:0.3|다시마, 말린것:0.3|파, 대파, 생것:0.7|들깨, 볶은것:1.0|양파, 생것:2.0|멸치, 대멸치, 삶아서 말린것:2.0|된장, 개량:2.0|배추, 생것:13.0",
D051277,감자들깨미역국,국(탕)류,맑은국류,39.9,,,"소금, 천일염, 가는소금:0.4|마늘, 생것:0.5|간장, 재래:0.5|참기름:1.5|미역, 생것:3.0|들깨, 볶은것:4.0|감자, 대지, 생것:30.0|소금, 천일염, 가는소금:0.4|마늘, 생것:0.5|간장, 재래:0.5|참기름:1.5|미역, 생것:3.0|들깨, 볶은것:4.0|감자, 대지, 생것:30.0",
D051243,들깨머위대국,국(탕)류,맑은국류,91.0,,,"찹쌀, 백미, 가루:0.5|들기름:0.5|고추, 빨간색, 생것:1.0|들깨, 볶은것:1.0|간장, 개량, 양조:1.0|다시마, 말린것:2.0|표고버섯, 배지재배, 생것:5.0|머위, 생것:80.0",
D051283,들깨감자미역국,국(탕)류,맑은국류,41.1,,,"소금, 천일염, 소금꽃:0.1|마늘, 다진것:1.0|멸치, 액젓:1.0|들기름:1.0|들깨, 볶은것:2.0|간장, 개량, 양조:2.0|미역, 생것:4.0|감자, 대지, 생것:30.0",
D051183,들깨감자국,국(탕)류,맑은국류,51.4,,,"소금, 천일염, 가는소금:0.4|마늘, 생것:0.5|간장, 재래:0.5|멸치, 대멸치, 삶아서 말린것:2.0|파, 대파, 생것:3.0|감자, 대지, 생것:45.0",
D051152,두부젓국,국(탕)류,맑은국류,47.5,,,"마늘, 생것:0.5|다시마, 말린것:1.0|파, 대파, 생것:2.0|멸치, 대멸치, 삶아서 말린것:2.0|새우, 젓갈, 토굴육젓:2.0|양파, 생것:5.0|무, 조선무, 생것:10.0|두부:25.0",
D051182,두부미역국,국(탕)류,맑은국류,27.1,,,"마늘, 생것:0.3|참기름:0.3|간장, 개량, 양조:0.5|다시마, 말린것:1.0|멸치, 대멸치, 삶아서 말린것:2.0|미역, 생것:3.0|두부:20.0",
D051240,두부바지락국,국(탕)류,맑은국류,102.9,,대두(콩),"간장, 재래:0.4|소금, 천일염, 소금꽃:0.7|마늘, 생것:0.8|파, 대파, 생것:2.0|멸치, 중멸치, 삶아서 말린것:2.0|다시마, 말린것:2.0|두부:5.0|무, 조선무, 생것:30.0|바지락, 생것:60.0",
D051180,두부들깨국,국(탕)류,맑은국류,26.5,,,"마늘, 생것:1.0|소금, 천일염, 가는소금:1.5|파, 대파, 생것:2.0|멸치, 대멸치, 삶아서 말린것:2.0|다시마, 말린것:2.0|들깨, 볶은것:3.0|두부:15.0",
D051034,두부국(조갯살),국(탕)류,맑은국류,496.0,,,"소금, 천일염, 가는소금:1.0|마늘, 생것:1.0|파, 쪽파, 생것:2.0|간장, 재래:2.0|무, 조선무, 생것:20.0|조개, 살조개, 생것:30.0|두부:40.0",
D051032,돼지고기국(고추장),국(탕)류,맑은국류,512.0,,,"생강, 뿌리줄기, 생것:1.0|후추, 검은색, 가루:2.0|파, 대파, 생것:2.0|마늘, 생것:3.0|간장, 재래:10.0|김치, 배추 김치:35.0|고추장, 개량:9.0|돼지고기, 사태, 삶은것:50.0",
D051033,두부국(계란),국(탕)류,맑은국류,535.0,,,"소금, 천일염, 가는소금:1.0|마늘, 생것:1.0|다시마 육수:3.0|파, 대파, 생것:10.0|달걀, 삶은것:40.0|두부:80.0",
D051130,동태국,국(탕)류,맑은국류,2124.0,,,"후추, 검은색, 가루:1.0|소금, 천일염, 가는소금:4.0|간장, 개량, 양조:10.0|고춧가루:5.0|생강, 뿌리줄기, 생것:3.0|마늘, 생것:6.0|파, 대파, 생것:15.0|양파, 생것:40.0|무, 조선무, 생것:200.0|명태, 동태, 냉동:240.0",
D051030,동탯국(무),국(탕)류,맑은국류,513.0,,,"마늘, 생것:1.0|파, 대파, 생것:2.0|소금, 천일염, 가는소금:2.0|고춧가루:3.0|쑥갓, 데친것:5.0|무, 조선무, 생것:30.0|명태, 동태, 냉동:70.0",
D051031,"동탯국(무, 양파)",국(탕)류,맑은국류,521.0,,,"후추, 검은색, 가루:1.0|마늘, 생것:1.0|소금, 천일염, 가는소금:2.0|고춧가루:2.0|파, 쪽파, 생것:5.0|양파, 데친것:10.0|무, 조선무, 생것:30.0|명태, 동태, 냉동:70.0",
D051239,동태살맑은국,국(탕)류,맑은국류,34.52,,,"후추, 검은색, 가루:0.02|마늘, 생것:0.5|참기름:0.5|소금, 천일염, 가는소금:0.5|파, 대파, 생것:1.0|양파, 생것:2.0|콩나물, 생것:5.0|무, 조선무, 생것:10.0|명태, 동태, 냉동:15.0",
D051029,대합국(콩나물),국(탕)류,맑은국류,490.0,,,"참기름:2.0|마늘, 생것:2.0|간장, 재래:2.0|소금, 천일염, 가는소금:3.0|고추, 풋고추, 생것:3.0|고추, 빨간색, 생것:3.0|파, 쪽파, 생것:5.0|무, 조선무, 생것:30.0|콩나물, 삶은것:10.0|대합, 북방대합, 생것:30.0",
D051179,동죽미역국,국(탕)류,맑은국류,30.2,,,"소금, 천일염:0.2|마늘, 다진것:1.0|다시마, 말린것:2.0|참기름:2.0|간장, 개량, 양조:2.0|미역, 말린것:3.0|동죽, 생것:20.0",
D051027,대합국(시금치),국(탕)류,맑은국류,490.0,,,"참기름:2.0|마늘, 생것:2.0|간장, 재래:2.0|소금, 천일염, 가는소금:3.0|고추, 풋고추, 생것:3.0|고추, 빨간색, 생것:3.0|파, 쪽파, 생것:5.0|무, 조선무, 생것:30.0|시금치, 데친것:10.0|대합, 북방대합, 생것:30.0",
D051026,대합국(부추),국(탕)류,맑은국류,490.0,,,"참기름:2.0|마늘, 생것:2.0|간장, 재래:2.0|소금, 천일염, 가는소금:3.0|고추, 풋고추, 생것:3.0|고추, 빨간색, 생것:3.0|파, 쪽파, 생것:5.0|무, 조선무, 생것:30.0|부추, 재래종, 데친것:10.0|대합, 북방대합, 생것:30.0",
D051025,대합국(냉이),국(탕)류,맑은국류,495.0,,,"참기름:2.0|마늘, 생것:2.0|간장, 재래:2.0|소금, 천일염, 가는소금:3.0|고추, 풋고추, 생것:3.0|고추, 빨간색, 생것:3.0|파, 쪽파, 생것:5.0|무, 조선무, 생것:30.0|냉이, 데친것:15.0|대합, 북방대합, 생것:30.0",
D051128,대합국(근대),국(탕)류,맑은국류,135.9,,,"참기름:2.6|마늘, 생것:0.9|간장, 재래:0.9|소금, 천일염, 가는소금:1.5|고추, 풋고추, 생것:1.5|고추, 빨간색, 생것:1.5|파, 쪽파, 생것:2.4|무, 조선무, 생것:14.3|근대, 데친것:4.8|대합, 북방대합, 생것:20.0|참기름:2.6|마늘, 생것:0.9|간장, 재래:0.9|소금, 천일염, 가는소금:1.5|고추, 풋고추, 생것:1.5|고추, 빨간색, 생것:1.5|파, 쪽파, 생것:2.4|무, 조선무, 생것:14.3|근대, 데친것:4.8|대합, 북방대합, 생것:20.0",
D051137,대구지리탕,국(탕)류,맑은국류,791.0,,,"생수:500.0|생강, 뿌리줄기, 생것:3.0|마늘, 다진것:10.0|무, 조선무, 생것:30.0|명태, 북어, 말린것:15.0|다시마, 말린것:1.0|밀, 중력밀가루:20.0|쑥, 말린것:10.0|쑥갓, 생것:10.0|콩나물, 생것:25.0|고추, 빨간색, 생것:1.0|고추, 청양고추, 생것:1.0|미나리, 물미나리, 생것:15.0|대구, 생것:150.0",
D051023,대합국,국(탕)류,맑은국류,480.0,,,"참기름:2.0|마늘, 생것:2.0|간장, 재래:2.0|소금, 천일염, 가는소금:3.0|고추, 풋고추, 생것:3.0|고추, 빨간색, 생것:3.0|파, 쪽파, 생것:5.0|무, 조선무, 생것:30.0|대합, 북방대합, 생것:30.0",
D051124,대구국,국(탕)류,맑은국류,194.0,,,"소금, 천일염, 가는소금:1.0|고춧가루:1.0|파, 대파, 생것:1.4|간장, 재래:1.4|마늘, 생것:2.1|호박, 애호박, 데친것:6.8|무, 조선무, 생것:8.5|대구, 구운것:35.0|소금, 천일염, 가는소금:1.0|고춧가루:1.0|파, 대파, 생것:1.4|간장, 재래:1.4|마늘, 생것:2.1|호박, 애호박, 데친것:6.8|무, 조선무, 생것:8.5|대구, 구운것:35.0",
D051281,달걀쪽파맑은국,국(탕)류,맑은국류,61.5,,,"마늘, 생것:1.0|양파, 생것:1.0|새우, 꽃새우, 삶아서 말린것:1.0|멸치, 대멸치, 삶아서 말린것:1.0|명태, 북어, 말린것:1.0|다시마, 말린것:1.0|표고버섯, 배지재배, 말린것:2.5|파, 쪽파, 생것:6.0|소금, 천일염, 가는소금:7.0|무, 조선무, 생것:10.0|달걀, 생것:30.0",
D051282,닭가슴살미역국,국(탕)류,맑은국류,20.4,,,"소금, 천일염, 가는소금:0.3|마늘, 생것:0.7|간장, 개량, 양조:0.7|참기름:1.7|미역, 생것:3.0|닭고기, 가슴, 생것:14.0",
D051151,달걀파국,국(탕)류,맑은국류,7.51,,,"후추, 검은색, 가루:0.01|소금, 천일염, 소금꽃:0.1|마늘, 생것:0.4|멸치, 대멸치, 삶아서 말린것:0.5|다시마, 말린것:0.5|파, 쪽파, 생것:1.0|달걀, 생것:5.0",
D051177,달걀실파국,국(탕)류,맑은국류,18.01,,,"후추, 검은색, 가루:0.01|소금, 천일염, 소금꽃:0.1|마늘, 생것:0.4|다시마, 말린것:0.5|파, 쪽파, 생것:1.0|멸치, 대멸치, 삶아서 말린것:1.0|달걀, 생것:15.0",
D051176,달걀부추국,국(탕)류,맑은국류,85.25,,,"소금, 천일염:0.25|당근, 뿌리, 생것:5.0|양파, 생것:10.0|부추, 솔부추, 생것:10.0|멸치, 대멸치, 삶아서 말린것:10.0|달걀, 난백, 생것:10.0|달걀, 생것:20.0|간장, 개량, 양조:20.0",
D051237,단호박맑은국,국(탕)류,맑은국류,40.0,,,"마늘, 생것:0.5|다시마, 말린것:1.0|새우, 젓갈, 토굴육젓:1.5|파, 대파, 생것:2.0|멸치, 대멸치, 삶아서 말린것:2.0|양파, 생것:3.0|무, 조선무, 생것:10.0|호박, 단호박, 생것:20.0",
D051175,다시마무국,국(탕)류,맑은국류,56.5,,,"고추, 빨간색, 생것:0.5|멸치, 액젓:0.5|간장, 개량, 양조:0.5|마늘, 다진것:1.0|고추, 청양고추, 생것:1.0|다시마, 말린것:1.0|파, 대파, 생것:2.0|무, 조선무, 생것:50.0",
D051021,다슬기국,국(탕)류,맑은국류,444.0,,,"소금, 천일염, 가는소금:2.0|마늘, 생것:2.0|파, 대파, 생것:10.0|다슬기, 생것:30.0",
D051322,날콩가루배추된장국,국(탕)류,맑은국류,63.2,,,"마늘, 생것:0.2|파, 대파, 생것:1.0|멸치, 대멸치, 삶아서 말린것:2.0|다시마, 말린것:2.0|된장, 개량:3.0|대두, 콩가루:5.0|무, 조선무, 생것:10.0|배추, 얼갈이배추, 생것:40.0",
D051020,꽁치국,국(탕)류,맑은국류,523.0,,,"마늘, 생것:1.0|파, 쪽파, 생것:2.0|소금, 천일염, 가는소금:2.0|고춧가루:3.0|쑥갓, 데친것:5.0|양파, 데친것:10.0|무, 조선무, 생것:30.0|꽁치, 구운것:70.0",
D051174,꽃게어묵국,국(탕)류,맑은국류,80.53,,,"소금, 천일염:0.03|고추, 청양고추, 생것:0.5|고춧가루:1.0|파, 대파, 생것:2.0|다시마, 말린것:2.0|쑥갓, 생것:5.0|무, 조선무, 생것:20.0|게, 꽃게, 생것:20.0|어묵:30.0",
D051173,꼬치어묵국,국(탕)류,맑은국류,98.5,,대두(콩),"간장, 재래:0.5|마늘, 다진것:1.0|소금, 구운소금:1.0|쑥갓, 생것:5.0|파, 대파, 생것:5.0|다시마, 말린것:6.0|멸치 육수:30.0|어묵:50.0",
D051019,김칫국(콩나물),국(탕)류,맑은국류,556.0,,,"참기름:1.0|소금, 천일염, 가는소금:1.0|고춧가루:1.0|마늘, 생것:2.0|파, 대파, 생것:3.0|멸치 육수:8.0|두부:40.0|콩나물, 삶은것:35.0|김치, 배추 김치:65.0",
D051016,김칫국(소시지),국(탕)류,맑은국류,495.0,,,"소금, 천일염, 가는소금:2.0|멸치 육수:3.0|콩나물, 삶은것:20.0|소시지, 위너(비엔나)소시지:20.0|김치, 배추 김치:50.0",
D051125,김칫국(무),국(탕)류,맑은국류,337.0,,,"소금, 천일염, 가는소금:2.0|마늘, 생것:2.0|멸치 육수:3.0|파, 쪽파, 생것:5.0|양파, 데친것:10.0|소금, 천일염, 가는소금:2.0|마늘, 생것:2.0|무, 조선무, 생것:30.0|멸치 육수:3.0|파, 쪽파, 생것:5.0|양파, 데친것:10.0|무, 조선무, 생것:30.0|김치, 배추 김치:35.0|김치, 배추 김치:35.0",
D051018,김칫국(참치),국(탕)류,맑은국류,492.0,,,"소금, 천일염, 가는소금:2.0|파, 대파, 생것:5.0|멸치 육수:5.0|마늘, 생것:5.0|고춧가루:5.0|다랑어, 가다랑어, 통조림, 유지:20.0|김치, 배추 김치:50.0",
D051014,김칫국(두부),국(탕)류,맑은국류,502.0,,,"소금, 천일염, 가는소금:1.0|마늘, 생것:1.0|파, 대파, 생것:5.0|멸치 육수:5.0|두부:40.0|김치, 배추 김치:50.0",
D051013,김칫국(돼지고기),국(탕)류,맑은국류,556.0,,,"참기름:1.0|소금, 천일염, 가는소금:1.0|고춧가루:1.0|마늘, 생것:2.0|파, 대파, 생것:3.0|멸치 육수:8.0|콩나물, 삶은것:30.0|두부:30.0|돼지고기, 사태, 삶은것:30.0|김치, 배추 김치:50.0",
D051012,김국,국(탕)류,맑은국류,475.0,,,"마늘, 생것:1.0|파, 쪽파, 생것:2.0|소금, 천일염, 가는소금:2.0|양파, 데친것:10.0|김, 참김, 구운것:60.0",
D051236,근대콩나물국,국(탕)류,맑은국류,43.0,,,"마늘, 생것:0.2|파, 대파, 생것:0.3|다시마, 말린것:0.5|멸치, 대멸치, 삶아서 말린것:1.0|양파, 생것:3.0|된장, 개량:3.0|콩나물, 생것:15.0|근대, 생것:20.0",
D051011,굴국,국(탕)류,맑은국류,520.0,,,"마늘, 생것:1.0|파, 쪽파, 생것:2.0|소금, 천일염, 가는소금:2.0|쑥갓, 데친것:5.0|양파, 데친것:10.0|무, 조선무, 생것:30.0|굴, 참굴, 양식, 생것:70.0",
D051330,괴산올갱이국(향토-충청도),국(탕)류,맑은국류,66.0,,,"마늘, 다진것:2.0|간장, 개량, 양조:2.0|소금, 구운소금:2.0|파, 대파, 생것:5.0|다슬기, 생것:5.0|된장, 개량:10.0|아욱, 생것:40.0",
D051234,고사리들깨국,국(탕)류,맑은국류,23.5,,,"마늘, 생것:0.5|다시마, 말린것:1.0|간장, 개량, 양조:1.0|파, 대파, 생것:2.0|멸치, 대멸치, 삶아서 말린것:2.0|들깨, 볶은것:2.0|무, 조선무, 생것:5.0|고사리, 데친것:10.0",
D051009,고등어국,국(탕)류,맑은국류,523.0,,,"마늘, 생것:1.0|파, 쪽파, 생것:2.0|소금, 천일염, 가는소금:2.0|고춧가루:3.0|쑥갓, 데친것:5.0|양파, 데친것:10.0|무, 조선무, 생것:30.0|고등어, 삶은것:70.0",
D051010,고사리국,국(탕)류,맑은국류,484.0,,,"소금, 천일염, 가는소금:1.0|마늘, 생것:1.0|후추, 검은색, 가루:2.0|간장, 개량, 양조:2.0|파, 대파, 생것:3.0|양파, 데친것:5.0|소고기, 한우, 양지, 삶은것:30.0|고사리, 데친것:40.0",
D051007,계란국,국(탕)류,맑은국류,333.0,,,"소금, 천일염, 가는소금:1.0|참깨, 흰색, 볶은것:1.0|양파, 데친것:5.0|마늘, 생것:5.0|파, 대파, 생것:6.0|달걀, 삶은것:15.0",
D051126,계란국(표고버섯),국(탕)류,맑은국류,237.0,,,"소금, 천일염, 가는소금:0.5|참깨, 흰색, 볶은것:0.5|양파, 데친것:2.5|마늘, 생것:2.5|파, 대파, 생것:3.0|부추, 재래종, 데친것:5.0|달걀, 삶은것:15.0|표고버섯, 참나무재배, 말린것, 삶은것:8.0|소금, 천일염, 가는소금:0.5|참깨, 흰색, 볶은것:0.5|양파, 데친것:2.5|마늘, 생것:2.5|파, 대파, 생것:3.0|부추, 재래종, 데친것:5.0|달걀, 삶은것:15.0|표고버섯, 참나무재배, 말린것, 삶은것:8.0",
D051172,게살달걀국,국(탕)류,맑은국류,64.3,,,"소금, 천일염:0.3|마늘, 다진것:1.0|다시마, 말린것:1.0|파, 쪽파, 생것:2.0|달걀, 생것:20.0|게, 붉은대게, 생것:40.0",
D051279,건새우콩나물국,국(탕)류,맑은국류,69.8,,,"소금, 천일염, 가는소금:0.8|마늘, 생것:1.0|양파, 생것:1.0|고추, 청양고추, 생것:1.0|파, 대파, 생것:1.0|새우, 꽃새우, 삶아서 말린것:1.0|멸치, 대멸치, 삶아서 말린것:1.0|다시마, 말린것:1.0|당근, 뿌리, 생것:2.0|무, 조선무, 생것:10.0|콩나물, 생것:50.0",
D051233,건새우미역국,국(탕)류,맑은국류,8.0,,,"마늘, 생것:0.5|참기름:0.5|간장, 개량, 양조:1.0|새우, 꽃새우, 삶아서 말린것:3.0|미역, 생것:3.0",
D051171,건새우무국,국(탕)류,맑은국류,55.2,,,"소금, 천일염:0.2|마늘, 다진것:1.0|새우, 보리새우, 생것:2.0|간장, 개량, 양조:2.0|멸치, 대멸치, 삶아서 말린것:5.0|다시마, 말린것:5.0|양파, 생것:10.0|무, 조선무, 생것:30.0",
D051003,감잣국(양파),국(탕)류,맑은국류,543.0,,,"마늘, 생것:2.0|파, 대파, 생것:3.0|간장, 재래:3.0|멸치 육수:5.0|양파, 데친것:20.0|감자, 대지, 삶은것:110.0",
D051232,건새우근대국,국(탕)류,맑은국류,71.0,,,"파, 대파, 생것:3.0|새우, 꽃새우, 삶아서 말린것:3.0|마늘, 다진것:5.0|된장, 개량:20.0|근대, 생것:40.0",
D051005,감잣국(호박),국(탕)류,맑은국류,482.0,,,"소금, 천일염, 가는소금:1.0|마늘, 생것:1.0|파, 대파, 생것:5.0|멸치 육수:5.0|양파, 데친것:10.0|호박, 애호박, 데친것:30.0|감자, 대지, 삶은것:30.0",
D051004,감잣국(유부),국(탕)류,맑은국류,533.0,,,"마늘, 생것:2.0|파, 대파, 생것:3.0|간장, 재래:3.0|멸치 육수:5.0|두부, 유부:10.0|감자, 대지, 삶은것:110.0",
D051002,감잣국(당면),국(탕)류,맑은국류,505.0,,,"소금, 천일염, 가는소금:1.0|마늘, 생것:1.0|파, 쪽파, 생것:3.0|멸치 육수:5.0|당면, 고구마, 삶은것:5.0|감자, 대지, 삶은것:40.0",
D051001,감잣국,국(탕)류,맑은국류,523.0,,,"마늘, 생것:2.0|파, 대파, 생것:3.0|간장, 재래:3.0|멸치 육수:5.0|감자, 대지, 삶은것:110.0",
D051231,감자풋고추국,국(탕)류,맑은국류,56.5,,,"고추, 빨간색, 생것:0.3|간장, 개량, 양조:0.3|고추, 풋고추, 생것:0.5|참기름:0.5|후추, 검은색, 가루:0.5|파, 대파, 생것:0.7|마늘, 생것:1.0|혼합식물성유:1.0|고추장, 개량:1.7|소고기, 한우, 양지, 생것:10.0|감자, 대지, 생것:40.0",
D051169,감자무챗국,국(탕)류,맑은국류,54.9,,,"마늘, 생것:0.4|파, 대파, 생것:1.0|멸치, 대멸치, 삶아서 말린것:1.0|간장, 개량, 양조:1.0|다시마, 말린것:1.5|양파, 생것:5.0|두부:5.0|무, 조선무, 생것:20.0|감자, 대지, 생것:20.0",
D051168,감자맑은국,국(탕)류,맑은국류,31.2,,,"파, 대파, 생것:0.7|마늘, 생것:1.0|양파, 생것:1.0|고추, 청양고추, 생것:1.0|새우, 꽃새우, 삶아서 말린것:1.0|멸치, 대멸치, 삶아서 말린것:1.0|명태, 북어, 말린것:1.0|다시마, 말린것:1.0|소금, 천일염, 굵은소금:1.0|표고버섯, 배지재배, 말린것:2.5|무, 조선무, 생것:10.0|감자, 대지, 생것:10.0",
D051170,감자양파국,국(탕)류,맑은국류,50.1,,,"후추, 흰색, 가루:0.1|마늘, 생것:1.0|들기름:1.0|간장, 개량, 양조:1.0|소금, 천일염, 가는소금:1.0|파, 대파, 생것:2.0|멸치, 대멸치, 삶아서 말린것:2.0|다시마, 말린것:2.0|양파, 생것:10.0|감자, 대지, 생것:30.0",
D051230,감자애호박국,국(탕)류,맑은국류,36.3,,,"후추, 흰색, 가루:0.1|다시마, 말린것:0.2|마늘, 생것:0.5|소금, 천일염, 가는소금:0.5|멸치, 대멸치, 삶아서 말린것:2.0|파, 대파, 생것:3.0|감자, 대지, 생것:15.0|호박, 애호박, 생것:15.0",
D051229,가자미미역국,국(탕)류,맑은국류,52.01,,,"소금, 천일염, 소금꽃:0.01|마늘, 생것:1.0|까나리, 액젓:1.0|참기름:1.0|미역, 생것:4.0|간장, 개량, 양조:5.0|가자미, 참가자미, 생것:40.0",
D052053,호박잎된장국(소고기),국(탕)류,된장국류,499.0,,,"멸치 육수:2.0|마늘, 생것:2.0|고춧가루:2.0|파, 쪽파, 생것:3.0|소고기, 한우, 양지, 삶은것:10.0|호박, 애호박, 데친것:40.0|된장, 개량:10.0|호박, 잎, 데친것:30.0",
D052121,호박잎된장국,국(탕)류,된장국류,93.2,,,"파, 대파, 생것:0.7|마늘, 생것:1.0|양파, 생것:1.0|고추, 청양고추, 생것:1.0|새우, 꽃새우, 삶아서 말린것:1.0|멸치, 대멸치, 삶아서 말린것:1.0|명태, 북어, 말린것:1.0|다시마, 말린것:1.0|표고버섯, 배지재배, 생것:2.5|된장, 개량:3.0|무, 조선무, 생것:10.0|감자, 대지, 생것:20.0|호박, 애호박, 생것:20.0|호박, 잎, 생것:30.0",
D052052,호박된장국(멸치),국(탕)류,된장국류,464.0,,,"표고버섯, 참나무재배, 말린것, 삶은것:3.0|간장, 재래:4.0|파, 대파, 생것:5.0|멸치 육수:5.0|된장, 개량:12.0|호박, 애호박, 데친것:35.0",https://www.nongsaro.go.kr/cms_contents/mgnNew/978-89-480-6205-2/978-89-480-6205-2_B_073.jpg
D052112,애호박된장국,국(탕)류,된장국류,32.5,,,"마늘, 생것:0.5|멸치, 대멸치, 삶아서 말린것:1.0|다시마, 말린것:1.0|파, 대파, 생것:2.0|양파, 생것:5.0|된장, 개량:8.0|호박, 애호박, 생것:15.0|마늘, 생것:0.5|멸치, 대멸치, 삶아서 말린것:1.0|다시마, 말린것:1.0|파, 대파, 생것:2.0|양파, 생것:5.0|된장, 개량:8.0|호박, 애호박, 생것:15.0|마늘, 생것:0.5|멸치, 대멸치, 삶아서 말린것:1.0|다시마, 말린것:1.0|파, 대파, 생것:2.0|양파, 생것:5.0|된장, 개량:8.0|호박, 애호박, 생것:15.0",
D052050,해물된장국,국(탕)류,된장국류,542.0,,,"마늘, 생것:1.0|고춧가루:1.0|쑥갓, 데친것:5.0|양파, 데친것:20.0|새우, 중하, 생것:10.0|바지락, 생것:10.0|게, 꽃게, 찐것:20.0|담치, 참담치(홍합), 생것:30.0|오징어, 구운것:30.0|된장, 개량:15.0",
D052110,미역팽이장국,국(탕)류,된장국류,14.5,,,"마늘, 다진것:0.5|다시마, 말린것:1.0|팽이버섯, 생것:2.0|파, 대파, 생것:2.0|멸치, 대멸치, 삶아서 말린것:2.0|미역, 말린것:2.0|된장, 개량:5.0|마늘, 다진것:0.5|다시마, 말린것:1.0|팽이버섯, 생것:2.0|파, 대파, 생것:2.0|멸치, 대멸치, 삶아서 말린것:2.0|미역, 말린것:2.0|된장, 개량:5.0",
D052084,토마토요구르트된장국,국(탕)류,된장국류,596.7,,,"들깨, 볶은것:8.0|고춧가루:0.7|마늘, 다진것:2.0|생수:400.0|다시마, 말린것:1.0|멸치, 대멸치, 삶아서 말린것:2.0|된장, 개량:10.0|요구르트, 호상, 플레인:15.0|대두, 콩가루:5.0|토마토, 생것:25.0|고추, 청양고추, 생것:3.0|파, 대파, 생것:3.0|양파, 생것:25.0|큰느타리버섯(새송이버섯), 생것:17.0|양송이버섯, 생것:30.0|팽이버섯, 생것:35.0|표고버섯, 배지재배, 생것:15.0",
D052159,팽이버섯시금치된장국,국(탕)류,된장국류,64.0,,,"다시마, 말린것:0.5|소금, 구운소금:0.5|마늘, 다진것:1.0|파, 대파, 생것:2.0|멸치, 대멸치, 삶아서 말린것:5.0|된장, 재래:5.0|팽이버섯, 생것:10.0|시금치, 생것:40.0",
D052108,팽이미역국,국(탕)류,된장국류,23.0,,,"파, 대파, 생것:2.0|멸치, 대멸치, 삶아서 말린것:2.0|다시마, 말린것:2.0|미역, 생것:2.0|된장, 개량:5.0|팽이버섯, 생것:10.0",
D052107,파유부장국,국(탕)류,된장국류,27.0,,,"마늘, 생것:1.0|무, 조선무, 생것:3.0|양파, 생것:3.0|멸치, 대멸치, 삶아서 말린것:3.0|다시마, 말린것:3.0|된장, 개량:4.0|파, 쪽파, 생것:5.0|두부, 유부:5.0",
D052134,팽이미소된장국,국(탕)류,된장국류,43.1,,,"미역, 말린것:0.1|마늘, 다진것:0.5|다시마, 말린것:0.5|파, 쪽파, 생것:2.0|팽이버섯, 생것:10.0|된장, 개량:10.0|두부:20.0",
D052120,콩가루배추국,국(탕)류,된장국류,63.2,,,"마늘, 생것:0.2|파, 대파, 생것:1.0|다시마, 말린것:2.0|된장, 개량:3.0|대두, 콩가루:7.0|무, 조선무, 생것:10.0|배추, 얼갈이배추, 생것:40.0",
D052137,배추콩나물된장국,국(탕)류,된장국류,60.0,,대두(콩),"고추장, 개량:0.2|소금, 천일염:0.3|간장, 개량, 양조:0.5|마늘, 다진것:1.0|파, 대파, 생것:1.0|멸치, 대멸치, 삶아서 말린것:1.0|다시마, 말린것:1.0|된장, 재래:10.0|콩나물, 생것:15.0|배추, 생것:30.0|고추장, 개량:0.2|소금, 천일염:0.3|간장, 개량, 양조:0.5|마늘, 다진것:1.0|파, 대파, 생것:1.0|멸치, 대멸치, 삶아서 말린것:1.0|다시마, 말린것:1.0|된장, 재래:10.0|콩나물, 생것:15.0|배추, 생것:30.0",
D052106,콩가루쑥국,국(탕)류,된장국류,104.1,,,"소금, 천일염, 소금꽃:0.1|마늘, 다진것:1.0|멸치, 대멸치, 삶아서 말린것:2.0|파, 대파, 생것:3.0|대두, 콩가루:3.0|쑥, 생것:15.0|콩나물, 생것:20.0|된장, 개량:20.0|무, 조선무, 생것:40.0",
D052076,콩가루 냉이 된장국,국(탕)류,된장국류,247.0,,대두(콩),"된장, 개량:15.0|다시마, 생것:1.0|멸치 육수:100.0|생수:80.0|파, 대파, 생것:4.0|대두, 콩가루:7.0|냉이, 생것:40.0",
D052133,채소미소된장국,국(탕)류,된장국류,49.5,,,"마늘, 다진것:0.5|다시마, 말린것:1.0|맛술:1.0|파, 쪽파, 생것:2.0|당근, 뿌리, 생것:5.0|큰느타리버섯(새송이버섯), 생것:10.0|된장, 개량:10.0|감자, 대지, 생것:20.0",
D052150,차돌얼갈이된장국,국(탕)류,된장국류,91.2,,,"소금, 천일염:0.2|마늘, 다진것:1.0|파, 대파, 생것:5.0|된장, 재래:15.0|소고기, 한우(1등급), 우둔, 생것:30.0|아욱, 생것:40.0",
D052149,조갯살냉이된장국,국(탕)류,된장국류,81.3,,,"소금, 천일염:0.3|파, 대파, 생것:1.0|마늘, 다진것:5.0|조개, 살조개, 생것:5.0|된장, 개량:10.0|냉이, 생것:30.0|멸치 육수:30.0",
D052119,조갯살근대국,국(탕)류,된장국류,93.0,,,"파, 대파, 생것:3.0|마늘, 다진것:5.0|된장, 개량:20.0|조개, 살조개, 생것:25.0|근대, 생것:40.0",
D052117,유부팽이장국,국(탕)류,된장국류,24.02,,,"소금, 천일염:0.02|마늘, 다진것:1.0|다시마, 말린것:1.0|멸치, 대멸치, 삶아서 말린것:2.0|팽이버섯, 생것:5.0|두부, 유부:5.0|된장, 재래:10.0",
D052148,우거지숙주토장국,국(탕)류,된장국류,60.0,,대두(콩),"고추장, 개량:1.0|양파, 생것:2.0|된장, 개량:2.0|김치, 배추 김치:10.0|배추, 시래기, 말린것, 삶은것:20.0|숙주나물, 생것:25.0",
D052048,우거지된장국(홍합),국(탕)류,된장국류,499.0,,,"마늘, 생것:1.0|파, 쪽파, 생것:3.0|담치, 참담치(홍합), 생것:10.0|된장, 개량:15.0|배추, 시래기, 말린것, 삶은것:70.0",
D052075,죽순미나리된장국,국(탕)류,된장국류,293.0,,대두(콩),"간장, 개량, 양조:3.0|된장, 개량:7.0|파, 대파, 생것:6.0|두부:30.0|미나리, 돌미나리, 생것:20.0|대나무순(죽순), 생것:40.0|생수:180.0|새우, 꽃새우, 삶아서 말린것:5.0|다시마, 말린것:2.0",
D052047,"우거지된장국(소고기, 콩나물)",국(탕)류,된장국류,469.0,,,"파, 쪽파, 생것:2.0|마늘, 생것:2.0|콩나물, 삶은것:10.0|소고기, 한우, 양지, 삶은것:10.0|된장, 개량:15.0|배추, 시래기, 말린것, 삶은것:30.0",
D052046,우거지된장국(소고기),국(탕)류,된장국류,459.0,,,"파, 쪽파, 생것:2.0|마늘, 생것:2.0|소고기, 한우, 양지, 삶은것:10.0|된장, 개량:15.0|배추, 시래기, 말린것, 삶은것:30.0",
D052118,일식팽이장국,국(탕)류,된장국류,24.02,,,"소금, 천일염:0.02|마늘, 다진것:1.0|파, 쪽파, 생것:3.0|된장, 개량:5.0|팽이버섯, 생것:15.0",
D052105,유채된장국,국(탕)류,된장국류,44.5,,,"마늘, 생것:0.5|멸치, 대멸치, 삶아서 말린것:2.0|파, 대파, 생것:3.0|된장, 개량:4.0|유채, 동채, 데친것:35.0",
D052104,유부두부국,국(탕)류,된장국류,62.2,,,"마늘, 생것:1.0|양파, 생것:1.0|새우, 꽃새우, 삶아서 말린것:1.0|멸치, 대멸치, 삶아서 말린것:1.0|명태, 북어, 말린것:1.0|다시마, 말린것:1.0|파, 대파, 생것:1.7|표고버섯, 배지재배, 생것:2.5|두부, 유부:5.0|된장, 개량:7.0|무, 조선무, 생것:10.0|두부:30.0",
D052092,유부채국,국(탕)류,된장국류,61.2,,,"파, 대파, 생것:0.7|마늘, 생것:1.0|양파, 생것:1.0|새우, 꽃새우, 삶아서 말린것:1.0|멸치, 대멸치, 삶아서 말린것:1.0|명태, 북어, 말린것:1.0|다시마, 말린것:1.0|표고버섯, 배지재배, 생것:2.5|두부, 유부:5.0|된장, 개량:7.0|무, 조선무, 생것:10.0|두부:30.0",
D052091,유부장국,국(탕)류,된장국류,16.1,,대두(콩),"간장, 재래:0.1|파, 쪽파, 생것:0.2|마늘, 생것:0.3|다시마, 말린것:0.5|멸치, 대멸치, 삶아서 말린것:1.0|두부, 유부:2.0|된장, 개량:2.0|무, 조선무, 생것:10.0",
D052044,열무된장국(멸치),국(탕)류,된장국류,497.0,,,"마늘, 생것:1.0|고춧가루:1.0|파, 대파, 생것:5.0|두부:30.0|멸치 육수:5.0|된장, 개량:15.0|열무, 데친것:40.0",
D052079,완자된장국,국(탕)류,된장국류,152.0,,대두(콩),"대두, 콩가루:3.0|된장, 개량:8.0|전분, 감자, 가루:5.0|마늘, 다진것:10.0|돼지고기, 살코기, 생것:35.0|브로콜리, 생것:10.0|숙주나물, 생것:5.0|당면, 고구마, 말린것:2.0|표고버섯, 배지재배, 생것:5.0|고추, 초록색, 녹광, 생것:5.0|파, 대파, 생것:2.0|두부:15.0|부추, 솔부추, 생것:2.0|양파, 생것:5.0|파, 쪽파, 생것:5.0|호박, 애호박, 생것:15.0|감자, 대지, 생것:20.0",
D052045,우거지된장국(두부),국(탕)류,된장국류,507.0,,,"마늘, 생것:2.0|파, 대파, 생것:6.0|무, 조선무, 생것:25.0|배추, 시래기, 말린것, 삶은것:10.0|두부:50.0|된장, 개량:14.0",
D052147,열무바지락된장국,국(탕)류,된장국류,78.5,,,"소금, 구운소금:0.5|마늘, 다진것:1.0|멸치, 대멸치, 삶아서 말린것:1.0|멸치, 액젓:1.0|간장, 개량, 양조:1.0|파, 대파, 생것:2.0|다시마, 말린것:2.0|양파, 생것:10.0|바지락, 생것:10.0|된장, 재래:10.0|열무, 데친것:40.0",
D052143,시래기열무된장국,국(탕)류,된장국류,54.0,,,"마늘, 다진것:1.0|멸치, 대멸치, 삶아서 말린것:1.0|다시마, 말린것:1.0|간장, 개량, 양조:1.0|된장, 재래:10.0|무청, 시래기, 말린것, 삶은것:40.0|마늘, 다진것:1.0|멸치, 대멸치, 삶아서 말린것:1.0|다시마, 말린것:1.0|간장, 개량, 양조:1.0|된장, 재래:10.0|무청, 시래기, 말린것, 삶은것:40.0",
D052102,열무감자국,국(탕)류,된장국류,115.0,,,"마늘, 다진것:1.0|멸치, 대멸치, 삶아서 말린것:1.0|다시마, 말린것:1.0|파, 대파, 생것:2.0|된장, 재래:10.0|감자, 대지, 생것:50.0|열무, 데친것:50.0",
D052157,얼갈이콩나물된장국,국(탕)류,된장국류,53.5,,,"마늘, 생것:0.2|파, 대파, 생것:0.3|고추, 청양고추, 생것:0.5|다시마, 말린것:0.5|멸치, 대멸치, 삶아서 말린것:1.0|양파, 생것:3.0|된장, 개량:3.0|콩나물, 생것:10.0|배추, 얼갈이배추, 생것:35.0",
D052132,얼큰감자된장국,국(탕)류,된장국류,67.0,,,"마늘, 다진것:1.0|고추, 빨간색, 생것:1.0|고추, 청양고추, 생것:1.0|고추, 풋고추, 생것:1.0|파, 대파, 생것:1.0|멸치, 대멸치, 삶아서 말린것:1.0|다시마, 말린것:1.0|당근, 뿌리, 생것:10.0|양파, 생것:10.0|감자, 대지, 생것:10.0|두부:10.0|호박, 애호박, 생것:20.0",
D052116,얼갈이토장국,국(탕)류,된장국류,172.0,,,"마늘, 생것:0.5|다시마, 말린것:0.5|파, 대파, 생것:2.0|멸치, 대멸치, 삶아서 말린것:2.0|고춧가루:7.0|된장, 개량:10.0|배추, 얼갈이배추, 생것:50.0|감자, 대지, 생것:100.0",
D052042,얼갈이된장국(소고기),국(탕)류,된장국류,513.0,,,"마늘, 생것:1.0|파, 쪽파, 생것:2.0|멸치 육수:5.0|소고기, 한우, 양지, 삶은것:20.0|된장, 개량:15.0|배추, 얼갈이배추, 데친것:70.0",
D052041,얼갈이된장국(멸치),국(탕)류,된장국류,489.0,,,"마늘, 생것:1.0|고춧가루:1.0|멸치 육수:2.0|파, 대파, 생것:5.0|된장, 재래:15.0|배추, 얼갈이배추, 생것:65.0",
D052145,어린이아욱된장국,국(탕)류,된장국류,37.5,,,"마늘, 생것:1.0|소금, 천일염, 가는소금:1.0|다시마, 말린것:1.5|멸치, 대멸치, 삶아서 말린것:2.0|파, 대파, 생것:3.0|된장, 개량:4.0|아욱, 생것:25.0",
D052114,양송이된장국,국(탕)류,된장국류,28.8,,,"마늘, 생것:0.5|멸치, 대멸치, 삶아서 말린것:1.3|파, 대파, 생것:2.0|된장, 개량:5.0|양송이버섯, 생것:20.0",
D052144,어린이냉이된장국,국(탕)류,된장국류,46.5,,,"마늘, 생것:0.5|멸치, 대멸치, 삶아서 말린것:2.0|다시마, 말린것:2.0|파, 대파, 생것:3.0|된장, 개량:4.0|냉이, 생것:35.0",
D052156,어린이시금치된장국,국(탕)류,된장국류,33.5,,,"마늘, 생것:0.5|파, 대파, 생것:1.0|다시마, 말린것:1.0|멸치, 대멸치, 삶아서 말린것:2.0|된장, 개량:4.0|시금치, 생것:25.0",
D052115,어린이근대국,국(탕)류,된장국류,36.0,,,"고춧가루:0.1|마늘, 생것:0.2|파, 대파, 생것:0.2|다시마, 말린것:0.5|멸치, 대멸치, 삶아서 말린것:1.0|된장, 개량:4.0|양파, 생것:5.0|두부:10.0|근대, 생것:15.0",
D052123,두부양파된장국,국(탕)류,된장국류,49.2,,,"다시마, 말린것:0.5|파, 대파, 생것:0.7|멸치, 대멸치, 삶아서 말린것:1.0|된장, 개량:4.0|감자, 대지, 생것:5.0|양파, 생것:8.0|두부:30.0|다시마, 말린것:0.5|파, 대파, 생것:0.7|멸치, 대멸치, 삶아서 말린것:1.0|된장, 개량:4.0|감자, 대지, 생것:5.0|양파, 생것:8.0|두부:30.0",
D052113,양배추된장국,국(탕)류,된장국류,45.5,,,"마늘, 생것:0.5|멸치, 대멸치, 삶아서 말린것:1.0|파, 대파, 생것:2.0|양파, 생것:5.0|된장, 개량:7.0|양배추, 생것:30.0",
D052130,아욱부추된장국,국(탕)류,된장국류,69.0,,,"마늘, 다진것:2.0|간장, 개량, 양조:2.0|소금, 구운소금:2.0|파, 대파, 생것:3.0|부추, 솔부추, 데친것:10.0|된장, 개량:10.0|아욱, 생것:40.0",
D052072,애호박국,국(탕)류,된장국류,1904.0,,대두(콩),"간장, 개량, 양조:2.0|파, 대파, 생것:20.0|된장, 개량:50.0|멸치, 대멸치, 삶아서 말린것:20.0|표고버섯, 배지재배, 말린것:12.0|호박, 애호박, 생것:200.0",
D052129,아욱두부된장국,국(탕)류,된장국류,33.0,,,"마늘, 생것:0.5|다시마, 말린것:0.5|멸치, 대멸치, 삶아서 말린것:1.0|된장, 개량:1.0|두부:10.0|아욱, 생것:20.0",
D052155,시금치콩나물된장국,국(탕)류,된장국류,68.0,,,"마늘, 생것:0.5|소금, 천일염, 가는소금:0.5|파, 대파, 생것:1.0|멸치, 대멸치, 삶아서 말린것:1.0|다시마, 말린것:1.0|고춧가루:1.0|된장, 개량:3.0|콩나물, 생것:20.0|시금치, 생것:40.0",
D052131,아욱양파된장국,국(탕)류,된장국류,75.0,,,"마늘, 다진것:1.0|멸치, 대멸치, 삶아서 말린것:1.0|다시마, 말린것:1.0|파, 대파, 생것:2.0|양파, 생것:10.0|된장, 재래:10.0|아욱, 생것:50.0",
D052154,시금치조갯살된장국,국(탕)류,된장국류,97.0,,,"다시마, 말린것:0.5|소금, 구운소금:0.5|마늘, 다진것:1.0|파, 대파, 생것:2.0|멸치, 대멸치, 삶아서 말린것:3.0|양파, 생것:10.0|조개, 살조개, 생것:10.0|된장, 재래:10.0|시금치, 생것:60.0",
D052040,아욱된장국(배추),국(탕)류,된장국류,537.0,,,"마늘, 생것:2.0|파, 대파, 생것:6.0|무, 조선무, 생것:25.0|두부:50.0|배추, 생것:20.0|된장, 개량:14.0|아욱, 생것:20.0",
D052039,"아욱된장국(고추장, 멸치)",국(탕)류,된장국류,497.0,,,"마늘, 생것:1.0|파, 대파, 생것:5.0|고추장, 개량:1.0|멸치 육수:5.0|된장, 개량:15.0|아욱, 생것:70.0",
D052124,마른새우아욱국,국(탕)류,된장국류,77.0,,,"소금, 구운소금:1.0|마늘, 다진것:2.0|다시마, 말린것:2.0|간장, 개량, 양조:2.0|파, 대파, 생것:5.0|새우, 꽃새우, 삶아서 말린것:5.0|된장, 개량:10.0|아욱, 생것:50.0|소금, 구운소금:1.0|마늘, 다진것:2.0|다시마, 말린것:2.0|간장, 개량, 양조:2.0|파, 대파, 생것:5.0|새우, 꽃새우, 삶아서 말린것:5.0|된장, 개량:10.0|아욱, 생것:50.0",
D052038,"아욱된장국(고추장, 건새우)",국(탕)류,된장국류,458.0,,,"소금, 천일염, 가는소금:1.0|마늘, 생것:1.0|파, 대파, 생것:5.0|새우, 꽃새우, 삶아서 말린것:3.0|고추장, 개량:3.0|된장, 개량:15.0|아욱, 생것:30.0",
D052097,바지락쑥국,국(탕)류,된장국류,104.5,,,"마늘, 생것:1.0|파, 대파, 생것:1.0|새우, 꽃새우, 삶아서 말린것:1.0|멸치, 대멸치, 삶아서 말린것:1.0|명태, 북어, 말린것:1.0|밀, 중력밀가루:2.0|표고버섯, 배지재배, 말린것:2.5|고추장, 개량:5.0|된장, 개량:5.0|양파, 생것:10.0|바지락, 생것:10.0|콩나물, 생것:15.0|달걀, 생것:20.0|쑥, 생것:30.0|마늘, 생것:1.0|파, 대파, 생것:1.0|새우, 꽃새우, 삶아서 말린것:1.0|멸치, 대멸치, 삶아서 말린것:1.0|명태, 북어, 말린것:1.0|밀, 중력밀가루:2.0|표고버섯, 배지재배, 말린것:2.5|고추장, 개량:5.0|된장, 개량:5.0|양파, 생것:10.0|바지락, 생것:10.0|콩나물, 생것:15.0|달걀, 생것:20.0|쑥, 생것:30.0",
D052036,시래기된장국(소고기맛 조미료),국(탕)류,된장국류,474.0,,,"파, 대파, 생것:2.0|마늘, 생것:3.0|조미료, 쇠고기맛, 가루:1.0|된장, 개량:25.0|무청, 시래기, 말린것, 삶은것:43.0",
D052090,실파장국,국(탕)류,된장국류,25.5,,,"마늘, 생것:0.5|다시마, 말린것:1.0|파, 쪽파, 생것:2.0|멸치, 대멸치, 삶아서 말린것:2.0|된장, 개량:5.0|팽이버섯, 생것:15.0",
D052035,시래기된장국(소고기),국(탕)류,된장국류,509.0,,,"파, 쪽파, 생것:2.0|마늘, 생것:2.0|멸치 육수:5.0|고추, 풋고추, 생것:5.0|소고기, 한우, 양지, 삶은것:10.0|된장, 개량:15.0|무청, 시래기, 말린것, 삶은것:70.0",
D052089,시래기국,국(탕)류,된장국류,56.3,,,"멸치, 대멸치, 삶아서 말린것:0.1|소금, 천일염, 가는소금:0.7|마늘, 생것:1.0|다시마, 말린것:1.5|파, 대파, 생것:2.0|된장, 개량:3.0|들깨, 볶은것:8.0|무청, 시래기, 말린것, 삶은것:40.0",
D052142,시금치두부된장국,국(탕)류,된장국류,99.0,,,"다시마, 말린것:0.5|소금, 구운소금:0.5|마늘, 다진것:1.0|파, 대파, 생것:2.0|멸치, 대멸치, 삶아서 말린것:5.0|양파, 생것:10.0|된장, 재래:10.0|두부:30.0|시금치, 생것:40.0",
D052034,"시금치된장국(멸치, 풋고추)",국(탕)류,된장국류,472.0,,,"마늘, 생것:3.0|파, 대파, 생것:4.0|고추, 풋고추, 생것:4.0|멸치 육수:6.0|된장, 개량:10.0|시금치, 데친것:45.0",
D052135,두부시금치된장국,국(탕)류,된장국류,101.2,,,"마늘, 생것:1.0|양파, 생것:1.0|고추, 청양고추, 생것:1.0|새우, 꽃새우, 삶아서 말린것:1.0|멸치, 대멸치, 삶아서 말린것:1.0|명태, 북어, 말린것:1.0|다시마, 말린것:1.0|파, 대파, 생것:1.7|표고버섯, 배지재배, 말린것:2.5|된장, 개량:5.0|무, 조선무, 생것:10.0|두부:15.0|조개, 가무락조개, 생것:20.0|시금치, 생것:40.0|마늘, 생것:1.0|양파, 생것:1.0|고추, 청양고추, 생것:1.0|새우, 꽃새우, 삶아서 말린것:1.0|멸치, 대멸치, 삶아서 말린것:1.0|명태, 북어, 말린것:1.0|다시마, 말린것:1.0|파, 대파, 생것:1.7|표고버섯, 배지재배, 말린것:2.5|된장, 개량:5.0|무, 조선무, 생것:10.0|두부:15.0|조개, 가무락조개, 생것:20.0|시금치, 생것:40.0|마늘, 생것:1.0|양파, 생것:1.0|고추, 청양고추, 생것:1.0|새우, 꽃새우, 삶아서 말린것:1.0|멸치, 대멸치, 삶아서 말린것:1.0|명태, 북어, 말린것:1.0|다시마, 말린것:1.0|파, 대파, 생것:1.7|표고버섯, 배지재배, 말린것:2.5|된장, 개량:5.0|무, 조선무, 생것:10.0|두부:15.0|조개, 가무락조개, 생것:20.0|시금치, 생것:40.0",
D052031,순두부된장국(고추장),국(탕)류,된장국류,624.0,,,"마늘, 생것:1.0|멸치 육수:3.0|파, 쪽파, 생것:5.0|쑥갓, 데친것:5.0|양파, 데친것:10.0|감자, 대지, 삶은것:20.0|고추장, 개량:5.0|된장, 개량:15.0|두부, 순두부:60.0",
D052033,시금치된장국(멸치),국(탕)류,된장국류,468.0,,,"마늘, 생것:3.0|파, 대파, 생것:4.0|멸치 육수:6.0|된장, 개량:10.0|시금치, 데친것:45.0",
D052141,소고기아욱된장국,국(탕)류,된장국류,91.2,,,"소금, 천일염:0.2|마늘, 다진것:1.0|파, 대파, 생것:5.0|된장, 재래:15.0|소고기, 한우(1등급), 목심, 생것:20.0|아욱, 생것:50.0",
D052127,소고기쑥된장국,국(탕)류,된장국류,67.2,,,"파, 대파, 생것:0.7|마늘, 생것:1.0|양파, 생것:1.0|고추, 청양고추, 생것:1.0|새우, 꽃새우, 삶아서 말린것:1.0|멸치, 대멸치, 삶아서 말린것:1.0|명태, 북어, 말린것:1.0|다시마, 말린것:1.0|표고버섯, 배지재배, 생것:2.5|된장, 개량:7.0|무, 조선무, 생것:10.0|쑥, 생것:20.0|소고기, 한우, 양지, 생것:20.0",
D052140,소고기봄동된장국,국(탕)류,된장국류,28.9,,,"다시마, 말린것:0.5|마늘, 생것:0.7|파, 대파, 생것:0.7|멸치, 대멸치, 삶아서 말린것:1.0|된장, 개량:3.0|양파, 생것:6.0|소고기, 한우, 양지, 생것:7.0|배추, 봄동, 생것:10.0",
D052139,소고기배추된장국,국(탕)류,된장국류,67.81,,,"생강, 뿌리줄기, 생것:0.01|소금, 천일염:0.3|참기름:0.5|마늘, 다진것:1.0|파, 대파, 생것:1.0|멸치, 대멸치, 삶아서 말린것:1.0|다시마, 말린것:1.0|고춧가루:1.0|간장, 개량, 양조:2.0|소고기, 한우, 양지, 생것:10.0|된장, 재래:10.0|배추, 생것:40.0",
D052138,소고기감자된장국,국(탕)류,된장국류,99.5,,,"참기름:0.5|소금, 구운소금:1.0|마늘, 다진것:3.0|파, 대파, 생것:5.0|양파, 생것:10.0|소고기, 한우(1등급), 목심, 생것:15.0|된장, 개량:15.0|감자, 대지, 생것:50.0",
D052078,샤브된장국,국(탕)류,된장국류,203.5,,,"마늘, 다진것:5.0|된장, 개량:5.0|마늘, 생것:10.0|파, 대파, 생것:20.0|닭고기, 가슴, 생것:50.0|고추, 빨간색, 생것:3.0|고추, 청양고추, 생것:3.0|파, 쪽파, 생것:10.0|팽이버섯, 생것:20.0|느타리버섯, 생것:20.0|들깻잎, 생것:7.5|소고기, 한우(1등급), 양지(업진살), 생것:50.0",
D052083,새우단배추된장국,국(탕)류,된장국류,438.3,,대두(콩),"대두, 콩가루:10.0|표고버섯, 가루:3.0|된장, 개량:10.0|생수:300.0|다시마, 말린것:2.5|멸치, 대멸치, 삶아서 말린것:2.5|무, 조선무, 생것:15.0|새우, 대하, 말린것:10.0|두부:25.0|파, 대파, 생것:5.0|배추, 생것:25.0|호박, 애호박, 생것:20.0|양파, 생것:10.0|마늘, 생것:0.3",
D052099,부추된장국,국(탕)류,된장국류,35.5,,,"마늘, 생것:0.5|다시마, 말린것:1.0|파, 대파, 생것:2.0|멸치, 대멸치, 삶아서 말린것:2.0|된장, 개량:5.0|부추, 두메부추, 생것:10.0|무, 조선무, 생것:15.0",
D052098,봄동된장국,국(탕)류,된장국류,76.5,,,"마늘, 생것:0.5|파, 대파, 생것:2.0|멸치, 대멸치, 삶아서 말린것:2.0|고춧가루:2.0|된장, 개량:10.0|배추, 봄동, 생것:60.0",
D052111,보리순된장국,국(탕)류,된장국류,60.2,,,"소금, 천일염, 가는소금:0.2|마늘, 생것:0.5|간장, 개량, 양조:0.5|파, 대파, 생것:1.0|다시마, 말린것:1.0|멸치, 대멸치, 삶아서 말린것:2.0|양파, 생것:5.0|표고버섯, 배지재배, 생것:5.0|된장, 개량:5.0|보리, 쌀보리, 순, 생것:40.0",
D052088,버섯장국,국(탕)류,된장국류,40.5,,,"마늘, 생것:0.5|다시마, 말린것:1.0|파, 대파, 생것:2.0|멸치, 대멸치, 삶아서 말린것:2.0|된장, 개량:5.0|무, 조선무, 생것:10.0|느타리버섯, 생것:10.0|표고버섯, 배지재배, 생것:10.0",
D052030,버섯된장국(팽이버섯),국(탕)류,된장국류,531.0,,,"멸치 육수:2.0|마늘, 생것:2.0|간장, 재래:2.0|파, 대파, 생것:6.0|배추, 생것:20.0|무, 조선무, 생것:25.0|두부:50.0|된장, 개량:14.0|팽이버섯, 데친것:10.0",
D052029,버섯된장국(양송이버섯),국(탕)류,된장국류,537.0,,,"마늘, 생것:2.0|파, 대파, 생것:6.0|배추, 생것:20.0|무, 조선무, 생것:25.0|두부:50.0|된장, 개량:14.0|양송이버섯, 데친것:20.0",
D052025,배추된장국(무),국(탕)류,된장국류,517.0,,,"마늘, 생것:2.0|파, 대파, 생것:6.0|두부:50.0|무, 조선무, 생것:25.0|된장, 개량:14.0|배추, 생것:20.0",
D052023,"배추된장국(고추장, 호박)",국(탕)류,된장국류,501.0,,,"조미료, 쇠고기맛, 가루:2.0|마늘, 생것:3.0|파, 대파, 생것:5.0|호박, 애호박, 데친것:25.0|고추장, 개량:13.0|된장, 개량:13.0|배추, 생것:40.0",
D052028,배추된장국(조개살),국(탕)류,된장국류,525.0,,,"마늘, 생것:1.0|고추, 빨간색, 생것:2.0|간장, 재래:2.0|당근, 뿌리, 데친것:5.0|조개, 살조개, 생것:30.0|된장, 개량:15.0|배추, 생것:70.0",
D052026,배추된장국(소고기),국(탕)류,된장국류,509.0,,,"파, 쪽파, 생것:2.0|마늘, 생것:2.0|멸치 육수:5.0|고추, 풋고추, 생것:5.0|소고기, 한우, 양지, 삶은것:10.0|된장, 개량:15.0|배추, 데친것:70.0",
D052021,"배추된장국(고추장, 시금치)",국(탕)류,된장국류,496.0,,,"조미료, 쇠고기맛, 가루:2.0|마늘, 생것:3.0|파, 대파, 생것:5.0|시금치, 데친것:20.0|고추장, 개량:13.0|된장, 개량:13.0|배추, 생것:40.0",
D052020,배추된장국(고추장),국(탕)류,된장국류,481.0,,,"조미료, 쇠고기맛, 가루:2.0|마늘, 생것:3.0|파, 대파, 생것:5.0|고추장, 개량:8.0|된장, 개량:8.0|배추, 생것:55.0",
D052024,배추된장국(들깨),국(탕)류,된장국류,519.0,,,"소금, 천일염, 가는소금:1.0|마늘, 생것:1.0|참기름:2.0|멸치 육수:2.0|파, 대파, 생것:5.0|들깨, 볶은것:40.0|된장, 개량:8.0|배추, 생것:60.0",
D052022,"배추된장국(고추장, 콩가루)",국(탕)류,된장국류,501.0,,,"조미료, 쇠고기맛, 가루:2.0|마늘, 생것:3.0|파, 대파, 생것:5.0|대두, 콩가루:20.0|고추장, 개량:8.0|된장, 개량:8.0|배추, 생것:55.0",
D052153,바지락시금치된장국,국(탕)류,된장국류,79.2,,,"소금, 천일염:0.2|마늘, 다진것:1.0|파, 대파, 생것:2.0|멸치, 대멸치, 삶아서 말린것:2.0|다시마, 말린것:2.0|간장, 개량, 양조:2.0|바지락, 생것:5.0|된장, 재래:15.0|시금치, 생것:50.0",
D052152,바지락살달래된장국,국(탕)류,된장국류,47.3,,,"다시마, 말린것:0.5|마늘, 생것:0.8|파, 대파, 생것:1.0|멸치, 대멸치, 삶아서 말린것:1.0|고추장, 개량:1.0|된장, 개량:3.0|양파, 생것:5.0|달래, 생것:5.0|바지락, 생것:15.0|두부:15.0",
D052126,바지락살냉이국,국(탕)류,된장국류,54.0,,,"마늘, 다진것:1.0|다시마, 말린것:1.0|멸치, 대멸치, 삶아서 말린것:2.0|파, 대파, 생것:3.0|바지락, 생것:7.0|냉이, 생것:10.0|된장, 개량:10.0|콩나물, 생것:20.0",
D052125,바지락된장찌개,국(탕)류,된장국류,132.2,,,"소금, 천일염:0.2|고추, 빨간색, 생것:1.0|고추, 풋고추, 생것:1.0|간장, 개량, 양조:1.0|파, 대파, 생것:2.0|멸치, 대멸치, 삶아서 말린것:2.0|당근, 뿌리, 생것:5.0|감자, 대지, 생것:20.0|바지락, 생것:20.0|된장, 재래:20.0|호박, 애호박, 생것:30.0|두부:30.0",
D052160,바지락냉이된장국(대보름),국(탕)류,된장국류,55.0,,,"마늘, 다진것:1.0|파, 대파, 생것:1.0|멸치, 대멸치, 삶아서 말린것:1.0|다시마, 말린것:1.0|간장, 개량, 양조:1.0|바지락, 생것:10.0|된장, 재래:10.0|냉이, 생것:30.0",
D052019,미역된장국,국(탕)류,된장국류,486.0,,,"마늘, 생것:1.0|파, 대파, 생것:2.0|간장, 재래:2.0|멸치 육수:5.0|호박, 애호박, 데친것:30.0|감자, 대지, 삶은것:30.0|된장, 개량:10.0|미역, 염장, 데친것:6.0",
D052087,미역장국,국(탕)류,된장국류,13.5,,,"마늘, 생것:0.5|다시마, 말린것:1.0|파, 대파, 생것:2.0|멸치, 대멸치, 삶아서 말린것:2.0|미역, 생것:3.0|된장, 개량:5.0",
D052066,미역들깨된장국,국(탕)류,된장국류,220.0,,,"들깨, 볶은것:4.0|마늘, 생것:1.0|파, 대파, 생것:2.0|간장, 재래:2.0|멸치 육수:5.0|감자, 대지, 삶은것:30.0|된장, 개량:10.0|미역, 염장, 데친것:6.0",
D052096,무순된장국,국(탕)류,된장국류,35.2,,,"소금, 천일염, 가는소금:0.2|마늘, 생것:0.5|간장, 개량, 양조:0.5|파, 대파, 생것:1.0|다시마, 말린것:1.0|멸치, 대멸치, 삶아서 말린것:2.0|양파, 생것:5.0|된장, 개량:5.0|무순, 싹, 생것:20.0",
D052071,무된장국,국(탕)류,된장국류,484.0,,대두(콩),"간장, 개량, 양조:7.0|파, 대파, 생것:25.0|마늘, 생것:8.0|멸치, 대멸치, 삶아서 말린것:8.0|된장, 개량:56.0|두부:200.0|배추, 생것:80.0|무, 조선무, 생것:100.0",
D052158,모시조개시금치된장국,국(탕)류,된장국류,82.2,,,"소금, 천일염:0.2|마늘, 다진것:1.0|파, 대파, 생것:2.0|멸치, 대멸치, 삶아서 말린것:2.0|다시마, 말린것:2.0|조개, 가무락조개, 생것:10.0|된장, 재래:15.0|시금치, 생것:50.0",
D052070,들깨우거지국,국(탕)류,된장국류,159.9,,대두(콩),"간장, 재래:3.5|마늘, 생것:2.0|된장, 개량:4.5|파, 대파, 생것:2.5|들깨, 볶은것:6.1|배추, 시래기, 말린것, 삶은것:50.2|간장, 재래:3.5|마늘, 생것:2.0|된장, 개량:4.5|파, 대파, 생것:2.5|들깨, 볶은것:6.1|배추, 시래기, 말린것, 삶은것:50.2|간장, 재래:3.5|마늘, 생것:2.0|된장, 개량:4.5|파, 대파, 생것:2.5|들깨, 볶은것:6.1|배추, 시래기, 말린것, 삶은것:50.2",
D052136,들깨시래기된장국,국(탕)류,된장국류,98.5,,,"양파, 생것:1.0|고추, 청양고추, 생것:1.0|파, 대파, 생것:1.0|새우, 꽃새우, 삶아서 말린것:1.0|멸치, 대멸치, 삶아서 말린것:1.0|명태, 북어, 말린것:1.0|다시마, 말린것:1.0|마늘, 생것:2.0|찹쌀, 백미, 가루:2.0|표고버섯, 배지재배, 생것:2.5|들깨, 볶은것:5.0|무, 조선무, 생것:10.0|된장, 개량:10.0|무청, 시래기, 말린것, 삶은것:30.0|두부:30.0",
D052086,두부장국,국(탕)류,된장국류,71.0,,,"마늘, 생것:2.0|멸치, 대멸치, 삶아서 말린것:2.0|다시마, 말린것:2.0|된장, 개량:5.0|파, 대파, 생것:10.0|두부:50.0",
D052018,"두부된장국(고추장, 실파)",국(탕)류,된장국류,529.0,,,"마늘, 생것:1.0|멸치 육수:3.0|쑥갓, 데친것:5.0|양파, 데친것:10.0|감자, 대지, 삶은것:20.0|고추장, 개량:5.0|파, 쪽파, 생것:10.0|된장, 개량:15.0|두부:60.0",
D052017,"두부된장국(고추장, 무)",국(탕)류,된장국류,544.0,,,"마늘, 생것:1.0|멸치 육수:3.0|파, 쪽파, 생것:5.0|쑥갓, 데친것:5.0|양파, 데친것:10.0|감자, 대지, 삶은것:20.0|고추장, 개량:5.0|된장, 개량:15.0|무, 조선무, 생것:20.0|두부:60.0",
D052122,달래두부된장국,국(탕)류,된장국류,34.3,,대두(콩),"간장, 개량, 양조:0.3|멸치, 대멸치, 삶아서 말린것:2.0|다시마, 말린것:2.0|배추, 생것:5.0|된장, 개량:5.0|달래, 생것:10.0|두부:10.0|간장, 개량, 양조:0.3|멸치, 대멸치, 삶아서 말린것:2.0|다시마, 말린것:2.0|배추, 생것:5.0|된장, 개량:5.0|달래, 생것:10.0|두부:10.0",
D052016,"두부된장국(고추장, 근대)",국(탕)류,된장국류,534.0,,,"마늘, 생것:1.0|멸치 육수:3.0|파, 쪽파, 생것:5.0|쑥갓, 데친것:5.0|양파, 데친것:10.0|감자, 대지, 삶은것:20.0|고추장, 개량:5.0|근대, 데친것:10.0|된장, 개량:15.0|두부:60.0",
D052015,두부된장국(고추장),국(탕)류,된장국류,524.0,,,"마늘, 생것:1.0|멸치 육수:3.0|파, 쪽파, 생것:5.0|쑥갓, 데친것:5.0|양파, 데친것:10.0|감자, 대지, 삶은것:20.0|고추장, 재래:5.0|된장, 개량:15.0|두부:60.0",
D052077,된장냉국,국(탕)류,된장국류,578.0,,,"참기름:3.0|된장, 개량:1.0|고추, 청양고추, 생것:1.0|양파, 생것:0.5|마늘, 다진것:0.5|식초, 사과식초:2.0|설탕, 가루:1.5|대두, 콩가루:1.0|생수:500.0|파, 대파, 생것:10.5|다시마, 말린것:1.0|무, 조선무, 생것:50.0|들깻잎, 생것:1.0|오이, 다다기, 생것:5.0",
D052082,된장시금치옹심이,국(탕)류,된장국류,516.0,,,"소금, 구운소금:1.0|된장, 개량:25.0|바지락, 생것:100.0|밀, 중력밀가루:30.0|고추, 빨간색, 생것:15.0|고추, 초록색, 녹광, 생것:15.0|양파, 생것:50.0|당근, 뿌리, 생것:20.0|호박, 애호박, 생것:30.0|감자, 대지, 생것:80.0|시금치, 생것:150.0",
D052013,달래된장국(멸치),국(탕)류,된장국류,534.0,,,"마늘, 생것:2.0|고춧가루:2.0|고추, 빨간색, 생것:2.0|고추, 풋고추, 생것:10.0|두부:30.0|멸치 육수:3.0|된장, 개량:15.0|달래, 생것:70.0",
D052081,단호박배추된장국,국(탕)류,된장국류,675.0,,,"생수:300.0|양파, 생것:50.0|파, 대파, 생것:50.0|된장, 개량:3.0|고추, 빨간색, 생것:2.0|큰느타리버섯(새송이버섯), 생것:30.0|배추, 생것:50.0|호박, 단호박, 생것:190.0",
D052161,다슬기(올갱이)아욱된장국,국(탕)류,된장국류,74.0,,,"마늘, 다진것:2.0|소금, 구운소금:2.0|파, 대파, 생것:5.0|다슬기, 생것:5.0|된장, 개량:10.0|아욱, 생것:50.0",
D052011,"냉이된장국(고추장, 콩가루)",국(탕)류,된장국류,547.0,,,"마늘, 생것:1.0|멸치 육수:3.0|두부:45.0|고추장, 개량:3.0|대두, 콩가루:10.0|된장, 개량:15.0|냉이, 데친것:70.0",
D052012,달래된장국,국(탕)류,된장국류,531.0,,,"마늘, 생것:2.0|고춧가루:2.0|고추, 빨간색, 생것:2.0|고추, 풋고추, 생것:10.0|두부:30.0|된장, 개량:15.0|달래, 생것:70.0",
D052073,냉이된장국,국(탕)류,된장국류,279.35,,,"후추, 검은색, 가루:0.05|소금, 천일염, 가는소금:0.3|된장, 개량:8.0|마늘, 생것:3.0|파, 대파, 생것:4.0|간장, 재래:3.0|소고기, 한우(1등급), 양지, 생것:30.0|다시마, 생것:1.0|멸치 육수:180.0|냉이, 생것:50.0|후추, 검은색, 가루:0.05|소금, 천일염, 가는소금:0.3|된장, 개량:8.0|마늘, 생것:3.0|파, 대파, 생것:4.0|간장, 재래:3.0|소고기, 한우(1등급), 양지, 생것:30.0|다시마, 생것:1.0|멸치 육수:180.0|냉이, 생것:50.0",
D052095,냉이두부국,국(탕)류,된장국류,85.5,,,"마늘, 생것:1.0|양파, 생것:1.0|고추, 청양고추, 생것:1.0|새우, 꽃새우, 삶아서 말린것:1.0|멸치, 대멸치, 삶아서 말린것:1.0|명태, 북어, 말린것:1.0|다시마, 말린것:1.0|조개, 가무락조개, 생것:2.0|표고버섯, 배지재배, 말린것:2.5|파, 대파, 생것:7.0|된장, 개량:7.0|무, 조선무, 생것:10.0|냉이, 생것:20.0|두부:30.0",
D052010,"냉이된장국(고추장, 바지락)",국(탕)류,된장국류,552.0,,,"마늘, 생것:1.0|멸치 육수:3.0|두부:45.0|고추장, 개량:3.0|바지락, 생것:15.0|된장, 개량:15.0|냉이, 데친것:70.0",
D052009,냉이된장국(고추장),국(탕)류,된장국류,537.0,,,"마늘, 생것:1.0|멸치 육수:3.0|두부:45.0|고추장, 개량:3.0|된장, 개량:15.0|냉이, 데친것:70.0",
D052007,꽃게된장국,국(탕)류,된장국류,566.0,,,"마늘, 생것:1.0|고추, 풋고추, 생것:5.0|호박, 애호박, 데친것:25.0|무, 조선무, 생것:40.0|된장, 개량:15.0|게, 꽃게, 찐것:80.0",
D052094,근대토장국,국(탕)류,된장국류,77.81,,,"다시마, 말린것:0.31|마늘, 생것:0.5|파, 대파, 생것:1.0|멸치, 대멸치, 삶아서 말린것:1.0|무, 조선무, 생것:5.0|양파, 생것:5.0|된장, 개량:5.0|고추장, 개량:10.0|근대, 생것:50.0",
D052005,근대된장국,국(탕)류,된장국류,495.0,,,"마늘, 생것:1.0|멸치 육수:3.0|파, 쪽파, 생것:6.0|된장, 개량:15.0|근대, 데친것:70.0",
D054014,코다리맑은탕,국(탕)류,냉국류,461.0,,,"후추, 흰색, 가루:1.0|간장, 개량, 양조:15.0|마늘, 다진것:15.0|참기름:15.0|송이버섯, 생것:25.0|미나리, 물미나리, 생것:25.0|고추, 청양고추, 생것:30.0|양파, 생것:15.0|감자, 대지, 생것:60.0|무, 조선무, 생것:60.0|명태, 코다리, 반건조:200.0",
D052151,근대바지락살된장국,국(탕)류,된장국류,103.0,,,"마늘, 다진것:3.0|파, 대파, 생것:3.0|고추장, 개량:5.0|바지락, 생것:7.0|양파, 생것:10.0|멸치, 대멸치, 삶아서 말린것:10.0|된장, 개량:15.0|근대, 생것:50.0",
D052004,고비된장국,국(탕)류,된장국류,489.0,,,"마늘, 생것:1.0|멸치 육수:3.0|파, 대파, 생것:5.0|양파, 데친것:9.0|바지락, 생것:9.0|두부:30.0|된장, 개량:12.0|고비, 야생, 말린것, 삶은것:20.0",
D052006,근대된장국(고추장),국(탕)류,된장국류,524.0,,,"소금, 천일염, 가는소금:2.0|멸치 육수:2.0|마늘, 생것:2.0|고춧가루:2.0|파, 쪽파, 생것:6.0|된장, 개량:15.0|고추장, 개량:25.0|근대, 데친것:70.0",
D052001,감자된장국,국(탕)류,된장국류,528.0,,,"마늘, 생것:1.0|파, 쪽파, 생것:2.0|간장, 재래:2.0|멸치 육수:3.0|쑥갓, 데친것:5.0|양파, 데친것:10.0|두부:40.0|된장, 개량:15.0|감자, 대지, 삶은것:50.0",
D052002,감자된장국(고비),국(탕)류,된장국류,529.0,,,"마늘, 생것:1.0|멸치 육수:3.0|파, 대파, 생것:5.0|양파, 데친것:9.0|바지락, 생것:9.0|된장, 개량:12.0|두부:30.0|고비, 야생, 말린것, 삶은것:20.0|감자, 대지, 삶은것:40.0",
D052003,"감자된장국(열무, 고추장)",국(탕)류,된장국류,499.0,,,"마늘, 생것:1.0|파, 쪽파, 생것:3.0|멸치 육수:5.0|고추장, 개량:5.0|열무, 데친것:50.0|된장, 개량:15.0|감자, 대지, 삶은것:20.0",
D054015,콩나물냉국,국(탕)류,냉국류,72.0,,,"소금, 천일염, 가는소금:2.0|마늘, 생것:5.0|파, 대파, 생것:5.0|멸치 육수:20.0|콩나물, 생것:40.0",
D054006,초계탕,국(탕)류,냉국류,648.0,,,"후추, 검은색, 가루:1.0|파, 대파, 생것:1.0|마늘, 생것:2.0|밀, 중력밀가루:3.0|겨자 페이스트:3.0|소금, 천일염, 가는소금:4.0|생강, 뿌리줄기, 생것:4.0|식초, 양조:5.0|당근, 뿌리, 데친것:5.0|간장, 재래:5.0|표고버섯, 참나무재배, 말린것, 삶은것:10.0|호박, 애호박, 데친것:25.0|달걀, 부침(달걀프라이):60.0|닭고기, 영계, 삶은것:120.0",
D054005,오이냉국(콩나물),국(탕)류,냉국류,414.0,,,"참깨, 흰색, 볶은것:1.0|마늘, 생것:1.0|소금, 천일염, 가는소금:2.0|식초, 감식초:5.0|고추, 풋고추, 생것:5.0|양파, 생것:20.0|콩나물, 삶은것:10.0|오이, 다다기, 생것:70.0",
D054020,수박미역냉국,국(탕)류,냉국류,40.5,,,"고춧가루:0.3|소금, 천일염, 가는소금:0.3|마늘, 생것:0.5|멸치, 대멸치, 삶아서 말린것:1.0|다시마, 말린것:1.0|간장, 개량, 양조:1.0|설탕, 백설탕:1.4|미역, 말린것:2.0|식초, 사과식초:3.0|오이, 취청, 생것:10.0|수박, 적육질, 생것:20.0",
D054017,도토리묵냉국,국(탕)류,냉국류,70.5,,,"설탕, 백설탕:0.5|멸치, 대멸치, 삶아서 말린것:1.0|다시마, 말린것:1.0|참기름:1.0|간장, 개량, 양조:1.0|매실청:1.0|소금, 천일염, 가는소금:1.0|식초, 양조:1.0|김, 참김, 구운것:2.0|양배추, 생것:7.0|오이, 취청, 생것:7.0|김치, 배추 김치:7.0|도토리묵:40.0",
D055014,홍합해장국,국(탕)류,기타,128.5,,,"소금, 천일염, 소금꽃:1.0|마늘, 다진것:1.5|고춧가루:1.5|밀, 중력밀가루:2.5|큰느타리버섯(새송이버섯), 생것:10.0|고추장, 개량:12.0|부추, 솔부추, 생것:20.0|달걀, 생것:20.0|담치, 참담치(홍합), 생것:60.0",
D054013,삼색묵냉국,국(탕)류,냉국류,605.0,,,"참깨, 검은색, 볶은것:5.0|참깨, 흰색, 볶은것:5.0|들깨, 볶은것:5.0|미소:3.0|생수:300.0|소고기, 한우(1++등급), 양지, 생것:5.0|생강, 뿌리줄기, 생것:5.0|마늘, 생것:5.0|파, 대파, 생것:5.0|멸치, 대멸치, 삶아서 말린것:10.0|다시마, 말린것:5.0|무, 조선무, 생것:5.0|쑥갓, 생것:5.0|목이버섯, 생것:5.0|달걀, 생것:30.0|고추, 풋고추, 생것:2.0|고추, 빨간색, 생것:2.0|파프리카, 노란색, 생것:8.0|아스파라거스, 생것:8.0|당근, 뿌리, 생것:5.0|오이, 다다기, 생것:8.0|양파, 생것:8.0|양파, 적색, 생것:5.0|방울다다기양배추, 생것:11.0|녹두묵:50.0|메밀묵:50.0|도토리묵:50.0",
D054002,미역냉국(고춧가루),국(탕)류,냉국류,365.0,,,"참깨, 흰색, 볶은것:1.0|설탕, 백설탕:1.0|참기름:2.0|소금, 천일염, 가는소금:2.0|마늘, 생것:2.0|파, 쪽파, 생것:3.0|고추, 풋고추, 생것:5.0|식초, 감식초:15.0|양파, 생것:20.0|고춧가루:2.0|미역, 염장, 데친것:12.0",
D054012,들깨냉채,국(탕)류,냉국류,97.0,,,"들깨, 볶은것:3.0|물엿:5.0|식초, 감식초:4.0|생수:7.0|간장, 개량, 양조:6.0|고추, 빨간색, 생것:2.0|비타민채(다채), 어린잎, 생것:10.0|토마토, 생것:30.0|오이, 취청, 생것:30.0",
D054004,오이냉국(미역),국(탕)류,냉국류,408.0,,,"마늘, 생것:1.0|소금, 천일염, 가는소금:2.0|식초, 감식초:5.0|고추, 빨간색, 생것:5.0|양파, 생것:20.0|미역, 염장, 데친것:5.0|오이, 다다기, 생것:70.0",
D054021,참외오이냉국,국(탕)류,냉국류,38.5,,,"고춧가루:0.3|소금, 천일염, 가는소금:0.3|마늘, 생것:0.5|멸치, 대멸치, 삶아서 말린것:1.0|다시마, 말린것:1.0|간장, 개량, 양조:1.0|설탕, 백설탕:1.4|식초, 사과식초:3.0|오이, 취청, 생것:10.0|참외, 생것, 씨 제거:20.0",
D054018,도토리묵채국,국(탕)류,냉국류,68.9,,,"소금, 구운소금:0.3|마늘, 다진것:0.5|김, 참김, 말린것:0.5|참깨, 흰색, 볶은것:0.5|참기름:0.5|간장, 개량, 양조:0.6|파, 쪽파, 생것:3.0|멸치, 대멸치, 삶아서 말린것:3.0|김치, 배추 김치:20.0|도토리묵:40.0",
D054011,닭가슴살냉국,국(탕)류,냉국류,271.25,,,"생수:180.0|간장, 개량, 양조:6.0|마늘, 생것:2.0|후추, 검은색, 가루:0.05|소금, 천일염, 가는소금:1.2|오이, 취청, 생것:40.0|닭고기, 가슴, 생것:40.0|다시마, 말린것:2.0",
D055027,해물토마토스튜,국(탕)류,기타,667.0,,,"월계수, 잎, 말린것:0.5|정향, 가루:0.5|소금, 천일염, 가는소금:0.5|후추, 흰색, 가루:0.5|버터, 무가염:1.0|밀, 중력밀가루:2.0|마늘, 생것:5.0|새우, 꽃새우, 생것:5.0|당근, 뿌리, 생것:10.0|오징어, 생것:10.0|양파, 생것:12.0|담치, 참담치(홍합), 생것:15.0|우스터 소스:15.0|토마토, 통조림, 페이스트:25.0|토마토, 통조림, 퓌레:25.0|사과, 생것:40.0|생수:500.0",
D055026,토마토채소수프,국(탕)류,기타,96.96,,,"오레가노, 말린것:0.03|후추, 검은색, 가루:0.03|월계수, 잎, 말린것:0.3|파슬리, 말린것:0.3|소금, 구운소금:0.3|올리브유:2.0|마늘, 다진것:4.0|양송이버섯, 생것:5.0|파, 대파, 생것:5.0|당근, 뿌리, 생것:10.0|양파, 생것:10.0|셀러리, 생것:10.0|토마토, 통조림, 페이스트:10.0|토마토, 생것:20.0|양배추, 생것:20.0",
D055021,흑미크림수프,국(탕)류,기타,143.1,,,"후추, 흰색, 가루:0.1|소금, 천일염, 가는소금:1.0|버터, 무가염:2.0|치즈, 파르메산(파마산):5.0|베이컨:5.0|양파, 생것:10.0|크림, 생크림:10.0|찹쌀, 현미, 흑미, 생것:30.0|우유:80.0",
D055006,해물짬뽕,국(탕)류,기타,142.6,,,"후추, 검은색, 가루:0.1|소금, 천일염, 소금꽃:0.5|생강, 뿌리줄기, 생것:1.0|목이버섯, 데친것:1.0|마늘, 생것:2.0|표고버섯, 배지재배, 생것:2.0|파, 대파, 생것:2.0|당근, 뿌리, 생것:3.0|부추, 솔부추, 생것:3.0|청경채, 생것:5.0|새우, 꽃새우, 생것:5.0|간장, 개량, 양조:5.0|호박, 애호박, 생것:8.0|대나무순(죽순), 생것:10.0|돼지고기, 앞다리(앞다리살), 생것:10.0|오징어, 생것:15.0|양파, 생것:20.0|담치, 참담치(홍합), 생것:20.0|배추, 생것:30.0",
D055025,크루통감자수프,국(탕)류,기타,72.0,,,"버터, 무가염:1.0|소금, 천일염, 가는소금:1.0|양파, 생것:5.0|빵, 식빵, 우유:5.0|감자, 대지, 생것:30.0|우유:30.0",
D055024,차돌박이짬뽕국,국(탕)류,기타,162.6,,,"후추, 검은색, 가루:0.1|소금, 천일염, 소금꽃:0.5|생강, 뿌리줄기, 생것:1.0|목이버섯, 데친것:1.0|마늘, 생것:2.0|표고버섯, 배지재배, 생것:2.0|파, 대파, 생것:2.0|당근, 뿌리, 생것:3.0|부추, 솔부추, 생것:3.0|청경채, 생것:5.0|새우, 꽃새우, 생것:5.0|간장, 개량, 양조:5.0|호박, 애호박, 생것:8.0|대나무순(죽순), 생것:10.0|오징어, 생것:15.0|양파, 생것:20.0|담치, 참담치(홍합), 생것:20.0|배추, 생것:30.0|소고기, 한우, 양지, 생것:30.0",
D055013,짬뽕순두부,국(탕)류,기타,171.1,,,"참기름:0.5|목이버섯, 데친것:0.6|마늘, 생것:2.0|파, 대파, 생것:2.0|간장, 개량, 양조:2.0|부추, 솔부추, 생것:3.0|담치, 참담치(홍합), 생것:5.0|당근, 뿌리, 생것:8.0|양배추, 생것:15.0|호박, 애호박, 생것:15.0|굴 소스:18.0|양파, 생것:20.0|오징어, 생것:20.0|두부, 순두부:60.0",
D055020,우유감자스프,국(탕)류,기타,79.02,,,"파슬리, 말린것:0.01|후추, 흰색, 가루:0.01|마늘, 생것:1.0|양파, 생것:8.0|감자, 대지, 생것:10.0|버터, 무가염:10.0|크림, 휘핑, 식물성:10.0|우유:20.0|스프, 크림 스프, 가루:20.0",
D055012,옥수수스프,국(탕)류,기타,105.12,,,"파슬리, 말린것:0.05|후추, 흰색, 가루:0.07|우유:5.0|스프, 크림 스프, 가루:10.0|옥수수, 통조림, 가당:10.0|양파, 생것:15.0|옥수수, 단옥수수, 삶은것:65.0",
D055030,스위트콘크림스프,국(탕)류,기타,57.02,,,"파슬리, 말린것:0.01|후추, 흰색, 가루:0.01|마늘, 생것:1.0|버터, 무가염:2.0|우유:2.0|크림, 휘핑, 식물성:2.0|옥수수, 통조림, 가당:10.0|양파, 생것:15.0|스프, 크림 스프, 가루:25.0",
D055011,양송이스프,국(탕)류,기타,81.02,,,"파슬리, 말린것:0.01|후추, 흰색, 가루:0.01|마늘, 생것:1.0|양파, 생것:10.0|양송이버섯, 생것:10.0|버터, 무가염:10.0|우유:15.0|크림, 휘핑, 식물성:15.0|스프, 양송이 스프, 가루:20.0",
D055010,소고기스프,국(탕)류,기타,94.02,,,"파슬리, 말린것:0.01|후추, 흰색, 가루:0.01|마늘, 생것:1.0|당근, 뿌리, 생것:3.0|셀러리, 생것:5.0|양배추, 생것:5.0|양파, 생것:10.0|소고기, 한우, 등심, 생것:10.0|버터, 무가염:10.0|우유:15.0|크림, 휘핑, 식물성:15.0|스프, 크림 스프, 가루:20.0",
D055022,시금치감자수프,국(탕)류,기타,127.0,,,"버터, 무가염:1.0|소금, 천일염, 가는소금:1.0|잣, 볶은것:2.0|양파, 생것:3.0|크림, 생크림:10.0|멥쌀, 백미, 밥:10.0|우유:20.0|감자, 대지, 생것:30.0|시금치, 생것:50.0",
D055005,장터국밥,국(탕)류,기타,168.0,,,"마늘, 생것:1.0|참기름:2.0|파, 대파, 생것:5.0|무, 조선무, 생것:10.0|소고기, 한우, 양지, 생것:15.0|된장, 개량:15.0|고춧가루:20.0|콩나물, 생것:30.0|양지국물:30.0|무청, 시래기, 말린것, 삶은것:40.0",
D055023,옥수수크림스프,국(탕)류,기타,91.02,,,"파슬리, 말린것:0.01|후추, 흰색, 가루:0.01|마늘, 생것:1.0|버터, 무가염:10.0|옥수수, 통조림, 가당:10.0|양파, 생것:15.0|우유:15.0|크림, 휘핑, 식물성:15.0|스프, 크림 스프, 가루:25.0",
D055019,아브고레모노,국(탕)류,기타,74.1,,,"후추, 흰색, 가루:0.1|파슬리, 말린것:1.0|소금, 구운소금:1.0|레몬, 생것:2.0|닭 육수:10.0|닭고기, 다리(넓적다리), 삶은것:20.0|달걀, 생것:40.0",
D055029,브로콜리크림스프,국(탕)류,기타,88.12,,,"파슬리, 말린것:0.01|후추, 흰색, 가루:0.01|소금, 천일염, 소금꽃:0.1|양파, 생것:8.0|버터, 무가염:10.0|브로콜리, 생것:15.0|우유:15.0|크림, 휘핑, 식물성:15.0|스프, 크림 스프, 가루:25.0",
D055028,브로콜리감자스프,국(탕)류,기타,99.02,,,"파슬리, 말린것:0.01|후추, 흰색, 가루:0.01|마늘, 생것:1.0|양파, 생것:8.0|감자, 대지, 생것:10.0|버터, 무가염:10.0|크림, 휘핑, 식물성:10.0|브로콜리, 생것:20.0|우유:20.0|스프, 크림 스프, 가루:20.0",
D055003,백짬뽕국,국(탕)류,기타,127.6,,,"후추, 검은색, 가루:0.1|소금, 천일염, 소금꽃:0.5|생강, 뿌리줄기, 생것:1.0|목이버섯, 말린것:1.0|마늘, 생것:2.0|표고버섯, 배지재배, 생것:2.0|파, 대파, 생것:2.0|당근, 뿌리, 생것:3.0|부추, 솔부추, 생것:3.0|청경채, 생것:5.0|새우, 꽃새우, 생것:5.0|간장, 개량, 양조:5.0|호박, 애호박, 생것:8.0|대나무순(죽순), 생것:10.0|오징어, 생것:10.0|양파, 생것:20.0|담치, 참담치(홍합), 생것:20.0|배추, 생것:30.0",
D053079,흑미삼계탕,국(탕)류,곰국 및 탕류,450.0,,,"생수:300.0|발효주, 청주, 알코올 16%:10.0|파, 대파, 생것:15.0|생강, 뿌리줄기, 생것:2.0|마늘, 생것:8.0|밤, 생것:10.0|대추, 말린것:5.0|인삼, 수삼, 생것:10.0|닭고기, 영계, 삶은것:60.0|멥쌀, 현미, 흑진주벼, 생것:30.0",
D055001,감자스프,국(탕)류,기타,79.02,,,"파슬리, 말린것:0.01|후추, 흰색, 가루:0.01|마늘, 생것:1.0|양파, 생것:8.0|감자, 대지, 생것:10.0|버터, 무가염:10.0|크림, 휘핑, 식물성:10.0|우유:20.0|스프, 크림 스프, 가루:20.0",
D055009,버섯매운국,국(탕)류,기타,120.5,,,"소금, 천일염, 가는소금:0.5|마늘, 생것:1.0|새우, 꽃새우, 삶아서 말린것:1.0|멸치, 대멸치, 삶아서 말린것:1.0|명태, 북어, 말린것:1.0|다시마, 말린것:1.0|파, 대파, 생것:1.5|쑥갓, 생것:2.0|간장, 개량, 양조:2.0|고추장, 개량:2.5|고추, 청양고추, 생것:3.0|고춧가루:4.0|표고버섯, 배지재배, 생것:5.0|호박, 애호박, 생것:5.0|무, 조선무, 생것:10.0|팽이버섯, 생것:10.0|양파, 생것:15.0|느타리버섯, 생것:15.0|배추, 생것:20.0|두부:20.0",
D055008,마크림스프,국(탕)류,기타,181.02,,,"파슬리, 말린것:0.01|후추, 흰색, 가루:0.01|마늘, 생것:1.0|버터, 무가염:10.0|양파, 생것:15.0|크림, 휘핑, 식물성:15.0|스프, 크림 스프, 가루:20.0|우유:20.0|마, 단마, 생것:100.0",
D055017,당근크림스프,국(탕)류,기타,52.02,,,"파슬리, 말린것:0.01|후추, 흰색, 가루:0.01|당근, 뿌리, 생것:1.0|마늘, 생것:1.0|버터, 무가염:10.0|양파, 생것:15.0|스프, 크림 스프, 가루:25.0",
D055007,고구마수프,국(탕)류,기타,108.0,,,"버터, 무가염:1.0|밀, 중력밀가루:2.0|양파, 생것:5.0|고구마, 점질(호박) 고구마, 생것:50.0|우유:50.0",
D055016,감자크림스프,국(탕)류,기타,93.02,,,"파슬리, 말린것:0.01|후추, 흰색, 가루:0.01|마늘, 생것:1.0|양파, 생것:10.0|버터, 무가염:10.0|우유:15.0|크림, 휘핑, 식물성:15.0|감자, 대지, 생것:17.0|스프, 크림 스프, 가루:25.0",
D053123,한우알토란탕,국(탕)류,곰국 및 탕류,102.5,,,"소금, 천일염, 소금꽃:0.5|마늘, 다진것:1.0|멸치, 대멸치, 삶아서 말린것:1.0|다시마, 말린것:1.0|간장, 재래:1.0|파, 대파, 생것:3.0|양파, 생것:5.0|두부:10.0|토란, 생것:20.0|무, 조선무, 생것:30.0|소고기, 한우, 양지, 생것:30.0",
D053077,토란 들깨탕,국(탕)류,곰국 및 탕류,303.2,,,"파, 쪽파, 생것:2.0|소금, 천일염, 가는소금:1.1|후추, 검은색, 가루:0.1|참기름:2.0|간장, 개량, 양조:7.0|생수:200.0|들깨, 볶은것:5.0|마늘, 생것:7.0|파, 대파, 생것:9.0|소고기, 한우(1등급), 양지, 생것:30.0|토란, 생것:40.0",
D053031,해물탕(고추장),국(탕)류,곰국 및 탕류,633.0,,,"마늘, 생것:1.0|고춧가루:3.0|소금, 천일염, 가는소금:4.0|파, 대파, 생것:5.0|쑥갓, 데친것:5.0|고추장, 개량:5.0|콩나물, 삶은것:20.0|미더덕, 생것:20.0|무, 조선무, 생것:20.0|담치, 참담치(홍합), 생것:10.0|조개, 살조개, 생것:10.0|오징어, 구운것:30.0",
D053078,하계백탕,국(탕)류,곰국 및 탕류,465.6,,,"파프리카, 노란색, 생것:10.0|파프리카, 빨간색, 생것:10.0|표고버섯, 참나무재배, 말린것:5.0|오이, 취청, 생것:30.0|후추, 검은색, 가루:0.1|소금, 천일염, 가는소금:2.5|생강, 뿌리줄기, 생것:2.0|마늘, 생것:6.0|생수:300.0|파, 대파, 생것:8.0|참깨, 흰색, 볶은것:2.0|닭고기, 성계, 생것:90.0",
D053111,채소게살탕,국(탕)류,곰국 및 탕류,83.5,,,"소금, 천일염, 가는소금:1.0|마늘, 생것:2.5|새우, 젓갈, 토굴육젓:5.0|당근, 뿌리, 생것:10.0|양파, 생것:10.0|팽이버섯, 생것:10.0|파, 대파, 생것:15.0|게맛살, 어육함량이 높은것:30.0",
D053113,황태설렁탕,국(탕)류,곰국 및 탕류,97.61,,,"월계수, 잎, 말린것:0.01|후추, 검은색, 가루:0.1|생강, 뿌리줄기, 생것:0.5|소금, 천일염, 소금꽃:1.0|마늘, 다진것:2.0|부추, 솔부추, 생것:3.0|새우, 젓갈:3.0|명태, 황태, 포, 말린것:4.0|양지국물:4.0|파, 대파, 생것:5.0|달걀, 생것:10.0|두부:15.0|콩나물, 생것:50.0",
D053092,홍합탕,국(탕)류,곰국 및 탕류,122.83,,,"후추, 검은색, 가루:0.03|소금, 천일염, 가는소금:0.3|마늘, 다진것:0.5|고추, 빨간색, 생것:0.5|파, 쪽파, 생것:0.5|다시마, 말린것:1.0|무, 조선무, 생것:20.0|담치, 참담치(홍합), 생것:100.0",
D053082,해물들깨탕,국(탕)류,곰국 및 탕류,1036.0,,,"파, 대파, 생것:7.0|마늘, 다진것:15.0|간장, 개량, 양조:15.0|들깨, 볶은것:100.0|발효주, 청주, 알코올 16%:15.0|달걀, 생것:60.0|고추, 빨간색, 생것:17.0|고추, 초록색, 녹광, 생것:17.0|양파, 생것:560.0|새우, 중하, 생것:50.0|전복, 북방전복, 생것:100.0|주꾸미, 생것:80.0",
D053132,표고버섯들깨탕,국(탕)류,곰국 및 탕류,136.0,,,"마늘, 다진것:1.0|다시마, 말린것:1.0|파, 쪽파, 생것:2.0|간장, 개량, 양조:2.0|양파, 생것:20.0|들깨, 볶은것:20.0|표고버섯, 배지재배, 생것:40.0|두부:50.0",
D053112,콩비지백탕,국(탕)류,곰국 및 탕류,60.3,,,"소금, 천일염, 가는소금:0.3|마늘, 생것:0.5|다시마, 말린것:1.0|파, 대파, 생것:1.5|멸치, 대멸치, 삶아서 말린것:2.0|무, 조선무, 생것:10.0|배추, 데친것:15.0|비지:30.0",
D053086,코다리 뿌리채소 들깨탕,국(탕)류,곰국 및 탕류,818.7,,,"생수:500.0|소금, 천일염, 가는소금:0.2|후추, 검은색, 가루:0.5|생강, 뿌리줄기, 생것:0.5|마늘, 생것:1.5|들깨, 볶은것:15.0|다시마, 말린것:1.0|멸치, 생것:1.0|고추, 빨간색, 생것:1.0|쑥갓, 생것:1.0|고추, 청양고추, 생것:2.0|양파, 생것:10.0|파, 대파, 생것:5.0|표고버섯, 배지재배, 생것:10.0|느타리버섯, 생것:10.0|우엉, 생것:10.0|호박, 애호박, 생것:20.0|연근, 생것:20.0|무, 조선무, 생것:60.0|명태, 코다리, 반건조:150.0",
D053030,추어탕(고추장),국(탕)류,곰국 및 탕류,763.0,,,"참기름:1.0|고춧가루:1.0|소금, 천일염, 가는소금:2.0|들깨, 볶은것:2.0|생강, 뿌리줄기, 생것:5.0|마늘, 생것:5.0|파, 대파, 생것:7.0|된장, 개량:10.0|고추장, 개량:20.0|무, 조선무, 생것:40.0|미꾸리, 생것:70.0",
D053029,짬뽕국,국(탕)류,곰국 및 탕류,782.0,,,"소금, 천일염, 가는소금:1.0|마늘, 생것:1.0|부추, 재래종, 데친것:5.0|고춧가루:5.0|양파, 데친것:10.0|양배추, 데친것:10.0|당근, 뿌리, 데친것:10.0|호박, 애호박, 데친것:20.0|무, 조선무, 생것:20.0|콩기름:30.0|담치, 참담치(홍합), 생것:10.0|조개, 살조개, 생것:10.0|돼지고기, 등심, 구운것(팬):20.0|오징어, 구운것:30.0",
D053131,차돌박이육개장,국(탕)류,곰국 및 탕류,124.0,,,"혼합식물성유:1.0|고춧가루:1.0|소금, 천일염, 가는소금:1.0|후추, 흰색, 가루:1.0|마늘, 생것:2.0|간장, 개량, 양조:3.0|파, 대파, 생것:5.0|양파, 생것:10.0|고사리, 데친것:10.0|표고버섯, 배지재배, 생것:10.0|배추, 얼갈이배추, 생것:10.0|토란, 삶은것:10.0|숙주나물, 생것:20.0|소고기, 한우, 양지, 생것:40.0",
D053117,바지락조개탕,국(탕)류,곰국 및 탕류,112.9,,대두(콩),"간장, 재래:0.4|소금, 천일염, 소금꽃:0.7|마늘, 생것:0.8|파, 대파, 생것:2.0|멸치, 대멸치, 삶아서 말린것:2.0|다시마, 말린것:2.0|두부:15.0|무, 조선무, 생것:30.0|바지락, 생것:60.0|간장, 재래:0.4|소금, 천일염, 소금꽃:0.7|마늘, 생것:0.8|파, 대파, 생것:2.0|멸치, 대멸치, 삶아서 말린것:2.0|다시마, 말린것:2.0|두부:15.0|무, 조선무, 생것:30.0|바지락, 생것:60.0",
D053025,우거지해장국(소고기),국(탕)류,곰국 및 탕류,933.0,,,"마늘, 생것:2.0|고춧가루:3.0|고추, 빨간색, 생것:3.0|파, 대파, 생것:10.0|된장, 개량:15.0|콩나물, 삶은것:20.0|소고기, 한우, 양지, 삶은것:30.0|배추, 시래기, 말린것, 삶은것:50.0",
D053028,육수(소고기),국(탕)류,곰국 및 탕류,870.0,,쇠고기,"소고기, 한우, 양지, 삶은것:70.0",
D053024,완자탕(소고기),국(탕)류,곰국 및 탕류,678.0,,,"후추, 검은색, 가루:1.0|참기름:1.0|마늘, 생것:1.0|고추, 빨간색, 생것:1.0|파, 대파, 생것:2.0|소금, 천일염, 가는소금:4.0|밀, 중력밀가루:8.0|두부:10.0|달걀, 삶은것:20.0|소고기, 한우, 양지, 삶은것:30.0",
D053129,얼큰버섯매운탕,국(탕)류,곰국 및 탕류,110.0,,,"마늘, 생것:1.0|고추, 청양고추, 생것:1.0|파, 대파, 생것:1.0|멸치, 대멸치, 삶아서 말린것:1.0|고춧가루:1.0|다시마, 말린것:2.0|고추장, 개량:3.0|표고버섯, 배지재배, 생것:5.0|된장, 개량:5.0|양파, 생것:10.0|큰느타리버섯(새송이버섯), 생것:10.0|팽이버섯, 생것:10.0|두부:10.0|감자, 대지, 생것:15.0|호박, 애호박, 생것:15.0|느타리버섯, 생것:20.0",
D053109,얼큰동태탕,국(탕)류,곰국 및 탕류,177.7,,,"마늘, 생것:0.7|고춧가루:1.0|소금, 천일염, 소금꽃:1.0|고추, 빨간색, 생것:1.5|고추, 풋고추, 생것:1.5|된장, 개량:2.0|고추장, 개량:3.0|쑥갓, 생것:3.5|파, 대파, 생것:3.5|양파, 생것:5.0|미나리, 물미나리, 생것:7.0|미더덕, 주름미더덕, 생것:10.0|콩나물, 생것:18.0|두부:20.0|무, 조선무, 생것:30.0|명태, 동태, 냉동:70.0",
D053110,영양닭곰탕,국(탕)류,곰국 및 탕류,62.91,,,"후추, 검은색, 가루:0.01|소금, 천일염, 소금꽃:0.1|다시마, 말린것:0.2|간장, 재래:0.4|발효주, 청주, 알코올 16%:0.5|생강, 뿌리줄기, 생것:1.0|닭 부산물, 닭발, 생것:1.0|당면, 고구마, 말린것:1.0|대추, 말린것:1.2|인삼, 수삼, 생것:1.5|마늘, 생것:2.0|양파, 생것:3.0|부추, 솔부추, 생것:3.0|파, 대파, 생것:3.0|무, 조선무, 생것:15.0|닭고기, 다리(넓적다리), 생것:30.0",
D053130,얼큰새우매운탕,국(탕)류,곰국 및 탕류,90.0,,,"마늘, 생것:1.0|고추, 청양고추, 생것:1.0|파, 대파, 생것:1.0|멸치, 대멸치, 삶아서 말린것:1.0|고춧가루:1.0|다시마, 말린것:2.0|고추장, 개량:3.0|표고버섯, 배지재배, 생것:5.0|무, 조선무, 생것:10.0|양파, 생것:10.0|콩나물, 생것:15.0|새우, 꽃새우, 생것:40.0",
D053083,주꾸미연포탕,국(탕)류,곰국 및 탕류,801.0,,,"후추, 흰색, 가루:1.0|마늘, 생것:10.0|고추, 청양고추, 생것:20.0|다랑어, 가다랑어 육수:400.0|고추, 초록색, 녹광, 생것:25.0|호박, 단호박, 생것:25.0|미나리, 물미나리, 생것:20.0|파, 대파, 생것:20.0|양파, 생것:50.0|무, 조선무, 생것:30.0|주꾸미, 생것:200.0",
D053097,대파육개장,국(탕)류,곰국 및 탕류,137.5,,,"고추, 청양고추, 생것:0.5|마늘, 다진것:1.0|고추기름:1.0|양파, 생것:5.0|고사리, 데친것:5.0|느타리버섯, 생것:5.0|표고버섯, 배지재배, 생것:5.0|숙주나물, 생것:10.0|배추, 얼갈이배추, 생것:10.0|달걀, 생것:15.0|무, 조선무, 생것:20.0|파, 대파, 생것:20.0|소고기, 한우(1등급), 사태, 생것:40.0|고추, 청양고추, 생것:0.5|마늘, 다진것:1.0|고추기름:1.0|양파, 생것:5.0|고사리, 데친것:5.0|느타리버섯, 생것:5.0|표고버섯, 배지재배, 생것:5.0|숙주나물, 생것:10.0|배추, 얼갈이배추, 생것:10.0|달걀, 생것:15.0|무, 조선무, 생것:20.0|파, 대파, 생것:20.0|소고기, 한우(1등급), 사태, 생것:40.0",
D053076,오리육개장,국(탕)류,곰국 및 탕류,365.0,,,"소금, 천일염, 가는소금:0.9|후추, 검은색, 가루:0.1|발효주, 청주, 알코올 16%:3.0|간장, 개량, 양조:14.0|고춧가루:1.0|고사리, 데친것:30.0|콩나물, 생것:40.0|파, 대파, 생것:10.0|마늘, 생것:6.0|생수:200.0|오리고기, 살코기, 생것:60.0",
D053023,오리백숙,국(탕)류,곰국 및 탕류,909.0,,,"후추, 검은색, 가루:1.0|소금, 천일염, 가는소금:2.0|밤, 생것:5.0|대추, 말린것:5.0|인삼, 수삼, 생것:8.0|마늘, 생것:8.0|찹쌀, 백미, 생것:20.0|오리고기, 살코기, 생것:60.0",
D053121,참치우거지탕,국(탕)류,곰국 및 탕류,63.0,,,"마늘, 다진것:1.0|고추, 청양고추, 생것:1.0|고추장, 개량:1.0|파, 대파, 생것:2.0|된장, 개량:2.0|고춧가루:2.0|들깨, 볶은것:4.0|부추, 솔부추, 생것:5.0|다랑어, 가다랑어, 통조림, 유지:15.0|배추, 시래기, 말린것, 삶은것:30.0",
D053026,우족탕,국(탕)류,곰국 및 탕류,1267.0,,,"후추, 검은색, 가루:1.0|소금, 천일염, 가는소금:2.0|생강, 뿌리줄기, 생것:4.0|파, 쪽파, 생것:5.0|마늘, 생것:5.0|우족국물, 중량3배물:250.0",
D053090,오리탕,국(탕)류,곰국 및 탕류,155.2,,,"후추, 흰색, 가루:0.2|생강, 뿌리줄기, 생것:0.5|대추, 말린것:1.0|월계수, 잎, 말린것:1.0|인삼, 수삼, 생것:1.0|들깻잎, 생것:3.0|들깨, 볶은것:3.0|고춧가루:3.5|된장, 개량:4.0|마늘, 생것:5.0|간장, 개량, 양조:5.0|부추, 두메부추, 생것:8.0|파, 대파, 생것:10.0|토란, 삶은것:30.0|오리고기, 생것, 껍질 포함:80.0",
D053075,오리고기묵은지탕,국(탕)류,곰국 및 탕류,226.2,,대두(콩),"간장, 개량, 양조:3.0|고춧가루:1.0|설탕, 백설탕:2.0|후추, 검은색, 가루:0.2|생강, 뿌리줄기, 생것:1.0|마늘, 생것:7.0|파, 대파, 생것:5.0|무, 조선무, 생것:15.0|된장, 개량:5.0|들깨, 볶은것:2.0|오리고기, 생것, 껍질 포함:60.0|김치, 배추 김치:40.0|감자, 대지, 생것:70.0|양파, 생것:15.0",
D053022,오골계탕,국(탕)류,곰국 및 탕류,929.0,,,"후추, 검은색, 가루:1.0|소금, 천일염, 가는소금:2.0|밤, 생것:5.0|대추, 말린것:5.0|마늘, 생것:8.0|음나무(엄나무), 잎, 데친것:10.0|구기자, 열매, 재래종, 생것:10.0|찹쌀, 백미, 생것:20.0|닭고기, 오골계, 생것:60.0",
D053093,영계백숙,국(탕)류,곰국 및 탕류,230.5,,,"소금, 천일염, 가는소금:0.5|생강, 뿌리줄기, 생것:5.0|인삼, 수삼, 생것:5.0|파, 대파, 생것:5.0|밤, 생것:10.0|대추, 말린것:15.0|마늘, 생것:20.0|찹쌀, 현미, 생것:50.0|닭고기, 영계, 삶은것:120.0",
D053108,얼큰닭개장,국(탕)류,곰국 및 탕류,115.0,,,"마늘, 생것:1.0|고춧가루:1.0|간장, 재래:2.0|파, 대파, 생것:4.0|당면, 고구마, 말린것:7.0|고사리, 데친것:20.0|숙주나물, 생것:20.0|닭고기, 성계, 생것:60.0",
D053094,곤약어묵탕,국(탕)류,곰국 및 탕류,97.03,,,"소금, 천일염:0.03|파, 대파, 생것:2.0|쑥갓, 생것:5.0|곤약(구약나물), 판형, 생것:10.0|무, 조선무, 생것:20.0|어묵:30.0|어묵 국물:30.0|소금, 천일염:0.03|파, 대파, 생것:2.0|쑥갓, 생것:5.0|곤약(구약나물), 판형, 생것:10.0|무, 조선무, 생것:20.0|어묵:30.0|어묵 국물:30.0",
D053137,어린이안매운육개장,국(탕)류,곰국 및 탕류,50.0,,,"마늘, 생것:0.5|다시마, 말린것:0.5|멸치, 대멸치, 삶아서 말린것:1.0|간장, 개량, 양조:1.0|파, 대파, 생것:2.0|고사리, 데친것:5.0|무, 조선무, 생것:10.0|숙주나물, 생것:10.0|소고기, 한우, 등심, 생것:20.0",
D053107,어묵매운탕,국(탕)류,곰국 및 탕류,89.1,,,"소금, 천일염:0.3|후추, 흰색, 가루:0.3|고춧가루:1.5|파, 대파, 생것:2.0|쑥갓, 생것:5.0|무, 조선무, 생것:20.0|어묵:30.0|어묵 국물:30.0",
D053138,쑥애탕국(단오),국(탕)류,곰국 및 탕류,78.62,,,"후추, 검은색, 가루:0.02|참깨, 흰색, 볶은것:0.2|참기름:0.2|소금, 천일염:0.2|마늘, 다진것:1.0|파, 대파, 생것:1.0|다시마, 말린것:1.0|밀, 중력밀가루:10.0|소고기, 한우, 등심, 생것:15.0|쑥, 생것:20.0|달걀, 생것:30.0",
D053136,순살돼지고기감자탕,국(탕)류,곰국 및 탕류,62.0,,,"마늘, 생것:0.5|생강, 뿌리줄기, 생것:0.5|파, 대파, 생것:1.0|간장, 개량, 양조:2.0|들깻잎, 생것:3.0|들깨, 볶은것:5.0|배추, 삶은것:10.0|감자, 대지, 생것:20.0|돼지고기, 등심, 생것:20.0",
D053088,양지탕,국(탕)류,곰국 및 탕류,165.5,,,"소금, 천일염, 소금꽃:0.5|파, 대파, 생것:5.0|당면, 고구마, 말린것:5.0|달걀, 부침(달걀프라이):5.0|애느타리버섯, 생것:10.0|무, 조선무, 생것:40.0|양지국물:50.0|소고기, 한우, 양지, 생것:50.0",
D053120,어린이육개장,국(탕)류,곰국 및 탕류,50.2,,,"고춧가루:0.2|마늘, 생것:0.5|다시마, 말린것:0.5|멸치, 대멸치, 삶아서 말린것:1.0|간장, 개량, 양조:1.0|파, 대파, 생것:2.0|고사리, 데친것:5.0|무, 조선무, 생것:10.0|숙주나물, 생것:10.0|소고기, 한우, 등심, 생것:20.0",
D053074,쑥완자탕,국(탕)류,곰국 및 탕류,273.1,,,"생수:150.0|잣, 생것:2.0|간장, 재래:3.0|달걀, 생것:20.0|전분, 감자, 가루:5.0|후추, 검은색, 가루:0.1|참기름:2.0|소금, 천일염, 가는소금:1.0|파, 대파, 생것:3.0|마늘, 생것:2.0|두부:15.0|소고기, 한우(1등급), 우둔, 생것:50.0|쑥, 생것:20.0",
D053105,수삼닭백숙,국(탕)류,곰국 및 탕류,68.0,,,"인삼, 수삼, 생것:1.0|파, 대파, 생것:1.0|소금, 천일염, 가는소금:1.0|마늘, 생것:5.0|찹쌀, 백미, 생것:20.0|닭고기, 토종, 생것:40.0",
D053119,순두부달걀탕,국(탕)류,곰국 및 탕류,69.5,,새우,"새우, 젓갈, 토굴육젓:0.5|마늘, 생것:1.0|파, 대파, 생것:1.0|멸치, 대멸치, 삶아서 말린것:1.0|다시마, 말린것:1.0|달걀, 삶은것:15.0|두부, 순두부:50.0",
D053134,바지락순두부백탕,국(탕)류,곰국 및 탕류,176.0,,,"고추, 청양고추, 생것:1.0|마늘, 다진것:2.0|다시마, 말린것:3.0|파, 대파, 생것:5.0|간장, 재래:5.0|양파, 생것:20.0|호박, 애호박, 생것:20.0|바지락, 생것:20.0|두부, 순두부:100.0|고추, 청양고추, 생것:1.0|마늘, 다진것:2.0|다시마, 말린것:3.0|파, 대파, 생것:5.0|간장, 재래:5.0|양파, 생것:20.0|호박, 애호박, 생것:20.0|바지락, 생것:20.0|두부, 순두부:100.0",
D053021,"순댓국(소고기, 고추장)",국(탕)류,곰국 및 탕류,948.0,,,"후추, 검은색, 가루:1.0|생강, 뿌리줄기, 생것:1.0|마늘, 생것:1.0|파, 쪽파, 생것:5.0|고추장, 개량:5.0|고추, 풋고추, 생것:5.0|된장, 개량:10.0|콩나물, 삶은것:30.0|무청, 시래기, 말린것, 삶은것:30.0|소고기, 한우, 양지, 삶은것:20.0|소 부산물, 소장(곱창), 생것:20.0|소 부산물, 선지(피), 생것:20.0",
D053118,소고기토란탕,국(탕)류,곰국 및 탕류,110.0,,,"마늘, 생것:1.0|간장, 개량, 양조:1.0|파, 대파, 생것:3.0|소고기, 한우, 양지, 생것:5.0|들깨, 볶은것:10.0|토란, 생것:40.0|무, 조선무, 생것:50.0",
D053017,사골탕,국(탕)류,곰국 및 탕류,1081.0,,,"후추, 검은색, 가루:2.0|마늘, 생것:2.0|소금, 천일염, 가는소금:4.0|파, 대파, 생것:8.0|사골국, 인스턴트:65.0",
D053128,버섯들깨매운탕,국(탕)류,곰국 및 탕류,111.1,,,"후추, 검은색, 가루:0.1|소금, 천일염, 소금꽃:1.0|간장, 개량, 양조:2.0|파, 대파, 생것:3.0|표고버섯, 배지재배, 생것:5.0|들깨, 볶은것:5.0|무, 조선무, 생것:10.0|팽이버섯, 생것:10.0|큰느타리버섯(새송이버섯), 생것:15.0|양파, 생것:20.0|애느타리버섯, 생것:20.0|소고기, 한우, 양지, 생것:20.0",
D053020,설렁탕,국(탕)류,곰국 및 탕류,1091.0,,,"후추, 검은색, 가루:1.0|소금, 천일염, 가는소금:2.0|마늘, 생것:3.0|파, 대파, 생것:5.0|국수, 소면, 말린것, 삶은것:20.0|무, 조선무, 생것:30.0|소고기, 한우, 양지, 삶은것:30.0",
D053069,사골우거지국,국(탕)류,곰국 및 탕류,2636.0,,,"고춧가루:4.0|참기름:4.0|된장, 개량:48.0|고추장, 개량:12.0|마늘, 생것:8.0|파, 대파, 생것:40.0|배추, 얼갈이배추, 생것:240.0|콩나물, 생것:80.0|소고기, 한우(1등급), 양지(양지머리), 생것:200.0",
D053104,북어들깨탕,국(탕)류,곰국 및 탕류,39.1,,,"후추, 검은색, 가루:0.1|마늘, 다진것:1.0|고추, 빨간색, 생것:1.0|들깨, 말린것:1.0|찹쌀, 백미, 가루:1.0|들기름:1.0|소금, 천일염, 소금꽃:1.0|발효주, 청주, 알코올 16%:1.0|다시마, 말린것:2.0|파, 대파, 생것:3.0|명태, 북어, 말린것:7.0|양파, 생것:10.0|간장, 개량, 양조:10.0",
D053102,버섯매운탕,국(탕)류,곰국 및 탕류,160.0,,,"마늘, 생것:1.0|고추, 청양고추, 생것:1.0|파, 대파, 생것:1.0|멸치, 대멸치, 삶아서 말린것:1.0|고춧가루:1.0|다시마, 말린것:2.0|고추장, 개량:3.0|된장, 개량:5.0|양파, 생것:10.0|큰느타리버섯(새송이버섯), 생것:10.0|팽이버섯, 생것:10.0|표고버섯, 배지재배, 생것:10.0|호박, 애호박, 생것:15.0|느타리버섯, 생것:20.0|두부:30.0|감자, 대지, 생것:40.0",
D053135,소고기배추샤브탕,국(탕)류,곰국 및 탕류,208.2,,,"소금, 천일염:0.2|다시마, 말린것:3.0|간장, 개량, 양조:3.0|파, 대파, 생것:5.0|당근, 뿌리, 생것:7.0|쑥갓, 생것:10.0|양파, 생것:15.0|느타리버섯, 생것:15.0|팽이버섯, 생것:15.0|미나리, 돌미나리, 생것:15.0|배추, 생것:60.0|소고기, 한우(1등급), 목심, 생것:60.0",
D053019,선짓국(소고기),국(탕)류,곰국 및 탕류,951.0,,,"마늘, 생것:1.0|소금, 천일염, 가는소금:2.0|고춧가루:3.0|파, 대파, 생것:5.0|숙주나물, 데친것:30.0|무, 조선무, 생것:50.0|소고기, 한우, 양지, 삶은것:20.0|소 부산물, 선지(피), 생것:40.0",
D053073,새송이버섯들깨탕,국(탕)류,곰국 및 탕류,341.3,,,"들깨, 볶은것:5.0|생수:200.0|소금, 천일염, 가는소금:1.3|다시마, 말린것:2.0|참기름:2.0|마늘, 생것:3.0|간장, 개량, 양조:6.0|발효주, 청주, 알코올 16%:5.0|소고기, 한우(1등급), 양지, 생것:30.0|고추, 빨간색, 생것:3.0|고추, 청양고추, 생것:3.0|파, 쪽파, 생것:6.0|무, 조선무, 생것:30.0|큰느타리버섯(새송이버섯), 생것:45.0",
D053124,낙지전복삼계탕,국(탕)류,곰국 및 탕류,162.0,,,"소금, 천일염, 가는소금:1.0|대추, 말린것:3.0|인삼, 수삼, 생것:3.0|마늘, 생것:5.0|파, 대파, 생것:5.0|낙지, 세발낙지, 생것:20.0|전복, 둥근전복, 생것:25.0|닭고기, 영계, 삶은것:100.0|소금, 천일염, 가는소금:1.0|대추, 말린것:3.0|인삼, 수삼, 생것:3.0|마늘, 생것:5.0|파, 대파, 생것:5.0|낙지, 세발낙지, 생것:20.0|전복, 둥근전복, 생것:25.0|닭고기, 영계, 삶은것:100.0",
D053016,보신탕(소고기),국(탕)류,곰국 및 탕류,1137.0,,,"후추, 검은색, 가루:1.0|소금, 천일염, 가는소금:1.0|마늘, 생것:5.0|파, 대파, 생것:10.0|배추, 얼갈이배추, 생것:10.0|미나리, 물미나리, 데친것:10.0|토란대, 줄기, 생것:20.0|무, 조선무, 생것:40.0|소고기, 한우, 양지, 삶은것:40.0",
D053103,버섯육개장,국(탕)류,곰국 및 탕류,220.5,,,"고추, 청양고추, 생것:0.5|마늘, 생것:1.0|파, 대파, 생것:2.0|고추기름:2.0|표고버섯, 배지재배, 생것:5.0|고사리, 데친것:10.0|느타리버섯, 생것:10.0|무, 조선무, 생것:20.0|양파, 생것:20.0|숙주나물, 생것:20.0|배추, 얼갈이배추, 생것:30.0|달걀, 생것:30.0|소고기, 한우, 양지, 생것:70.0",
D053013,버섯국(느타리버섯),국(탕)류,곰국 및 탕류,468.0,,,"소금, 천일염, 가는소금:1.0|마늘, 생것:1.0|고춧가루:1.0|간장, 재래:1.0|파, 대파, 생것:2.0|배추, 생것:30.0|양파, 데친것:7.0|표고버섯, 참나무재배, 말린것, 삶은것:5.0|느타리버섯, 데친것:20.0",
D053116,맑은순두부탕,국(탕)류,곰국 및 탕류,73.0,,,"멸치, 대멸치, 삶아서 말린것:1.0|다시마, 말린것:1.0|고춧가루:1.0|소금, 천일염, 가는소금:1.0|마늘, 생것:2.0|파, 대파, 생것:2.0|간장, 개량, 양조:2.0|참기름:3.0|양파, 생것:10.0|달걀, 생것:10.0|두부, 순두부:40.0",
D053071,무사골 곰탕,국(탕)류,곰국 및 탕류,292.1,,,"후추, 검은색, 가루:0.1|참기름:2.0|간장, 개량, 양조:3.0|다시마, 말린것:2.0|마늘, 생것:6.0|파, 대파, 생것:9.0|무, 조선무, 생것:40.0|사골국, 인스턴트:200.0|소고기, 한우(1등급), 양지(양지머리), 생것:30.0",
D053127,바지락두부탕국,국(탕)류,곰국 및 탕류,56.1,,,"소금, 천일염, 굵은소금:0.1|간장, 개량, 양조:1.0|다시마, 말린것:5.0|새우, 꽃새우, 생것:10.0|바지락, 생것:20.0|두부:20.0",
D053133,미나리낙지연포탕,국(탕)류,곰국 및 탕류,79.5,,,"다시마, 말린것:0.5|마늘, 생것:1.0|파, 대파, 생것:1.0|멸치, 대멸치, 삶아서 말린것:1.0|소금, 천일염, 소금꽃:1.0|고추, 빨간색, 생것:2.0|쑥갓, 생것:3.0|배추, 생것:5.0|팽이버섯, 생것:7.0|양파, 생것:8.0|무, 조선무, 생것:10.0|미나리, 물미나리, 생것:10.0|낙지, 생것:30.0",
D053081,맑은육개장,국(탕)류,곰국 및 탕류,542.0,,,"후추, 흰색, 가루:1.0|간장, 개량, 양조:6.0|고추, 청양고추, 생것:25.0|마늘, 생것:20.0|생수:300.0|소고기, 한우(1++등급), 양지, 생것:75.0|마늘, 다진것:14.0|소금, 천일염, 가는소금:1.0|팽이버섯, 생것:10.0|양파, 생것:20.0|파, 대파, 생것:25.0|무, 조선무, 생것:20.0|고사리, 생것:25.0",
D053098,들깨닭곰탕,국(탕)류,곰국 및 탕류,64.3,,,"소금, 천일염:0.3|마늘, 생것:2.0|부추, 솔부추, 생것:2.0|들깨, 볶은것:2.0|파, 대파, 생것:3.0|무, 조선무, 생것:15.0|닭고기, 성계, 생것:40.0",
D053014,버섯국(모듬),국(탕)류,곰국 및 탕류,488.0,,,"소금, 천일염, 가는소금:1.0|마늘, 생것:1.0|고춧가루:1.0|간장, 재래:1.0|파, 대파, 생것:2.0|양파, 데친것:7.0|배추, 생것:30.0|표고버섯, 참나무재배, 말린것, 삶은것:5.0|양송이버섯, 데친것:20.0|느타리버섯, 데친것:20.0",
D053099,들깨버섯탕,국(탕)류,곰국 및 탕류,120.0,,,"파, 대파, 생것:1.0|다시마, 말린것:1.0|간장, 개량, 양조:1.0|멸치, 대멸치, 삶아서 말린것:2.0|들기름:2.0|들깨, 볶은것:3.0|송이버섯, 생것:15.0|표고버섯, 배지재배, 생것:15.0|만가닥버섯, 생것:20.0|감자, 대지, 생것:60.0",
D053015,버섯국(팽이버섯),국(탕)류,곰국 및 탕류,467.0,,,"마늘, 생것:1.0|고춧가루:1.0|간장, 재래:1.0|파, 대파, 생것:2.0|양파, 데친것:7.0|배추, 생것:30.0|표고버섯, 참나무재배, 말린것, 삶은것:5.0|팽이버섯, 데친것:20.0",
D053100,맑은어묵탕,국(탕)류,곰국 및 탕류,87.03,,,"소금, 천일염:0.03|파, 대파, 생것:2.0|쑥갓, 생것:5.0|무, 조선무, 생것:20.0|어묵:30.0|어묵 국물:30.0",
D053084,들깨된장육개장,국(탕)류,곰국 및 탕류,517.0,,대두(콩),"된장, 개량:10.0|마늘, 다진것:3.0|들깨, 볶은것:5.0|고춧가루:1.0|생수:300.0|새우, 보리새우, 생것:3.0|발효주, 청주, 알코올 16%:1.0|다시마, 말린것:2.0|돼지고기, 사태, 생것:25.0|무, 조선무, 생것:50.0|배추, 얼갈이배추, 생것:25.0|고추, 청양고추, 생것:2.0|파, 대파, 생것:10.0|양파, 생것:25.0|느타리버섯, 생것:25.0|숙주나물, 생것:30.0",
D053012,도가니탕,국(탕)류,곰국 및 탕류,1110.0,,,"후추, 검은색, 가루:1.0|마늘, 생것:1.0|소금, 천일염, 가는소금:3.0|파, 대파, 생것:5.0|양파, 데친것:20.0|국수, 소면, 말린것, 삶은것:20.0|소고기, 한우, 양지, 삶은것:20.0|소고기, 한우(1등급), 설도(도가니살), 생것:40.0",
D053011,닭백숙,국(탕)류,곰국 및 탕류,735.0,,,"후추, 검은색, 가루:2.0|소금, 천일염, 가는소금:3.0|파, 대파, 생것:5.0|대추, 말린것:5.0|양파, 데친것:10.0|마늘, 생것:10.0|찹쌀, 백미, 생것:40.0|닭고기, 영계, 삶은것:60.0",
D053009,닭곰탕(감자),국(탕)류,곰국 및 탕류,725.0,,,"후추, 검은색, 가루:2.0|소금, 천일염, 가는소금:3.0|파, 대파, 생것:5.0|양파, 데친것:10.0|마늘, 생것:10.0|당근, 뿌리, 데친것:15.0|감자, 대지, 삶은것:20.0|닭고기, 영계, 삶은것:60.0",
D053008,닭고깃국,국(탕)류,곰국 및 탕류,734.0,,,"마늘, 생것:2.0|소금, 천일염, 가는소금:3.0|후추, 검은색, 가루:4.0|파, 대파, 생것:5.0|양파, 데친것:20.0|무, 조선무, 생것:40.0|닭고기, 영계, 삶은것:60.0",
D053007,닭개장,국(탕)류,곰국 및 탕류,781.0,,,"소금, 천일염, 가는소금:1.0|고춧가루:2.0|마늘, 생것:3.0|파, 대파, 생것:5.0|양파, 데친것:10.0|무, 조선무, 생것:50.0|닭고기, 영계, 삶은것:110.0",
D053087,대구탕,국(탕)류,곰국 및 탕류,150.5,,,"고추, 청양고추, 생것:1.0|간장, 개량, 양조:1.0|마늘, 생것:1.5|고춧가루:2.0|소금, 천일염, 가는소금:2.0|파, 대파, 생것:3.0|미나리, 물미나리, 생것:10.0|콩나물, 생것:20.0|무, 조선무, 생것:30.0|대구, 생것:80.0",
D053010,닭곰탕(무),국(탕)류,곰국 및 탕류,732.0,,,"후추, 검은색, 가루:2.0|마늘, 생것:2.0|소금, 천일염, 가는소금:3.0|파, 대파, 생것:5.0|양파, 데친것:20.0|무, 조선무, 생것:40.0|닭고기, 영계, 삶은것:60.0",
D053115,단호박꽃게탕,국(탕)류,곰국 및 탕류,140.5,,,"멸치, 대멸치, 삶아서 말린것:1.0|고춧가루:1.0|된장, 개량:2.0|마늘, 생것:3.0|고추, 빨간색, 생것:3.0|고추, 풋고추, 생것:3.0|파, 대파, 생것:3.5|쑥갓, 생것:7.0|미나리, 물미나리, 생것:7.0|무, 조선무, 생것:15.0|호박, 단호박, 생것:15.0|콩나물, 생것:20.0|게, 꽃게, 생것:60.0",
D053126,돼지갈비감자탕,국(탕)류,곰국 및 탕류,248.75,,,"소금, 천일염, 가는소금:0.1|후추, 흰색, 가루:0.1|생강, 뿌리줄기, 생것:0.15|매실청:0.15|고춧가루:0.15|고추장, 개량:0.2|된장, 개량:0.2|마늘, 생것:0.3|맛술:0.3|까나리, 액젓:0.5|간장, 개량, 양조:0.5|대두, 콩가루:0.6|배추, 얼갈이배추, 생것:1.0|파, 대파, 생것:1.0|들깨, 볶은것:1.0|후추, 검은색, 가루:1.0|증류주, 소주, 희석식, 알코올 25%:1.0|양파, 생것:2.5|들깻잎, 생것:5.0|감자, 대지, 생것:8.0|돼지고기, 갈비, 생것:25.0|사과 주스:200.0",
D053096,닭다리백숙,국(탕)류,곰국 및 탕류,140.5,,,"소금, 천일염, 가는소금:0.5|생강, 뿌리줄기, 생것:5.0|인삼, 수삼, 생것:5.0|파, 대파, 생것:5.0|밤, 생것:10.0|대추, 말린것:15.0|마늘, 생것:20.0|닭고기, 다리(넓적다리), 생것:80.0",
D053125,느타리버섯개장,국(탕)류,곰국 및 탕류,120.0,,,"고추, 청양고추, 생것:0.5|고추기름:0.5|마늘, 다진것:1.0|고추장, 개량:1.0|파, 대파, 생것:2.0|양파, 생것:5.0|고사리, 데친것:5.0|느타리버섯, 생것:5.0|팽이버섯, 생것:5.0|표고버섯, 배지재배, 생것:5.0|숙주나물, 생것:10.0|배추, 얼갈이배추, 생것:15.0|달걀, 생것:15.0|무, 조선무, 생것:20.0|소고기, 한우, 양지, 생것:30.0",
D053068,꼬리곰탕,국(탕)류,곰국 및 탕류,353.1,,,"마늘, 생것:1.0|후추, 검은색, 가루:0.1|소금, 천일염, 가는소금:4.0|파, 대파, 생것:5.0|양파, 데친것:20.0|국수, 소면, 말린것, 삶은것:20.0|소 부산물, 꼬리, 생것:40.0|소고기, 한우, 양지, 삶은것:13.0|마늘, 생것:1.0|후추, 검은색, 가루:0.1|소금, 천일염, 가는소금:4.0|파, 대파, 생것:5.0|양파, 데친것:20.0|국수, 소면, 말린것, 삶은것:20.0|소 부산물, 꼬리, 생것:40.0|소고기, 한우, 양지, 삶은것:13.0",
D053080,관자해장국,국(탕)류,곰국 및 탕류,1028.0,,,"생수:300.0|마늘, 다진것:15.0|발사믹 소스:13.0|고춧가루:20.0|파프리카, 주황색, 생것:30.0|토마토, 생것:200.0|가리비, 관자, 생것:70.0|다시마, 생것:7.0|콩나물, 생것:80.0|두부:100.0|파프리카, 노란색, 생것:30.0|양파, 생것:50.0|당근, 뿌리, 생것:30.0|무, 조선무, 생것:80.0|고추, 빨간색, 생것:1.0|고추, 풋고추, 생것:2.0",
D053006,꽃게탕,국(탕)류,곰국 및 탕류,647.0,,,"소금, 천일염, 가는소금:1.0|고추, 풋고추, 생것:1.0|고추, 빨간색, 생것:1.0|쑥갓, 데친것:2.0|마늘, 생것:2.0|고춧가루:2.0|멸치 육수:3.0|파, 대파, 생것:5.0|양파, 데친것:20.0|무, 조선무, 생것:30.0|게, 꽃게, 찐것:80.0",
D053003,곰국,국(탕)류,곰국 및 탕류,1064.0,,,"소금, 천일염, 가는소금:2.0|마늘, 생것:2.0|소고기, 한우, 양지, 삶은것:60.0",
D053085,견과류들깨해장탕,국(탕)류,곰국 및 탕류,550.0,,,"들깨, 볶은것:30.0|들기름:10.0|멸치 육수:300.0|호두, 볶은것:10.0|밤, 생것:30.0|양파, 생것:30.0|호박, 애호박, 생것:40.0|두부:40.0|표고버섯, 배지재배, 생것:20.0|양송이버섯, 생것:20.0|느타리버섯, 생것:20.0",
D053114,게살연두부탕,국(탕)류,곰국 및 탕류,52.71,,,"후추, 검은색, 가루:0.01|소금, 천일염, 소금꽃:0.2|마늘, 생것:0.5|파, 대파, 생것:0.5|다시마, 말린것:0.5|멸치, 대멸치, 삶아서 말린것:1.0|팽이버섯, 생것:3.0|전분, 감자, 가루:3.0|양파, 생것:4.0|게, 대게, 생것:10.0|게맛살, 어육함량이 낮은것:10.0|두부, 연두부:20.0",
D053095,꽃게지리탕,국(탕)류,곰국 및 탕류,150.5,,,"멸치, 대멸치, 삶아서 말린것:1.0|고춧가루:1.0|된장, 개량:2.0|마늘, 생것:3.0|고추, 빨간색, 생것:3.0|고추, 풋고추, 생것:3.0|파, 대파, 생것:3.5|쑥갓, 생것:7.0|미나리, 물미나리, 생것:7.0|무, 조선무, 생것:15.0|호박, 단호박, 생것:15.0|콩나물, 생것:40.0|게, 꽃게, 생것:50.0",
D053004,"곱창국(소고기, 고추장)",국(탕)류,곰국 및 탕류,761.0,,,"후추, 검은색, 가루:1.0|마늘, 생것:1.0|소금, 천일염, 가는소금:4.0|파, 쪽파, 생것:5.0|고추장, 개량:5.0|고추, 풋고추, 생것:5.0|된장, 개량:10.0|콩나물, 삶은것:30.0|무청, 시래기, 말린것, 삶은것:30.0|무, 조선무, 생것:40.0|소 부산물, 소장(곱창), 생것:30.0",
D053002,감자탕,국(탕)류,곰국 및 탕류,1159.0,,,"참기름:1.0|마늘, 생것:2.0|고춧가루:2.0|후추, 검은색, 가루:3.0|간장, 재래:4.0|양파, 데친것:7.0|파, 대파, 생것:10.0|콩나물, 삶은것:20.0|감자, 대지, 삶은것:60.0|돼지고기, 사태, 삶은것:50.0",
D082029,"햄버그스테이크(돼지고기, 토마토소스)",구이류,육류구이,170.0,,,"해바라기유:4.0|후추, 검은색, 가루:0.6|콩기름:0.6|소금, 천일염, 가는소금:0.6|전분, 감자, 가루:6.4|밀, 중력밀가루:6.4|밀, 빵가루:9.6|옥수수, 통조림, 가당:12.8|양배추, 데친것:12.8|시금치, 데친것:12.8|당근, 뿌리, 데친것:12.8|달걀, 부침(달걀프라이):16.0|감자, 대지, 구운것:30.0|토마토 소스:9.6|돼지고기, 등심, 구운것(팬):35.0|해바라기유:4.0|후추, 검은색, 가루:0.6|콩기름:0.6|소금, 천일염, 가는소금:0.6|전분, 감자, 가루:6.4|밀, 중력밀가루:6.4|밀, 빵가루:9.6|옥수수, 통조림, 가당:12.8|양배추, 데친것:12.8|시금치, 데친것:12.8|당근, 뿌리, 데친것:12.8|달걀, 부침(달걀프라이):16.0|감자, 대지, 구운것:30.0|토마토 소스:9.6|돼지고기, 등심, 구운것(팬):35.0",
D082019,햄구이,구이류,육류구이,45.0,,대두(콩),"콩기름:5.0|햄, 프레스햄, 구운것(팬):40.0",
D082052,함초떡갈비,구이류,육류구이,497.0,,,"후추, 흰색, 가루:1.0|설탕, 가루:15.0|식초, 발사믹:30.0|소금, 가공염, 퉁퉁마디(함초):1.0|참깨, 흰색, 볶은것:5.0|참기름:15.0|마늘, 다진것:10.0|파, 대파, 생것:10.0|셀러리, 생것:10.0|양파, 생것:25.0|갯나물, 퉁퉁마디(함초), 하우스, 생것:30.0|큰느타리버섯(새송이버섯), 생것:20.0|당근, 뿌리, 생것:25.0|돼지고기, 살코기, 생것:150.0|소고기, 한우(1++등급), 등심, 생것:150.0",
D082059,통삼겹맥적구이,구이류,육류구이,906.0,,대두(콩),"간장, 개량, 양조:6.0|식초, 양조:30.0|당근, 뿌리, 생것:35.0|배추, 생것:35.0|인삼, 수삼, 생것:20.0|참깨, 흰색, 볶은것:10.0|파, 대파, 생것:5.0|마늘, 다진것:25.0|참기름:30.0|발효주, 청주, 알코올 16%:15.0|꿀:30.0|된장, 개량:15.0|닭 육수:400.0|돼지고기, 삼겹살, 생것:250.0",
D053001,갈비탕,국(탕)류,곰국 및 탕류,1136.0,,,"파, 쪽파, 생것:1.0|마늘, 생것:1.0|소금, 천일염, 가는소금:2.0|당면, 고구마, 삶은것:5.0|간장, 재래:7.0|달걀, 부침(달걀프라이):10.0|무, 조선무, 생것:50.0|소고기, 한우, 양지, 삶은것:30.0|소고기, 한우, 갈비, 생것:30.0",
D082060,통삼겹스테이크,구이류,육류구이,689.0,,,"멥쌀, 현미, 생것:25.0|요구르트, 액상(농후), 플레인:30.0|마늘, 다진것:15.0|된장, 개량:15.0|우유:30.0|버터, 무가염:10.0|감자, 대지, 생것:100.0|설탕, 가루:16.0|식초, 양조:15.0|미니파프리카, 노란색, 생것:15.0|미니파프리카, 빨간색, 생것:15.0|양파, 생것:135.0|당근, 뿌리, 생것:20.0|송이버섯, 생것:30.0|올리브유:15.0|로즈메리, 말린것:3.0|돼지고기, 삼겹살, 생것:200.0",
D082064,한식풍닭가슴살스테이크,구이류,육류구이,876.0,,,"참깨, 검은색, 볶은것:5.0|양파, 생것:10.0|들기름:10.0|매실청:15.0|된장, 개량:15.0|생수:200.0|마늘, 다진것:10.0|고춧가루:15.0|간장, 개량, 양조:6.0|무, 조선무, 생것:150.0|청경채, 생것:60.0|멥쌀, 백미, 생것:50.0|미나리, 물미나리, 생것:50.0|닭고기, 가슴, 생것:280.0",
D082051,퓨전떡갈비,구이류,육류구이,91.0,,,"참깨, 흰색, 말린것:3.0|참기름:2.0|찹쌀, 백미, 가루:5.0|간장, 개량, 양조:3.0|생강, 뿌리줄기, 생것:2.0|마늘, 생것:5.0|배, 생것:10.0|양파, 생것:15.0|돼지고기, 안심, 생것:6.0|소고기, 한우(1등급), 살코기, 생것:40.0",
D082018,통닭구이,구이류,육류구이,67.0,,,"후추, 검은색, 가루:1.0|소금, 천일염, 가는소금:1.0|콩기름:5.0|닭고기, 구운것:60.0",
D082065,참치 두부 함박스테이크,구이류,육류구이,133.5,,,"후추, 흰색, 가루:0.5|표고버섯, 가루:1.0|토마토 케첩:15.0|밀, 중력밀가루:7.0|당근, 뿌리, 생것:10.0|피망, 초록색, 생것:20.0|토마토, 생것:15.0|양파, 생것:25.0|두부:20.0|다랑어, 가다랑어, 통조림, 유지:20.0",
D082017,칠면조구이,구이류,육류구이,62.0,,,"후추, 검은색, 가루:1.0|소금, 천일염, 가는소금:1.0|칠면조고기, 구운것:60.0",
D082049,유린기,구이류,육류구이,183.5,,,"생강, 뿌리줄기, 생것:1.0|마늘, 생것:1.0|설탕, 가루:1.5|레몬, 생것:2.0|전분, 옥수수, 가루:5.0|간장, 개량, 양조:5.0|식초, 사과식초:5.0|무순, 싹, 생것:3.0|파, 대파, 생것:5.0|고추, 청양고추, 생것:5.0|고추, 빨간색, 생것:5.0|치커리, 잎, 적색, 생것:5.0|치커리, 뿌리, 생것:5.0|상추, 결구(양상추), 녹색, 생것:25.0|닭고기, 다리(넓적다리), 생것:110.0",
D082043,오리떡갈비,구이류,육류구이,77.6,,,"후추, 검은색, 가루:0.1|참깨, 흰색, 볶은것:0.5|참기름:2.0|간장, 개량, 양조:3.0|설탕, 백설탕:2.0|파, 대파, 생것:6.0|콩기름:4.0|오리고기, 살코기, 생것:60.0",
D082015,오리고기구이,구이류,육류구이,67.0,,,"후추, 검은색, 가루:1.0|소금, 천일염, 가는소금:1.0|콩기름:5.0|오리고기, 살코기, 생것:60.0",
D082014,안심구이(소고기),구이류,육류구이,61.0,,,"소금, 천일염, 가는소금:1.0|소고기, 한우(1등급), 안심, 생것:60.0",
D082013,소시지구이,구이류,육류구이,62.0,,대두(콩),"콩기름:1.0|소금, 천일염, 가는소금:1.0|소시지, 프랑크푸르트소시지:60.0",
D082045,참다래닭구이,구이류,육류구이,156.6,,,"올리브유:3.0|식초, 감식초:1.5|소금, 천일염, 가는소금:0.1|설탕, 백설탕:1.0|참기름:1.0|마늘, 생것:3.0|토마토 케첩:10.0|설탕, 황설탕:2.0|간장, 개량, 양조:5.0|당근, 뿌리, 생것:10.0|양배추, 생것:30.0|닭고기, 다리(넓적다리), 생것:60.0|다래, 생것:30.0",
D082016,채끝살구이(소고기),구이류,육류구이,61.0,,,"소금, 천일염, 가는소금:1.0|소고기, 한우, 채끝, 생것:60.0",
D082046,참두릅소고기말이,구이류,육류구이,106.5,,,"참기름:1.0|파, 대파, 생것:1.5|간장, 개량, 양조:6.0|설탕, 백설탕:3.0|콩기름:3.0|소금, 천일염, 가는소금:2.0|두릅, 땅두릅, 생것:50.0|소고기, 한우(1등급), 우둔(홍두깨살), 생것:40.0",
D082030,염통구이,구이류,육류구이,280.0,,,"후추, 검은색, 가루:1.0|생강, 뿌리줄기, 생것:5.0|참깨, 흰색, 볶은것:6.0|참기름:12.0|설탕, 백설탕:4.0|마늘, 생것:12.0|파, 대파, 생것:9.0|간장, 개량, 양조:25.0|소금, 천일염, 가는소금:3.0|잣, 볶은것:3.0|돼지 부산물, 심장(염통), 생것:200.0",
D082012,소고기산적(어묵),구이류,육류구이,161.0,,,"소금, 천일염, 가는소금:1.0|콩기름:5.0|밀, 중력밀가루:5.0|달걀, 부침(달걀프라이):10.0|파, 대파, 생것:30.0|멥쌀떡, 가래떡:30.0|당근, 뿌리, 데친것:30.0|어묵:20.0|소고기, 한우, 등심, 구운것(팬):30.0",
D082047,청양소고기함박스테이크,구이류,육류구이,432.4,,아황산류,"발효주, 과실주, 포도주, 적포도주, 알코올 13%:15.0|바비큐 소스:20.0|토마토, 생것:30.0|후추, 검은색, 가루:0.1|간장, 개량, 양조:3.6|소금, 천일염, 가는소금:0.7|콩기름:14.0|멥쌀, 백미, 밥:180.0|달걀, 생것:15.0|숙주나물, 생것:30.0|완두, 생것:20.0|파, 쪽파, 생것:6.0|고추, 청양고추, 생것:2.0|표고버섯, 참나무재배, 생것:18.0|양파, 생것:18.0|돼지고기, 등심, 생것:20.0|소고기, 한우(1등급), 우둔, 생것:40.0",
D082050,쪽갈비구이,구이류,육류구이,628.0,,,"후추, 흰색, 가루:1.0|마늘, 다진것:5.0|설탕, 가루:5.0|겨자 페이스트:10.0|식초, 양조:15.0|마요네즈:30.0|레몬, 생것:10.0|양파, 생것:60.0|토마토, 방울토마토, 생것:45.0|발효주, 과실주, 포도주, 적포도주, 알코올 13%:15.0|로즈메리, 말린것:1.0|후추, 검은색, 가루:1.0|올리브유:30.0|돼지고기, 갈비, 생것:400.0",
D082044,잣가루 떡갈비,구이류,육류구이,72.2,,,"꿀:2.0|간장, 개량, 양조:2.0|밀, 빵가루:4.0|후추, 검은색, 가루:0.1|마늘, 생것:3.0|소금, 천일염, 가는소금:0.1|콩기름:3.0|잣, 생것:8.0|소고기, 한우, 등심, 생것:50.0",
D082042,오리고기김치말이,구이류,육류구이,143.5,,,"참깨, 흰색, 볶은것:0.5|콩기름:3.0|물엿:3.0|포크커틀릿 소스:2.0|데리야끼 소스:4.0|파, 대파, 생것:6.0|오리고기, 생것, 껍질 포함:60.0|양파, 생것:20.0|들깻잎, 생것:15.0|김치, 배추 김치:30.0",
D082055,안심스테이크,구이류,육류구이,587.0,,,"소금, 천일염, 가는소금:1.0|후추, 흰색, 가루:1.0|과당:15.0|발효주, 과실주, 포도주, 적포도주, 알코올 13%:15.0|버터, 무가염:15.0|마늘, 다진것:15.0|블루베리, 잼:30.0|망고, 생것:150.0|호두, 볶은것:40.0|감자, 대지, 생것:60.0|당근, 뿌리, 생것:25.0|아스파라거스, 생것:60.0|소고기, 한우(1++등급), 안심, 생것:160.0",
D082041,소갈비찜 구이,구이류,육류구이,264.1,,,"발효주, 청주, 알코올 16%:5.0|후추, 검은색, 가루:0.1|설탕, 백설탕:5.0|생강, 뿌리줄기, 생것:3.0|배즙:10.0|간장, 개량, 양조:12.0|잣, 생것:2.0|고추, 빨간색, 생것:4.0|고추, 초록색, 녹광, 생것:4.0|마늘, 생것:11.0|파, 대파, 생것:18.0|생수:110.0|소고기, 한우(1등급), 갈비, 생것:80.0",
D082010,소갈비구이,구이류,육류구이,114.0,,,"파, 쪽파, 생것:3.0|참기름:3.0|마늘, 생것:3.0|설탕, 백설탕:5.0|배, 신고, 생것:10.0|간장, 개량, 양조:10.0|양파, 데친것:20.0|소고기, 한우, 갈비, 생것:60.0",
D082038,상추소고기롤,구이류,육류구이,81.15,,대두(콩),"콩기름:2.0|겨자 페이스트:1.0|물엿:3.0|간장, 개량, 양조:3.0|후추, 검은색, 가루:0.05|소금, 천일염, 가는소금:0.1|양파, 생것:12.0|상추, 잎상추, 치마상추, 녹색, 생것:20.0|소고기, 한우, 등심, 생것:40.0",
D082054,삼색꼬치구이,구이류,육류구이,300.0,,,"꿀:5.0|레몬 착즙:5.0|사과, 생것:50.0|배, 신고, 생것:30.0|토마토, 방울토마토, 생것:40.0|브로콜리, 생것:20.0|파인애플, 생것:30.0|돼지고기, 목심, 생것:120.0",
D082057,삼겹살꼬치구이,구이류,육류구이,374.0,,,"고추, 꽈리고추, 생것:25.0|마늘, 생것:10.0|파, 대파, 생것:20.0|후추, 검은색, 가루:2.0|로즈메리, 말린것:1.0|후추, 흰색, 가루:1.0|콩기름:15.0|토마토, 방울토마토, 생것:100.0|돼지고기, 삼겹살, 생것:200.0",
D082040,생강채돼지고기구이,구이류,육류구이,107.25,,,"참깨, 흰색, 볶은것:0.5|참기름:2.0|물엿:4.0|간장, 개량, 양조:2.0|고추장, 개량:5.0|마늘, 생것:2.0|고춧가루:1.5|설탕, 백설탕:3.0|콩기름:2.0|후추, 검은색, 가루:0.15|맛술:5.0|소금, 천일염, 가는소금:0.1|파, 대파, 생것:13.0|생강, 뿌리줄기, 생것:7.0|돼지고기, 삼겹살, 생것:60.0",
D082009,삼겹살구이,구이류,육류구이,62.0,,,"소금, 천일염, 가는소금:2.0|돼지고기, 삼겹살, 구운것(팬):60.0",
D082008,멧돼지고기구이(고추장),구이류,육류구이,115.0,,,"후추, 검은색, 가루:1.0|참기름:2.0|고춧가루:2.0|간장, 개량, 양조:2.0|발효주, 청주, 알코올 16%:3.0|생강, 뿌리줄기, 생것:3.0|마늘, 생것:3.0|설탕, 백설탕:4.0|파, 쪽파, 생것:5.0|고추장, 개량:5.0|고추, 풋고추, 생것:5.0|양파, 데친것:20.0|멧돼지고기, 생것:60.0",
D082056,매운닭날개구이,구이류,육류구이,405.0,,,"할라페뇨, 통조림:1.0|발효주, 과실주, 포도주, 적포도주, 알코올 13%:3.0|고춧가루:5.0|설탕, 황설탕:5.0|후추, 흰색, 가루:1.0|버터, 무가염:15.0|양파, 생것:50.0|마늘, 생것:15.0|브로콜리, 생것:30.0|토마토, 방울토마토, 생것:100.0|감자, 대지, 생것:80.0|닭고기, 날개, 생것:100.0",
D082039,새송이버섯치즈오븐구이,구이류,육류구이,247.2,,,"올리브유:3.0|후추, 검은색, 가루:0.1|소금, 천일염, 가는소금:1.1|치즈, 파르메산(파마산):3.0|우유:50.0|밀, 중력밀가루:2.0|버터, 가염:3.0|치즈, 모차렐라:15.0|토마토 소스:20.0|마늘, 생것:5.0|토마토, 생것:30.0|감자, 대지, 생것:40.0|호박, 쥬키니, 생것:15.0|가지, 생것:30.0|큰느타리버섯(새송이버섯), 생것:30.0",
D082037,버섯떡갈비,구이류,육류구이,67.5,,대두(콩),"콩기름:2.0|참깨, 흰색, 볶은것:0.5|파, 대파, 생것:3.0|설탕, 백설탕:2.0|참기름:2.0|간장, 개량, 양조:3.0|소고기, 한우, 등심, 생것:40.0|표고버섯, 참나무재배, 생것:15.0",
D082062,라이스버거떡갈비,구이류,육류구이,523.0,,,"고추, 빨간색, 생것:15.0|고추, 초록색, 녹광, 생것:15.0|미나리, 물미나리, 생것:20.0|토마토, 생것:80.0|후추, 흰색, 가루:1.0|파, 쪽파, 생것:15.0|양파, 생것:30.0|돼지고기, 살코기, 생것:50.0|소고기, 한우(1++등급), 등심, 생것:50.0|팽이버섯, 생것:20.0|전분, 감자, 가루:15.0|간장, 개량, 양조:12.0|멥쌀, 백미, 밥:200.0",
D082007,등심구이(소고기),구이류,육류구이,61.0,,,"소금, 천일염, 가는소금:1.0|소고기, 한우, 등심, 구운것(팬):60.0",
D082006,"등심구이(돼지고기, 고추장, 생강)",구이류,육류구이,108.0,,,"후추, 검은색, 가루:1.0|콩기름:1.0|소금, 천일염, 가는소금:1.0|고춧가루:2.0|간장, 개량, 양조:2.0|파, 쪽파, 생것:3.0|발효주, 청주, 알코올 16%:3.0|고추장, 개량:5.0|생강, 뿌리줄기, 생것:10.0|양파, 데친것:20.0|돼지고기, 등심, 구운것(팬):60.0",
D082003,돼지갈비구이(고추장),구이류,육류구이,201.0,,,"후추, 검은색, 가루:1.0|고춧가루:1.0|생강, 뿌리줄기, 생것:2.0|참기름:3.0|설탕, 백설탕:6.0|파, 대파, 생것:7.0|마늘, 생것:10.0|고추장, 개량:11.0|간장, 개량, 양조:15.0|양파, 데친것:25.0|돼지고기, 갈비, 구운것(팬):120.0",
D082002,닭내장구이,구이류,육류구이,93.0,,대두(콩),"콩기름:1.0|소금, 천일염, 가는소금:1.0|고춧가루:1.0|파, 쪽파, 생것:5.0|발효주, 청주, 알코올 16%:5.0|양파, 데친것:20.0|닭 부산물, 모래주머니, 구운것(오븐):60.0",
D082034,닭가슴살 가리비 구이,구이류,육류구이,114.7,,,"밤, 생것:15.0|잣, 생것:2.0|호두, 말린것:3.0|간장, 개량, 양조:1.0|발효주, 청주, 알코올 16%:3.0|참기름:2.0|후추, 검은색, 가루:0.1|소금, 천일염, 가는소금:0.1|참깨, 흰색, 볶은것:0.5|설탕, 백설탕:1.0|마늘, 생것:3.0|파, 대파, 생것:4.0|가리비, 생것:40.0|닭고기, 살코기, 생것:40.0",
D082035,돈육찜구이,구이류,육류구이,299.2,,,"설탕, 백설탕:4.0|발효주, 청주, 알코올 16%:5.0|배즙:10.0|간장, 개량, 양조:10.0|잣, 생것:1.0|고추, 빨간색, 생것:2.0|고추, 초록색, 녹광, 생것:3.0|고추, 빨간색, 말린것:1.0|마늘, 생것:12.0|후추, 검은색, 가루:0.2|생강, 뿌리줄기, 생것:4.0|파, 대파, 생것:27.0|생수:130.0|돼지고기, 앞다리, 생것:90.0",
D082063,닭가슴살샌드스테이크,구이류,육류구이,987.0,,,"레몬 착즙:15.0|오렌지 주스:200.0|꿀:30.0|올리브유:15.0|후추, 흰색, 가루:2.0|버터, 무가염:20.0|마늘, 다진것:5.0|닭 육수:200.0|토마토, 방울토마토, 생것:100.0|양송이버섯, 생것:30.0|브로콜리, 생것:100.0|꽃양배추(콜리플라워), 생것:30.0|양파, 생것:60.0|시금치, 생것:30.0|닭고기, 가슴, 생것:150.0",
D082005,"등심구이(돼지고기, 고추장)",구이류,육류구이,99.0,,,"후추, 검은색, 가루:1.0|콩기름:1.0|소금, 천일염, 가는소금:1.0|생강, 뿌리줄기, 생것:1.0|고춧가루:2.0|간장, 개량, 양조:2.0|파, 쪽파, 생것:3.0|발효주, 청주, 알코올 16%:3.0|고추장, 개량:5.0|양파, 데친것:20.0|돼지고기, 등심, 구운것(팬):60.0",
D082004,돼지고기주물럭(고추장),구이류,육류구이,273.0,,,"후추, 검은색, 가루:1.0|참기름:2.0|마늘, 생것:3.0|설탕, 백설탕:4.0|파, 대파, 생것:5.0|고추장, 개량:21.0|양파, 데친것:27.0|간장, 개량, 양조:30.0|돼지고기, 등심, 구운것(팬):180.0",
D082036,돼지고기모둠채소구이,구이류,육류구이,265.6,,,"겨자 페이스트:3.0|버터, 가염:4.0|꿀:6.0|토마토 케첩:10.0|바비큐 소스:20.0|오레가노, 말린것:0.2|올리브유:5.0|소금, 천일염, 가는소금:0.4|양파, 생것:15.0|셀러리, 생것:10.0|당근, 뿌리, 생것:10.0|감자, 대지, 생것:70.0|발효주, 과실주, 포도주, 적포도주, 알코올 13%:52.0|돼지고기, 뒷다리, 생것:60.0",
D082053,달콤스테이크,구이류,육류구이,642.5,,,"양파, 생것:15.0|레몬 착즙:5.0|설탕, 가루:10.0|버터, 무가염:5.0|후추, 흰색, 가루:2.0|소금, 천일염, 가는소금:0.5|딸기, 잼:30.0|망고, 생것:50.0|발효주, 과실주, 포도주, 적포도주, 알코올 13%:200.0|당근, 뿌리, 생것:30.0|시금치, 생것:25.0|감자, 대지, 생것:70.0|소고기, 한우(1++등급), 채끝, 생것:200.0",
D082033,녹두함박스테이크,구이류,육류구이,126.5,,토마토,"토마토 케첩:3.0|간장, 개량, 양조:2.0|딸기, 잼:3.0|버터, 가염:3.0|마늘, 생것:3.0|콩기름:3.0|후추, 검은색, 가루:0.1|소금, 천일염, 가는소금:0.4|밀, 빵가루:4.0|달걀, 생것:15.0|소고기, 한우, 등심, 생것:50.0|양파, 생것:10.0|생수:15.0|녹두, 말린것:15.0",
D081036,쥐포구이,구이류,어패류구이,18.0,,,"쥐치, 포, 말린것:18.0",
D081034,전어구이,구이류,어패류구이,87.0,,,"소금, 천일염, 가는소금:2.0|콩기름:15.0|전어, 생것:70.0",
D081033,적어구이,구이류,어패류구이,87.0,,,"소금, 천일염, 가는소금:2.0|콩기름:15.0|장문볼락, 구운것:70.0",
D081066,장어수육구이,구이류,어패류구이,390.0,,,"매실청:15.0|참깨, 흰색, 볶은것:5.0|머스타드 소스, 씨겨자:15.0|생강청:15.0|생강, 뿌리줄기, 생것:20.0|양파, 생것:70.0|장어, 뱀장어, 생것:250.0",
D081032,장어구이(고추장),구이류,어패류구이,114.0,,,"참깨, 흰색, 볶은것:1.0|고춧가루:1.0|참기름:2.0|마늘, 생것:2.0|파, 쪽파, 생것:3.0|물엿:5.0|간장, 개량, 양조:5.0|고추장, 개량:10.0|콩기름:15.0|장어, 뱀장어, 구운것:70.0",
D082001,곱창구이(소고기),구이류,육류구이,93.0,,대두(콩),"콩기름:1.0|소금, 천일염, 가는소금:1.0|고춧가루:1.0|파, 쪽파, 생것:5.0|발효주, 청주, 알코올 16%:5.0|양파, 데친것:20.0|소 부산물, 소장(곱창), 생것:60.0",
D081039,청어구이,구이류,어패류구이,87.0,,,"소금, 천일염, 가는소금:2.0|콩기름:15.0|청어, 생것:70.0",
D081038,참치구이,구이류,어패류구이,87.0,,,"소금, 천일염, 가는소금:2.0|콩기름:15.0|다랑어, 참다랑어, 구운것:70.0",
D081037,참돔구이,구이류,어패류구이,87.0,,,"소금, 천일염, 가는소금:2.0|콩기름:15.0|돔, 참돔, 구운것:70.0",
D081030,옥돔구이,구이류,어패류구이,90.0,,,"소금, 천일염, 가는소금:5.0|콩기름:15.0|돔, 옥돔, 구운것:70.0",
D082061,곤약함박스테이크,구이류,육류구이,459.5,,,"생수:30.0|간장, 개량, 양조:5.0|유자청:20.0|달걀, 생것:10.0|밀, 빵가루:20.0|찹쌀, 백미, 가루:30.0|후추, 흰색, 가루:2.0|맛술:7.5|파, 대파, 생것:3.0|마늘, 생것:2.0|셀러리, 생것:5.0|당근, 뿌리, 생것:5.0|소고기, 한우(1++등급), 등심, 생것:40.0|두부:80.0|곤약(구약나물), 판형, 생것:80.0|비타민채(다채), 어린잎, 생것:5.0|올리브유:10.0|아스파라거스, 생것:10.0|토마토, 방울토마토, 생것:15.0|파프리카, 노란색, 생것:30.0|양파, 생것:15.0|브로콜리, 생것:15.0|가지, 생것:10.0|큰느타리버섯(새송이버섯), 생것:10.0",
D081031,임연수어구이,구이류,어패류구이,87.0,,,"소금, 천일염, 가는소금:2.0|콩기름:15.0|임연수어, 생것:70.0",
D081062,오징어구이,구이류,어패류구이,576.0,,,"멥쌀, 현미, 생것:15.0|참기름:15.0|후추, 흰색, 가루:1.0|과당:15.0|설탕, 가루:15.0|고추장, 개량:15.0|토마토, 통조림, 페이스트:50.0|고춧가루:15.0|마늘, 다진것:15.0|고추, 빨간색, 생것:15.0|고추, 초록색, 녹광, 생것:15.0|양파, 생것:50.0|파프리카, 노란색, 생것:40.0|오징어, 생것:300.0|멥쌀, 현미, 생것:15.0|참기름:15.0|후추, 흰색, 가루:1.0|과당:15.0|설탕, 가루:15.0|고추장, 개량:15.0|토마토, 통조림, 페이스트:50.0|고춧가루:15.0|마늘, 다진것:15.0|고추, 빨간색, 생것:15.0|고추, 초록색, 녹광, 생것:15.0|양파, 생것:50.0|파프리카, 노란색, 생것:40.0|오징어, 생것:300.0",
D081040,황새치구이,구이류,어패류구이,87.0,,,"소금, 천일염, 가는소금:2.0|콩기름:15.0|황새치, 구운것:70.0",
D081058,조기구이,구이류,어패류구이,55.7,,,"소금, 천일염, 가는소금:1.4|콩기름:6.0|조기(참조기), 생것:48.3|소금, 천일염, 가는소금:1.4|콩기름:6.0|조기(참조기), 생것:48.3",
D081070,저지방 장어구이,구이류,어패류구이,606.0,,,"김치, 백김치:25.0|산마늘(명이나물), 생것:25.0|식초, 발사믹:30.0|과당:15.0|생강청:15.0|간장, 개량, 양조:6.0|생강, 뿌리줄기, 생것:20.0|더덕, 뿌리, 생것:60.0|우엉, 생것:60.0|우유:100.0|장어, 뱀장어, 생것:250.0",
D081061,웰빙꼬치,구이류,어패류구이,1020.0,,,"버터, 무가염:30.0|설탕, 가루:30.0|식초, 발사믹:100.0|후추, 검은색, 가루:3.0|올리브유:30.0|마늘, 다진것:15.0|발효주, 과실주, 포도주, 적포도주, 알코올 13%:30.0|후추, 흰색, 가루:2.0|양파, 생것:100.0|파프리카, 노란색, 생것:50.0|파프리카, 빨간색, 생것:50.0|파, 대파, 생것:50.0|호박, 단호박, 생것:100.0|토마토, 방울토마토, 생것:80.0|소라, 생것:100.0|새우, 중하, 생것:100.0|닭고기, 가슴, 생것:150.0",
D081029,오징어구이(버터),구이류,어패류구이,30.0,,,"소금, 천일염, 가는소금:2.0|버터, 가염:10.0|오징어, 구운것:18.0",
D081025,서대구이,구이류,어패류구이,87.0,,,"소금, 천일염, 가는소금:2.0|콩기름:15.0|서대, 참서대, 생것:70.0",
D081060,스트링치즈카프리제그라탕,구이류,어패류구이,169.1,,,"후추, 검은색, 가루:0.1|올리브유:3.0|식초, 감식초:4.0|발효주, 청주, 알코올 16%:3.0|바질, 잎, 생것:1.0|올리브 절임, 완숙, 검은색:8.0|빵, 바게트:20.0|새우, 중하, 생것:40.0|토마토, 방울토마토, 생것:70.0|치즈, 모차렐라:20.0",
D081068,맛간장삼치구이,구이류,어패류구이,399.0,,,"커피, 커피가루, 디카페인:1.0|생강청:25.0|간장, 개량, 양조:12.0|버터, 무가염:10.0|참깨, 흰색, 볶은것:1.0|파, 대파, 생것:100.0|생강, 뿌리줄기, 생것:50.0|삼치, 생것:200.0|커피, 커피가루, 디카페인:1.0|생강청:25.0|간장, 개량, 양조:12.0|버터, 무가염:10.0|참깨, 흰색, 볶은것:1.0|파, 대파, 생것:100.0|생강, 뿌리줄기, 생것:50.0|삼치, 생것:200.0",
D081063,가지연어구이,구이류,어패류구이,331.0,,,"레몬 착즙:5.0|유자청:30.0|사과, 생것:20.0|마늘, 생것:10.0|올리브유:5.0|파슬리, 말린것:1.0|연어, 생것:200.0|토마토, 생것:20.0|가지, 생것:40.0|레몬 착즙:5.0|유자청:30.0|사과, 생것:20.0|마늘, 생것:10.0|올리브유:5.0|파슬리, 말린것:1.0|연어, 생것:200.0|토마토, 생것:20.0|가지, 생것:40.0|레몬 착즙:5.0|유자청:30.0|사과, 생것:20.0|마늘, 생것:10.0|올리브유:5.0|파슬리, 말린것:1.0|연어, 생것:200.0|토마토, 생것:20.0|가지, 생것:40.0|레몬 착즙:5.0|유자청:30.0|사과, 생것:20.0|마늘, 생것:10.0|올리브유:5.0|파슬리, 말린것:1.0|연어, 생것:200.0|토마토, 생것:20.0|가지, 생것:40.0",
D081065,연어스테이크,구이류,어패류구이,459.0,,,"버터, 무가염:5.0|닭 육수:150.0|조미료, 조개맛, 가루:10.0|크림, 생크림:50.0|발효주, 과실주, 포도주, 백포도주, 무스카데:15.0|후추, 흰색, 가루:1.0|미소:5.0|멥쌀, 백미, 생것:20.0|귀리, 쌀귀리, 도정, 생것:20.0|호두, 볶은것:10.0|브로콜리, 생것:15.0|녹차, 말린것:5.0|다시마, 말린것:3.0|연어, 생것:150.0",
D081027,양미리구이,구이류,어패류구이,87.0,,,"소금, 천일염, 가는소금:2.0|콩기름:15.0|양미리, 생것:70.0",
D081026,쏨뱅이구이,구이류,어패류구이,87.0,,,"소금, 천일염, 가는소금:2.0|콩기름:15.0|쏨뱅이, 생것:70.0",
D081021,볼락구이,구이류,어패류구이,87.0,,,"소금, 천일염, 가는소금:2.0|콩기름:15.0|볼락, 구운것:70.0",
D081023,북어구이(고추장),구이류,어패류구이,44.0,,,"파, 쪽파, 생것:1.0|참기름:1.0|참깨, 흰색, 볶은것:1.0|고춧가루:1.0|마늘, 생것:2.0|간장, 개량, 양조:3.0|콩기름:5.0|고추장, 재래:5.0|명태, 북어, 말린것:25.0",
D081022,볼락구이(불볼락),구이류,어패류구이,87.0,,,"소금, 천일염, 가는소금:2.0|콩기름:15.0|볼락, 불볼락, 생것:70.0",
D081020,복어구이,구이류,어패류구이,87.0,,,"소금, 천일염, 가는소금:2.0|콩기름:15.0|복어, 검복, 생것:70.0",
D081019,병어구이,구이류,어패류구이,87.0,,,"소금, 천일염, 가는소금:2.0|콩기름:15.0|병어, 생것:70.0",
D081018,뱅어포구이(고추장),구이류,어패류구이,37.0,,,"파, 쪽파, 생것:1.0|마늘, 생것:1.0|참깨, 흰색, 볶은것:1.0|고춧가루:1.0|참기름:2.0|간장, 개량, 양조:3.0|물엿:5.0|고추장, 개량:5.0|콩기름:10.0|뱅어, 포, 말린것:8.0",
D081017,밴댕이구이,구이류,어패류구이,87.0,,,"소금, 천일염, 가는소금:2.0|콩기름:15.0|밴댕이, 생것:70.0",
D081014,명태포구이(고추장),구이류,어패류구이,74.0,,,"참깨, 흰색, 볶은것:2.0|물엿:4.0|파, 대파, 생것:5.0|참기름:5.0|마늘, 생것:5.0|고춧가루:5.0|간장, 개량, 양조:5.0|콩기름:10.0|고추장, 개량:15.0|명태, 먹태, 포, 말린것:18.0",
D081067,갈릭칩동태구이,구이류,어패류구이,180.0,,대두(콩),"간장, 개량, 양조:10.0|맛술:10.0|마늘, 생것:10.0|명태, 동태, 냉동:150.0|간장, 개량, 양조:10.0|맛술:10.0|마늘, 생것:10.0|명태, 동태, 냉동:150.0",
D081015,민어구이,구이류,어패류구이,87.0,,,"소금, 천일염, 가는소금:2.0|콩기름:15.0|민어, 구운것:70.0",
D081011,노래미구이,구이류,어패류구이,87.0,,,"소금, 천일염, 가는소금:2.0|콩기름:15.0|노래미, 생것:70.0",
D081008,낙지구이(고추장),구이류,어패류구이,148.0,,,"참깨, 흰색, 볶은것:1.0|마늘, 생것:1.0|고춧가루:1.0|파, 대파, 생것:2.0|참기름:2.0|맛술:2.0|설탕, 백설탕:3.0|물엿:4.0|콩기름:5.0|간장, 개량, 양조:5.0|양파, 데친것:7.0|고추장, 재래:15.0|낙지, 세발낙지, 생것:100.0",
D081016,방어구이,구이류,어패류구이,87.0,,,"소금, 천일염, 가는소금:2.0|콩기름:15.0|방어, 구운것:70.0",
D081010,노가리구이,구이류,어패류구이,26.0,,,"소금, 천일염, 가는소금:1.0|콩기름:5.0|명태, 노가리, 말린것:20.0",
D081012,농어구이,구이류,어패류구이,87.0,,,"소금, 천일염, 가는소금:2.0|콩기름:15.0|농어, 구운것:70.0",
D081064,꽁치채소말이,구이류,어패류구이,634.6,,,"소금, 천일염, 가는소금:0.3|설탕, 가루:0.3|레몬 착즙:15.0|오렌지, 생것:200.0|비타민채(다채), 어린잎, 생것:8.0|무순, 싹, 생것:8.0|들깻잎, 생것:3.0|밀, 중력밀가루:30.0|파프리카, 노란색, 생것:100.0|양파, 생것:40.0|마늘종, 꽃줄기, 생것:30.0|꽁치, 생것:200.0",
D081009,넙치구이,구이류,어패류구이,87.0,,,"소금, 천일염, 가는소금:2.0|콩기름:15.0|넙치(광어), 생것:70.0",
D081007,꽁치구이,구이류,어패류구이,87.0,,,"소금, 천일염, 가는소금:2.0|콩기름:15.0|꽁치, 구운것:70.0",
D081006,굴비구이,구이류,어패류구이,85.0,,대두(콩),"콩기름:15.0|조기(참조기), 굴비, 소금에 절여 말린것:70.0",
D081005,고등어구이(자반고등어),구이류,어패류구이,72.0,,대두(콩),"콩기름:2.0|고등어, 자반고등어:70.0",
D083031,한입꼬치구이,구이류,기타 구이류,671.0,,,"마늘, 다진것:10.0|후추, 흰색, 가루:1.0|과당:15.0|레몬 착즙:15.0|오렌지 주스:100.0|콩기름:15.0|로즈메리, 말린것:1.0|후추, 검은색, 가루:1.0|간장, 개량, 양조:10.0|고추, 빨간색, 말린것:3.0|양송이버섯, 생것:40.0|피망, 초록색, 생것:40.0|미니파프리카, 빨간색, 생것:40.0|미니파프리카, 노란색, 생것:40.0|파, 대파, 생것:40.0|고구마, 생것:100.0|돼지고기, 삼겹살, 생것:200.0",
D083024,통감자오븐구이,구이류,기타 구이류,203.2,,대두(콩),"콩기름:2.0|소금, 천일염, 가는소금:1.2|치즈, 모차렐라:20.0|파프리카, 빨간색, 생것:10.0|양파, 생것:10.0|파프리카, 주황색, 생것:10.0|피망, 초록색, 생것:10.0|감자, 대지, 생것:140.0",
D083030,웰빙스테이크,구이류,기타 구이류,553.0,,,"버터, 무가염:15.0|사과, 생것:80.0|머스타드 소스, 씨겨자:15.0|파슬리, 말린것:1.0|레몬 착즙:25.0|감자, 대지, 생것:60.0|바질, 잎, 생것:2.0|양파, 생것:50.0|마늘, 생것:15.0|시금치, 생것:50.0|소고기, 한우(1++등급), 등심, 생것:240.0",
D081004,고등어구이,구이류,어패류구이,87.0,,,"소금, 천일염, 가는소금:2.0|콩기름:15.0|고등어, 구운것:70.0",
D081003,갈치구이,구이류,어패류구이,87.0,,,"소금, 천일염, 가는소금:2.0|콩기름:15.0|갈치, 생것:70.0",
D081001,가오리구이,구이류,어패류구이,87.0,,,"소금, 천일염, 가는소금:2.0|콩기름:15.0|가오리, 나비가오리, 생것:70.0",
D081002,가자미구이,구이류,어패류구이,76.0,,대두(콩),"콩기름:3.0|소금, 천일염, 가는소금:3.0|가자미, 생것:70.0",
D083023,애호박오븐치즈구이,구이류,기타 구이류,143.7,,,"치즈, 모차렐라, 슈레드타입:20.0|토마토 소스:25.0|후추, 검은색, 가루:0.05|파슬리, 말린것:0.05|발효주, 청주, 알코올 16%:3.0|소금, 천일염, 가는소금:0.6|돼지고기, 등심, 생것:30.0|양파, 생것:15.0|호박, 애호박, 생것:50.0",
D083027,양송이구이,구이류,기타 구이류,348.0,,,"레몬 착즙:15.0|겨자, 가루:30.0|밀, 중력밀가루:5.0|달걀, 생것:60.0|마늘, 다진것:5.0|후추, 흰색, 가루:2.0|고추, 청양고추, 생것:30.0|돼지고기, 살코기, 생것:100.0|로즈메리, 말린것:1.0|양송이버섯, 생것:100.0",
D083008,옥수수구이(버터),구이류,기타 구이류,56.0,,,"소금, 천일염, 가는소금:1.0|버터, 가염:5.0|옥수수, 찰옥수수, 삶은것:50.0",
D083007,옥수수구이,구이류,기타 구이류,50.0,,,"옥수수, 찰옥수수, 삶은것:50.0",https://www.nongsaro.go.kr/cms_contents/mgnNew/978-89-480-6205-2/978-89-480-6205-2_B_061.jpg
D083029,명란프리타타,구이류,기타 구이류,476.0,,,"올리브유:15.0|토마토, 방울토마토, 생것:100.0|시금치, 생것:50.0|후추, 흰색, 가루:1.0|달걀, 생것:240.0|크림, 생크림:20.0|명태, 알, 양념젓갈(명란젓):50.0",
D083004,도라지구이(고추장),구이류,기타 구이류,112.0,,,"소금, 천일염, 가는소금:2.0|설탕, 백설탕:2.0|마늘, 생것:2.0|참기름:3.0|파, 대파, 생것:4.0|콩기름:5.0|고추장, 개량:19.0|도라지, 뿌리, 데친것:75.0",
D083032,묵은지가지말이,구이류,기타 구이류,750.0,,,"생수:300.0|후추, 흰색, 가루:2.0|정향, 가루:1.0|월계수, 잎, 말린것:2.0|과당:15.0|발효주, 과실주, 포도주, 적포도주, 알코올 13%:120.0|레몬, 생것:50.0|올리브유:5.0|마늘, 생것:13.0|생강, 뿌리줄기, 생것:7.0|양파, 생것:55.0|피망, 빨간색, 생것:15.0|피망, 초록색, 생것:15.0|김치, 배추 김치:40.0|가지, 생것:30.0|돼지고기, 살코기, 생것:80.0",
D083035,두부구이와 버섯소스,구이류,기타 구이류,131.0,,대두(콩),"간장, 개량, 양조:5.0|파, 쪽파, 생것:1.0|과당:5.0|올리브유:5.0|발사믹 소스:5.0|느타리버섯, 생것:10.0|두부:100.0",
D083006,떡꼬치(고추장),구이류,기타 구이류,120.0,,,"파, 쪽파, 생것:2.0|참기름:2.0|간장, 개량, 양조:2.0|콩기름:4.0|물엿:5.0|고추장, 개량:5.0|멥쌀떡, 가래떡:100.0",
D083026,두부까나페,구이류,기타 구이류,343.5,,,"후추, 흰색, 가루:0.5|마늘, 다진것:5.0|간장, 개량, 양조:6.0|오이, 다다기, 생것:25.0|양파, 생것:65.0|당근, 뿌리, 생것:20.0|마요네즈:30.0|소금, 천일염, 가는소금:1.0|로즈메리, 말린것:1.0|올리브유:15.0|햄, 슬라이스햄:25.0|두부:150.0",
D083005,두부구이(고추장),구이류,기타 구이류,112.0,,,"참기름:1.0|참깨, 흰색, 볶은것:1.0|콩기름:2.0|참깨, 흰색, 볶은것:2.0|파, 쪽파, 생것:3.0|설탕, 백설탕:3.0|마늘, 생것:3.0|고추장, 개량:5.0|파, 대파, 생것:7.0|간장, 개량, 양조:10.0|두부:75.0",
D083021,달걀프리타타,구이류,기타 구이류,206.55,,,"치즈, 모차렐라, 슈레드타입:10.0|버터, 가염:2.0|올리브유:3.0|치즈, 파르메산(파마산):3.0|후추, 검은색, 가루:0.05|소금, 천일염, 가는소금:0.5|크림, 생크림:8.0|달걀, 생것:60.0|토마토, 방울토마토, 생것:30.0|소시지, 위너(비엔나)소시지:20.0|양송이버섯, 생것:20.0|양파, 생것:20.0|시금치, 생것:30.0",
D083002,김구이,구이류,기타 구이류,4.0,,대두(콩),"콩기름:1.0|소금, 천일염, 가는소금:1.0|김, 참김, 구운것:2.0",
D083019,곤드레프리타타,구이류,기타 구이류,207.85,,,"파슬리, 말린것:0.05|소금, 천일염, 가는소금:0.8|토마토, 방울토마토, 생것:30.0|당근, 뿌리, 생것:10.0|마늘, 생것:3.0|치즈, 모차렐라:10.0|치즈, 파르메산(파마산):3.0|크림, 생크림:6.0|우유:20.0|달걀, 생것:60.0|양파, 생것:15.0|고려엉겅퀴(곤드레), 재래종, 잎, 생것:50.0",
D083020,단감드레싱 두부구이,구이류,기타 구이류,133.0,,대두(콩),"콩기름:3.0|참기름:2.0|식초, 감식초:3.0|레몬 착즙:3.0|설탕, 백설탕:7.0|생수:12.0|간장, 개량, 양조:7.0|감, 단감, 생것:50.0|전분, 감자, 가루:6.0|두부:40.0",
D083034,김말이두부스테이크,구이류,기타 구이류,442.3,,,"식초, 발사믹:15.0|올리브유:20.0|버터, 무가염:5.0|마늘, 생것:3.0|토마토, 생것:20.0|발효주, 과실주, 포도주, 적포도주, 알코올 13%:25.0|아스파라거스, 생것:10.0|호박, 단호박, 생것:50.0|고구마, 생것:50.0|후추, 흰색, 가루:0.3|밀, 중력밀가루:10.0|큰느타리버섯(새송이버섯), 생것:10.0|표고버섯, 배지재배, 생것:10.0|양파, 생것:90.0|소고기, 한우(1++등급), 등심, 생것:20.0|소금, 천일염, 가는소금:2.0|김, 참김, 생것:2.0|두부:100.0",
D083001,감자구이(버터),구이류,기타 구이류,137.0,,,"소금, 천일염, 가는소금:2.0|버터, 가염:5.0|감자, 대지, 구운것:130.0",
D021013,핫도그(냉동),과자 및 빵류,빵류,60.0,,"밀,돼지고기,닭고기,쇠고기,토마토","핫도그, 냉동:60.0",
D021012,"피자(슈퍼슈프림, 냉동)",과자 및 빵류,빵류,150.0,,,"피자, 콤비네이션 피자, 냉동, 전자레인지 조리:150.0",
D083028,가지라따뚜이,구이류,기타 구이류,891.0,,,"바질, 잎, 생것:1.0|치즈, 파르메산(파마산):10.0|호박, 애호박, 생것:200.0|토마토, 통조림, 페이스트:200.0|양파, 생것:100.0|파프리카, 빨간색, 생것:100.0|피망, 초록색, 생것:100.0|가지, 생것:180.0",
D083018,가지스테이크,구이류,기타 구이류,109.5,,,"참깨, 흰색, 볶은것:0.5|참기름:2.0|마늘, 생것:3.0|맛술:5.0|된장, 개량:6.0|비타민채(다채), 어린잎, 생것:20.0|콩기름:3.0|가지, 생것:70.0",
D021062,호밀빵,과자 및 빵류,빵류,100.0,,"난류,우유,밀",호밀빵:100.0,
D021011,프렌치토스트,과자 및 빵류,빵류,191.0,,,"소금, 천일염, 가는소금:1.0|버터, 가염:10.0|우유:50.0|달걀, 부침(달걀프라이):50.0|빵, 식빵, 버터 첨가:80.0",
D021014,햄버거(소고기패티),과자 및 빵류,빵류,150.0,,"밀,돼지고기,닭고기,쇠고기,토마토","햄버거, 소고기패티:150.0",
D021047,과일 페이스트리,과자 및 빵류,빵류,100.0,,"난류,밀","빵, 페이스트리, 과일:100.0|빵, 페이스트리, 과일:100.0",
D021060,파운드 케이크,과자 및 빵류,빵류,100.0,,"난류,우유,밀","케이크, 파운드 케이크:100.0",
D021070,발효생햄줄줄이토스트,과자 및 빵류,빵류,125.1,,,"딸기, 잼:12.0|파슬리, 말린것:0.1|연유, 점성이 높은것:10.0|치즈, 파르메산(파마산):2.0|마늘, 생것:2.0|버터, 가염:4.0|햄, 슬라이스햄:10.0|치즈, 체다:25.0|빵, 식빵, 버터 첨가:60.0|딸기, 잼:12.0|파슬리, 말린것:0.1|연유, 점성이 높은것:10.0|치즈, 파르메산(파마산):2.0|마늘, 생것:2.0|버터, 가염:4.0|햄, 슬라이스햄:10.0|치즈, 체다:25.0|빵, 식빵, 버터 첨가:60.0",
D021043,크림빵,과자 및 빵류,빵류,100.0,,"난류,밀","빵, 크림빵:100.0",
D021064,크로켓(크림),과자 및 빵류,빵류,100.0,,밀,"크로켓, 크림 크로켓, 냉동:100.0",
D021042,크로켓(채소),과자 및 빵류,빵류,200.0,,밀,"크로켓, 채소 크로켓, 냉동:100.0|빵, 크로켓, 채소:100.0",
D021082,카스텔라케이크와 해독주스,과자 및 빵류,빵류,345.0,,토마토,"토마토, 방울토마토, 생것:25.0|당근, 뿌리, 생것:25.0|사과, 생것:50.0|브로콜리, 생것:25.0|바나나, 생것:50.0|체리, 생것:10.0|요구르트, 호상, 플레인:30.0|아몬드, 볶은것:15.0|꿀:15.0|빵, 카스텔라:100.0",
D021058,초콜릿 케이크,과자 및 빵류,빵류,100.0,,"난류,우유,밀","케이크, 초콜릿 케이크:100.0",
D021080,채소쌀케익,과자 및 빵류,빵류,130.3,,대두(콩),"콩기름:1.0|마요네즈:2.0|핫 소스:2.0|치즈, 모차렐라:10.0|설탕, 백설탕:13.0|소금, 천일염, 가는소금:0.3|버터, 가염:2.0|감자, 대지, 생것:10.0|양파, 생것:10.0|당근, 뿌리, 생것:10.0|생수:40.0|멥쌀, 백미, 생것:30.0",
D021035,찐빵(팥),과자 및 빵류,빵류,100.0,,"난류,우유,밀","빵, 찐빵, 팥, 막걸리 발효:100.0",
D021078,우리밀 옥수수빵,과자 및 빵류,빵류,68.5,,대두(콩),"콩기름:1.0|달걀, 생것:10.0|우유:20.0|소금, 천일염, 가는소금:0.1|설탕, 백설탕:7.0|팽창제, 베이킹파우더:0.4|옥수수, 가루:5.0|밀, 중력밀가루:10.0|옥수수, 통조림, 가당:15.0",
D021033,옥수수빵,과자 및 빵류,빵류,100.0,,"난류,우유,밀","빵, 옥수수빵:100.0",
D021051,케이크(후르츠 과일),과자 및 빵류,빵류,100.0,,"난류,우유,밀","케이크, 과일(후르츠):100.0",
D021056,스펀지 케이크,과자 및 빵류,빵류,100.0,,"난류,우유,밀","케이크, 스펀지 케이크:100.0",
D021074,사과조림 샌드,과자 및 빵류,빵류,112.2,,,"소금, 천일염, 가는소금:0.1|계피, 가루:0.1|잣, 생것:2.0|호두, 말린것:4.0|올리브유:3.0|버터, 가염:3.0|설탕, 백설탕:9.0|치즈, 모차렐라:10.0|빵, 또띠아, 밀:31.0|사과, 생것:50.0",
D021061,찹쌀빵(찹쌀도우넛),과자 및 빵류,빵류,100.0,,"난류,밀","찹쌀빵, 찹쌀도넛:100.0",
D021036,찐빵(채소),과자 및 빵류,빵류,100.0,,"난류,밀","빵, 찐빵, 채소:100.0",
D021059,치즈 케이크,과자 및 빵류,빵류,100.0,,"난류,우유,밀","케이크, 치즈 케이크:100.0",
D021046,치즈 페이스트리,과자 및 빵류,빵류,100.0,,"난류,밀","빵, 페이스트리, 치즈:100.0",
D021037,찐빵(단호박),과자 및 빵류,빵류,100.0,,"난류,밀","빵, 찐빵, 단호박, 막걸리 발효:100.0",
D021077,오곡불고기부리토,과자 및 빵류,빵류,173.0,,,"참기름:1.0|참깨, 흰색, 볶은것:1.0|파, 대파, 생것:1.0|마늘, 생것:2.0|발효주, 청주, 알코올 16%:2.0|간장, 개량, 양조:3.0|설탕, 백설탕:2.0|치즈, 모차렐라:15.0|빵, 또띠아, 밀:40.0|콩기름:4.0|옥수수, 통조림, 가당:6.0|파프리카, 노란색, 생것:10.0|파프리카, 빨간색, 생것:10.0|양파, 생것:6.0|소고기, 수입산, 목심(목심살), 생것:40.0|조, 차조, 도정, 생것:3.0|수수, 도정, 생것:6.0|멥쌀, 현미, 생것:7.0|멥쌀, 백미, 생것:7.0|찹쌀, 백미, 생것:7.0",
D021039,크로와상,과자 및 빵류,빵류,100.0,,"난류,밀","빵, 크루아상:100.0",
D021063,크로켓(감자),과자 및 빵류,빵류,100.0,,밀,"크로켓, 감자 크로켓, 냉동:100.0",
D021073,보리카스텔라,과자 및 빵류,빵류,85.1,,,"포도씨유:7.0|물엿:4.0|소금, 천일염, 가는소금:0.1|설탕, 백설탕:7.0|우유:5.0|밀, 박력밀가루:10.0|보리, 가루:2.0|달걀, 생것:50.0|포도씨유:7.0|물엿:4.0|소금, 천일염, 가는소금:0.1|설탕, 백설탕:7.0|우유:5.0|밀, 박력밀가루:10.0|보리, 가루:2.0|달걀, 생것:50.0",
D021034,잼빵,과자 및 빵류,빵류,100.0,,"난류,우유,밀","빵, 잼빵:100.0",
D021057,엔젤푸드 케이크,과자 및 빵류,빵류,100.0,,"난류,우유,밀","케이크, 엔젤푸드 케이크:100.0",
D021076,쌀 파운드케이크,과자 및 빵류,빵류,60.3,,,"소금, 천일염, 가는소금:0.1|팽창제, 베이킹파우더:0.2|멥쌀, 백미, 가루:12.0|달걀, 생것:10.0|설탕, 황설탕:6.0|버터, 가염:7.0|바나나, 생것:25.0",
D021032,식빵(우유),과자 및 빵류,빵류,100.0,,"난류,우유,밀","빵, 식빵, 우유:100.0",
D021031,식빵,과자 및 빵류,빵류,100.0,,"난류,우유,밀","빵, 식빵, 버터 첨가:100.0",
D021007,식빵(옥수수),과자 및 빵류,빵류,100.0,,"난류,우유,밀","빵, 식빵, 옥수수:100.0",
D021075,수수카나페,과자 및 빵류,빵류,58.3,,대두(콩),"콩기름:2.0|소금, 천일염, 가는소금:0.3|설탕, 백설탕:3.0|크랜베리, 말린것, 가당:3.0|치즈, 크림:5.0|팥, 앙금:10.0|아몬드, 볶은것:8.0|생수:10.0|찹쌀, 백미, 가루:10.0|수수, 도정, 생것:7.0",
D021049,소시지빵,과자 및 빵류,빵류,100.0,,"난류,밀","빵, 소시지빵:100.0",
D021048,붕어빵,과자 및 빵류,빵류,100.0,,"난류,밀","빵, 붕어빵, 팥:100.0",
D021072,보리술빵,과자 및 빵류,빵류,107.0,,,"설탕, 백설탕:3.0|밤, 생것:4.0|완두, 생것:10.0|강낭콩, 생것:10.0|우유:20.0|발효주, 탁주, 막걸리, 알코올 6%:20.0|보리, 가루:40.0",
D021028,모닝빵,과자 및 빵류,빵류,100.0,,"난류,우유,밀","빵, 모닝빵:100.0",
D021030,베이글,과자 및 빵류,빵류,100.0,,,"빵, 베이글:100.0",
D021029,모카빵,과자 및 빵류,빵류,100.0,,"난류,우유,밀","빵, 모카빵:100.0",
D021071,보리브리또,과자 및 빵류,빵류,226.5,,,"참깨, 흰색, 볶은것:0.5|참기름:1.0|설탕, 백설탕:1.0|간장, 개량, 양조:4.0|콩기름:2.0|당근, 뿌리, 생것:10.0|파, 대파, 생것:3.0|양파, 생것:15.0|빵, 또띠아, 밀:40.0|김치, 배추 김치:20.0|소고기, 한우, 등심, 생것:30.0|생수:60.0|멥쌀, 백미, 생것:15.0|보리, 쌀보리, 찰보리, 도정, 생것:25.0",
D021069,메밀갈레트,과자 및 빵류,빵류,228.85,,,"후추, 검은색, 가루:0.05|올리브유:6.0|식초, 감식초:6.0|꿀:5.0|양파, 생것:8.0|토마토, 방울토마토, 생것:30.0|루꼴라, 생것:30.0|치즈, 모차렐라, 슈레드타입:15.0|치즈, 체다:5.0|베이컨:15.0|양송이버섯, 생것:15.0|우유:40.0|달걀, 생것:20.0|설탕, 백설탕:3.0|소금, 천일염, 가는소금:0.8|밀, 중력밀가루:10.0|메밀, 도정, 생것:20.0",
D021006,바게트빵,과자 및 빵류,빵류,80.0,,"난류,우유,밀","빵, 바게트:80.0",
D021026,마늘빵,과자 및 빵류,빵류,100.0,,"난류,우유,밀","빵, 마늘빵:100.0",
D021052,롤케이크,과자 및 빵류,빵류,100.0,,"난류,우유,밀","케이크, 롤 케이크:100.0",
D021024,롤빵(하드),과자 및 빵류,빵류,100.0,,"난류,우유,밀","빵, 롤빵, 하드:100.0",
D021025,롤빵(소프트),과자 및 빵류,빵류,100.0,,"난류,우유,밀","빵, 롤빵, 소프트:100.0",
D021005,도우넛(팥),과자 및 빵류,빵류,80.0,,"난류,우유,밀","빵, 도넛, 팥:80.0",
D021003,단팥빵,과자 및 빵류,빵류,80.0,,"난류,밀","빵, 팥빵:80.0",
D021066,늙은 호박 찐빵,과자 및 빵류,빵류,113.6,,대두(콩),"콩기름:2.0|팽창제, 효모, 말린것:1.2|소금, 천일염, 가는소금:0.4|설탕, 백설탕:10.0|밀, 통밀가루:30.0|호박, 늙은호박, 생것:70.0",
D021067,달걀빵,과자 및 빵류,빵류,184.4,,,"버터, 가염:7.0|소금, 천일염, 가는소금:0.4|설탕, 백설탕:7.0|밀, 강력밀가루:30.0|우유:50.0|달걀, 생것:60.0|양파, 생것:20.0|베이컨:10.0",
D021068,닭고기또띠아쌈(치킨타코),과자 및 빵류,빵류,202.5,,,"레몬 착즙:3.0|꿀:2.0|올리브유:5.0|마늘, 생것:3.0|후추, 검은색, 가루:0.1|소금, 천일염, 가는소금:0.4|칠리 소스:8.0|치즈, 모차렐라, 슈레드타입:15.0|빵, 또띠아, 밀:40.0|아보카도, 생것:20.0|양파, 적색, 생것:10.0|피망, 빨간색, 생것:8.0|피망, 초록색, 생것:8.0|토마토, 생것:30.0|닭고기, 가슴, 생것:50.0",
D021004,도우넛(링),과자 및 빵류,빵류,80.0,,"난류,우유,밀","빵, 도넛, 링:80.0",
D021050,난,과자 및 빵류,빵류,100.0,,"난류,밀","빵, 난:100.0",
D021065,곶감토르띠야피자,과자 및 빵류,빵류,84.0,,우유,"치즈, 파르메산(파마산):5.0|옥수수, 통조림, 가당:15.0|치즈, 모차렐라, 슈레드타입:10.0|빵, 또띠아, 밀:31.0|아몬드, 말린것:4.0|호두, 말린것:4.0|감, 떫은감, 곶감, 반건시:15.0",
D021023,꽈배기빵,과자 및 빵류,빵류,100.0,,"난류,우유,밀","빵, 꽈배기:100.0",
D022098,효도강정,과자 및 빵류,과자류,195.0,,대두(콩),"콩기름:10.0|설탕, 가루:25.0|과당:25.0|참깨, 검은색, 볶은것:10.0|아몬드, 볶은것:50.0|수수, 도정, 생것:25.0|율무, 도정, 생것:25.0|멥쌀, 현미, 생것:25.0",
D021002,곰보빵,과자 및 빵류,빵류,80.0,,"난류,우유,밀","빵, 곰보빵:80.0",
D021001,건포도빵,과자 및 빵류,빵류,80.0,,"난류,우유,밀","빵, 건포도빵:80.0",
D022097,호두땅콩크로캉,과자 및 빵류,과자류,38.0,,,"호박씨, 말린것:3.0|밀, 박력밀가루:2.0|버터, 가염:3.0|설탕, 백설탕:4.0|달걀, 난백, 생것:10.0|땅콩, 볶은것:8.0|호두, 말린것:8.0",
D022028,하드 비스킷(과자),과자 및 빵류,과자류,100.0,,밀,"과자, 비스킷, 하드:100.0",
D022066,풍선껌,과자 및 빵류,과자류,100.0,,,"껌, 풍선껌:100.0",
D022073,팥 양갱,과자 및 빵류,과자류,100.0,,,"양갱, 팥:100.0",
D022084,푸딩(커스터드),과자 및 빵류,과자류,100.0,,우유,"푸딩, 커스터드:100.0",
D022041,통밀쿠키(과자),과자 및 빵류,과자류,100.0,,"난류,밀","과자, 쿠키, 통밀:100.0",
D022046,땅콩샌드 크랙커(과자),과자 및 빵류,과자류,100.0,,"땅콩,밀","과자, 크래커, 땅콩샌드:100.0|과자, 크래커, 땅콩샌드:100.0",
D022090,콩엿강정,과자 및 빵류,과자류,1143.0,,,"참기름:3.0|콩기름:500.0|물엿:145.0|설탕, 백설탕:75.0|대두, 검은색, 서리태, 말린것:160.0|대두, 노란색, 말린것:160.0",
D022083,카라멜(밀크),과자 및 빵류,과자류,100.0,,우유,"캐러멜, 우유:100.0",
D022047,치즈샌드 크랙커(과자),과자 및 빵류,과자류,100.0,,"난류,밀","과자, 크래커, 치즈샌드:100.0",
D022082,초콜릿(화이트),과자 및 빵류,과자류,100.0,,,"초콜릿, 화이트 초콜릿:100.0",
D022079,초콜릿(크런치),과자 및 빵류,과자류,100.0,,,"초콜릿, 크런치 초콜릿:100.0",
D022081,초콜릿(스위트),과자 및 빵류,과자류,100.0,,,"초콜릿, 스위트 초콜릿:100.0",
D022080,초콜릿(밀크 아몬드),과자 및 빵류,과자류,100.0,,,"초콜릿, 밀크 아몬드 초콜릿:100.0",
D022078,초콜릿(땅콩),과자 및 빵류,과자류,100.0,,땅콩,"초콜릿, 땅콩 초콜릿:100.0",
D022077,초콜릿(다크),과자 및 빵류,과자류,100.0,,,"초콜릿, 다크 초콜릿:100.0",
D022043,초코칩쿠키(과자),과자 및 빵류,과자류,100.0,,"난류,밀","과자, 쿠키, 초코칩:100.0",
D022040,초코볼(과자),과자 및 빵류,과자류,100.0,,"난류,우유,밀","과자, 초코볼:100.0",
D022075,초코바(땅콩 카라멜),과자 및 빵류,과자류,100.0,,땅콩,"초코바, 땅콩 캐러멜:100.0",
D022076,초코바(쿠키 카라멜),과자 및 빵류,과자류,100.0,,,"초코바, 쿠키 캐러멜:100.0",
D022048,채소 크랙커(과자),과자 및 빵류,과자류,100.0,,"난류,밀","과자, 크래커, 채소:100.0",
D022062,찹쌀과자(유과),과자 및 빵류,과자류,100.0,,,"찹쌀 과자, 유과:100.0",
D022060,찹쌀과자(송화다식),과자 및 빵류,과자류,100.0,,,"다식, 송화:100.0",
D022074,젤리(구미),과자 및 빵류,과자류,100.0,,,"젤리, 구미:100.0",
D022007,찹쌀과자(검정깨 다식),과자 및 빵류,과자류,60.0,,,"다식, 검정깨:60.0",
D022061,찹쌀과자(산자),과자 및 빵류,과자류,100.0,,,"찹쌀 과자, 산자:100.0",
D022006,참깨과자(엿강정),과자 및 빵류,과자류,10.0,,밀,"참깨 과자, 엿강정:10.0",
D022096,우리밀 시나몬초코칩쿠키,과자 및 빵류,과자류,40.5,,"난류,밀","과자, 쿠키, 초코칩:6.0|달걀, 생것:6.0|소금, 천일염, 가는소금:0.1|설탕, 흑설탕:4.0|설탕, 백설탕:2.0|버터, 가염:7.0|계피, 가루:0.1|팽창제, 베이킹파우더:0.3|밀, 박력밀가루:15.0",
D022032,김전병(과자),과자 및 빵류,과자류,100.0,,"난류,밀","과자, 전병, 김:100.0|과자, 전병, 김:100.0",
D022033,옥수수스넥(과자),과자 및 빵류,과자류,100.0,,밀,"과자, 스낵, 옥수수:100.0",
D022058,옥수수과자(강냉이),과자 및 빵류,과자류,100.0,,,"옥수수 과자, 강냉이:100.0",
D022095,오곡강정,과자 및 빵류,과자류,43.0,,대두(콩),"콩기름:5.0|설탕, 백설탕:3.0|조청, 쌀:13.0|크랜베리, 말린것, 가당:3.0|해바라기씨, 말린것:2.0|참깨, 검은색, 볶은것:1.0|보리, 쌀보리, 찰보리, 도정, 생것:4.0|귀리, 겉귀리, 도정, 생것:4.0|찹쌀, 백미, 생것:4.0|율무, 도정, 생것:4.0",
D022068,엿(고구마),과자 및 빵류,과자류,100.0,,,물엿:100.0,
D022025,멥쌀과자(쌀엿강정),과자 및 빵류,과자류,100.0,,,"멥쌀 과자, 쌀엿강정, 팽화:100.0|멥쌀 과자, 쌀엿강정, 팽화:100.0",
D022034,약과(과자),과자 및 빵류,과자류,100.0,,밀,"과자, 약과:100.0",
D022057,시리얼(코코아),과자 및 빵류,과자류,100.0,,밀,"시리얼, 옥수수, 코코아:100.0",
D022053,시리얼(현미),과자 및 빵류,과자류,100.0,,밀,"시리얼, 현미:100.0",
D022052,시리얼(옥수수),과자 및 빵류,과자류,100.0,,밀,"시리얼, 옥수수:100.0",
D022005,"시리얼(옥수수, 아몬드)",과자 및 빵류,과자류,110.0,,밀,"시리얼, 옥수수, 아몬드:110.0",
D022071,사탕(버터),과자 및 빵류,과자류,100.0,,,"사탕, 버터:100.0",
D022056,시리얼(쌀),과자 및 빵류,과자류,100.0,,밀,"시리얼, 쌀:100.0",
D022029,소프트 비스킷(과자),과자 및 빵류,과자류,100.0,,밀,"과자, 비스킷, 소프트:100.0",
D022072,사탕(땅콩),과자 및 빵류,과자류,100.0,,땅콩,"사탕, 땅콩:100.0",
D022070,사탕(박하사탕),과자 및 빵류,과자류,100.0,,,"사탕, 박하사탕:100.0",
D022030,사과파이(과자),과자 및 빵류,과자류,100.0,,"난류,밀","과자, 사과파이:100.0",
D022094,보리하트쿠키,과자 및 빵류,과자류,33.1,,,"소금, 천일염, 가는소금:0.1|우유:6.0|버터, 가염:11.0|설탕, 백설탕:3.0|보리, 가루:2.0|밀, 박력밀가루:11.0",
D022069,사탕(마쉬멜로),과자 및 빵류,과자류,100.0,,,"사탕, 마시멜로:100.0",
D022050,뻥튀기(팽화),과자 및 빵류,과자류,100.0,,밀,"과자, 뻥튀기, 원반 모양, 팽화:100.0",
D022039,바닐라 웨하스(과자),과자 및 빵류,과자류,100.0,,"난류,우유,밀","과자, 바닐라 웨하스:100.0",
D022092,밀쌀스낵,과자 및 빵류,과자류,100.0,,,"과자, 스낵, 밀쌀:100.0",
D022027,모나카(과자),과자 및 빵류,과자류,100.0,,밀,"과자, 모나카:100.0",
D022004,"멥쌀과자(튀밥, 팽화)",과자 및 빵류,과자류,110.0,,,"멥쌀 과자, 튀밥, 팽화:110.0",
D022024,멥쌀과자,과자 및 빵류,과자류,100.0,,,"멥쌀 과자, 튀밥, 팽화:100.0",
D022088,매작과,과자 및 빵류,과자류,1153.0,,,"계피, 가루:1.0|꿀:40.0|설탕, 백설탕:150.0|콩기름:420.0|잣, 볶은것:8.0|생강, 뿌리줄기, 생것:20.0|소금, 천일염, 가는소금:4.0|밀, 중력밀가루:220.0",
D022051,마카로니(과자),과자 및 빵류,과자류,100.0,,밀,"과자, 마카로니:100.0",
D022087,도라지정과,과자 및 빵류,과자류,1344.0,,,"꿀:40.0|소금, 천일염, 가는소금:4.0|설탕, 백설탕:100.0|도라지, 뿌리, 생것:200.0",
D022086,대추초,과자 및 빵류,과자류,1153.0,,,"계피, 가루:1.0|꿀:40.0|설탕, 백설탕:150.0|콩기름:420.0|잣, 볶은것:8.0|생강, 뿌리줄기, 생것:20.0|소금, 천일염, 가는소금:4.0|보리, 엿기름:220.0",
D022026,만주(밤),과자 및 빵류,과자류,100.0,,밀,"과자, 만주, 밤:100.0",
D022093,대추영양바,과자 및 빵류,과자류,52.4,,,"생수:5.0|계피, 가루:0.2|소금, 천일염, 가는소금:0.2|버터, 가염:4.0|설탕, 흑설탕:4.0|조청, 쌀:12.0|아몬드, 말린것:3.0|호박씨, 말린것:2.0|귀리, 오트밀:7.0|멥쌀, 현미, 생것:7.0|호두, 말린것:3.0|대추, 말린것:5.0",
D022091,마늘바게트,과자 및 빵류,과자류,100.0,,,"과자, 마늘바게트:100.0",
D022067,껌(무설탕),과자 및 빵류,과자류,100.0,,,"껌, 무설탕:100.0",
D022055,그래놀라(건조과일),과자 및 빵류,과자류,100.0,,밀,"시리얼, 옥수수, 그래놀라, 건조과일:100.0",
D022002,"과자(스넥, 새우)",과자 및 빵류,과자류,110.0,,"새우,밀","과자, 스낵, 새우:110.0",
D022085,강정,과자 및 빵류,과자류,1932.0,,대두(콩),"대두, 콩가루:85.0|잣, 볶은것:45.0|참깨, 검은색, 볶은것:60.0|참깨, 흰색, 볶은것:60.0|멥쌀 과자, 튀밥, 팽화:120.0|멥쌀 과자, 튀밥, 팽화:120.0|꿀:63.0|설탕, 백설탕:163.0|소금, 천일염, 가는소금:1.0|멥쌀, 백미, 생것:100.0|증류주, 소주, 희석식, 알코올 17.8%:30.0|대두, 노란색, 말린것:15.0|찹쌀, 백미, 생것:670.0",
D022054,그래놀라(코코넛),과자 및 빵류,과자류,100.0,,밀,"시리얼, 옥수수, 그래놀라, 코코넛:100.0",
D022003,과자(초코파이),과자 및 빵류,과자류,85.0,,"난류,우유,밀","과자, 초코파이:85.0",
D022001,건빵,과자 및 빵류,과자류,30.0,,밀,"과자, 건빵:30.0",
D022065,"감자칩(과자,튀긴것)",과자 및 빵류,과자류,100.0,,밀,"감자 과자, 감자칩, 튀긴것:100.0",
D022064,"감자칩(과자,구운것)",과자 및 빵류,과자류,100.0,,밀,"감자 과자, 감자칩, 구운것:100.0",
D211065,황금향,과일 및 과일가공품,과일류,100.0,,,"귤, 만감류, 황금향, 생것:100.0",
D211064,한라봉,과일 및 과일가공품,과일류,100.0,,,"귤, 만감류, 한라봉, 생것:100.0",
D211098,포도(캠벨엘리),과일 및 과일가공품,과일류,100.0,,,"포도, 캠벨얼리, 생것:100.0",
D211099,플럼코트,과일 및 과일가공품,과일류,100.0,,,"플럼코트, 생것:100.0",
D211054,포도(거봉),과일 및 과일가공품,과일류,70.0,,,"포도, 거봉, 생것, 껍질 포함:70.0|포도, 거봉, 생것, 껍질 포함:70.0|포도, 거봉, 생것, 껍질 포함:70.0",
D211036,파파야,과일 및 과일가공품,과일류,100.0,,,"파파야, 완숙, 생것:100.0",
D212035,파인애플(통조림),과일 및 과일가공품,가공품류,100.0,,,"파인애플, 통조림, 고형물:100.0|파인애플, 통조림, 고형물:100.0",
D211095,골드키위,과일 및 과일가공품,과일류,100.0,,,"키위, 골드, 생것:100.0|키위, 골드, 생것:100.0",
D212070,크랜베리(말린것),과일 및 과일가공품,가공품류,100.0,,,"크랜베리, 말린것, 가당:100.0|크랜베리, 말린것, 가당:100.0",
D211031,코코넛(말린것),과일 및 과일가공품,과일류,13.0,,,"코코넛, 말린것:13.0",
D212069,체리(통조림),과일 및 과일가공품,가공품류,100.0,,,"체리, 통조림, 고형물, 빨간색:100.0|체리, 통조림, 고형물, 빨간색:100.0",
D211063,천혜향,과일 및 과일가공품,과일류,100.0,,,"귤, 만감류, 천혜향, 생것:100.0",
D211030,참외,과일 및 과일가공품,과일류,100.0,,,"참외, 생것, 씨 포함:100.0",
D212068,잭프루트(통조림),과일 및 과일가공품,가공품류,100.0,,,"잭프루트, 통조림:100.0|잭프루트, 통조림:100.0",
D211092,자몽,과일 및 과일가공품,과일류,100.0,,,"자몽, 생것:100.0",
D212067,자두(말린것),과일 및 과일가공품,가공품류,100.0,,,"자두, 말린것, 프룬:100.0|자두, 말린것, 프룬:100.0",
D211091,으름,과일 및 과일가공품,과일류,100.0,,,"으름, 생것:100.0",
D211090,용과(황색종),과일 및 과일가공품,과일류,100.0,,,"용과, 백육종, 생것:100.0",
D211089,용과(적육종),과일 및 과일가공품,과일류,100.0,,,"용과, 적육종, 생것:100.0",
D211088,용과(백육종),과일 및 과일가공품,과일류,100.0,,,"용과, 백육종, 생것:100.0",
D211087,오미자(생것),과일 및 과일가공품,과일류,100.0,,,"오미자, 생것:100.0",
D211028,오렌지,과일 및 과일가공품,과일류,100.0,,,"오렌지, 생것:100.0",
D211027,오디,과일 및 과일가공품,과일류,100.0,,,"오디, 생것:100.0",
D211026,엘더베리,과일 및 과일가공품,과일류,100.0,,,"엘더베리, 생것:100.0",
D211025,앵두,과일 및 과일가공품,과일류,100.0,,,"앵두, 생것:100.0",
D211086,애플수박,과일 및 과일가공품,과일류,100.0,,,"미니수박, 적육질, 생것:100.0",
D211071,애플망고,과일 및 과일가공품,과일류,100.0,,,"망고, 애플망고, 생것:100.0",
D211024,아보카도,과일 및 과일가공품,과일류,100.0,,,"아보카도, 생것:100.0",
D211085,아로니아,과일 및 과일가공품,과일류,100.0,,,"아로니아, 네로, 생것:100.0",
D211101,쌀푸딩,과일 및 과일가공품,과일류,214.0,,,"사과, 생것:20.0|파인애플, 생것:20.0|키위, 골드, 생것:20.0|블루베리, 생것:20.0|달걀, 난황, 생것:3.0|버터, 가염:3.0|설탕, 백설탕:8.0|우유:80.0|멥쌀, 백미, 밥:40.0",
D211084,아떼모야,과일 및 과일가공품,과일류,100.0,,,"아떼모야, 생것:100.0",
D211062,신예감,과일 및 과일가공품,과일류,100.0,,,"귤, 만감류, 신예감, 생것:100.0",
D211039,수박,과일 및 과일가공품,과일류,150.0,,,"수박, 적육질, 생것:150.0|수박, 적육질, 생것:150.0",
D211022,석류,과일 및 과일가공품,과일류,100.0,,,"석류, 생것:100.0",
D211097,샤인머스켓,과일 및 과일가공품,과일류,100.0,,,"포도, 샤인머스캣, 생것, 껍질 포함:100.0",
D212062,살구(말린것),과일 및 과일가공품,가공품류,100.0,,,"살구, 말린것:100.0|살구, 말린것:100.0",
D211083,"산수유(열매,생것)",과일 및 과일가공품,과일류,100.0,,,"산수유, 열매, 생것:100.0",
D211020,산딸기,과일 및 과일가공품,과일류,100.0,,,"산딸기, 생것:100.0",https://www.nongsaro.go.kr/cms_contents/mgnNew/978-89-480-6205-2/978-89-480-6205-2_B_055.jpg
D211082,사과(홍옥),과일 및 과일가공품,과일류,100.0,,,"사과, 홍옥, 생것:100.0",
D211081,사과(아오리),과일 및 과일가공품,과일류,100.0,,,"사과, 아오리, 생것, 껍질 포함:100.0|사과, 아오리, 생것, 껍질 포함:100.0",
D211080,사과(부사),과일 및 과일가공품,과일류,100.0,,,"사과, 부사, 생것:100.0",
D212059,사과(통조림),과일 및 과일가공품,가공품류,100.0,,,"사과, 통조림:100.0|사과, 통조림:100.0|사과, 통조림:100.0",
D212058,비파(통조림),과일 및 과일가공품,가공품류,100.0,,,"비파, 통조림:100.0|비파, 통조림:100.0",
D212055,블루베리(말린것),과일 및 과일가공품,가공품류,100.0,,,"블루베리, 말린것:100.0|블루베리, 말린것:100.0",
D211078,블랙커런트,과일 및 과일가공품,과일류,100.0,,,"블랙커런트, 생것:100.0",
D211077,블랙베리,과일 및 과일가공품,과일류,100.0,,,"블랙베리, 생것:100.0",
D211076,복숭아(황도),과일 및 과일가공품,과일류,100.0,,복숭아,"복숭아, 황도, 생것:100.0|복숭아, 황도, 생것:100.0",
D211075,복숭아(천도),과일 및 과일가공품,과일류,100.0,,복숭아,"복숭아, 천도, 생것:100.0",
D211048,복숭아(백도),과일 및 과일가공품,과일류,80.0,,복숭아,"복숭아, 황도, 생것:80.0|복숭아, 황도, 생것:80.0",
D211074,복분자,과일 및 과일가공품,과일류,100.0,,,"복분자, 생것:100.0",
D212051,버찌(통조림),과일 및 과일가공품,가공품류,100.0,,,"버찌, 생것:100.0|버찌, 생것:100.0",
D211096,백향과,과일 및 과일가공품,과일류,100.0,,,"백향과(패션프루트), 생것, 씨 포함:100.0",
D211047,배,과일 및 과일가공품,과일류,100.0,,,"배, 생것:100.0",
D212049,바나나(말린것),과일 및 과일가공품,가공품류,100.0,,,"바나나칩, 튀긴것:100.0|바나나칩, 튀긴것:100.0|바나나칩, 튀긴것:100.0",
D212079,대추모과잼,과일 및 과일가공품,가공품류,32.0,,,"팽창제, 베이킹파우더:3.0|레몬 착즙:2.0|설탕, 백설탕:9.0|대추, 말린것:3.0|모과, 생것:15.0|팽창제, 베이킹파우더:3.0|레몬 착즙:2.0|설탕, 백설탕:9.0|대추, 말린것:3.0|모과, 생것:15.0",
D211013,멜론,과일 및 과일가공품,과일류,100.0,,,"멜론, 머스크, 생것:100.0|멜론, 머스크, 생것:100.0",
D211012,머루,과일 및 과일가공품,과일류,100.0,,,"머루, 개량머루, 생것, 껍질과 씨 포함:100.0",
D212047,매실절임,과일 및 과일가공품,가공품류,100.0,,,"매실 절임, 염절임, 고형물:100.0|매실 절임, 염절임, 고형물:100.0",
D211072,망고음료,과일 및 과일가공품,과일류,100.0,,,망고 음료:100.0,
D211073,망고스틴,과일 및 과일가공품,과일류,100.0,,,"망고스틴, 생것:100.0",
D211070,망고,과일 및 과일가공품,과일류,100.0,,,"망고, 생것:100.0",
D211069,리치,과일 및 과일가공품,과일류,100.0,,,"리치, 생것:100.0",
D211005,금귤,과일 및 과일가공품,과일류,100.0,,,"금귤, 생것:100.0",
D211010,레몬,과일 및 과일가공품,과일류,100.0,,,"레몬, 생것:100.0",
D211061,레드향,과일 및 과일가공품,과일류,100.0,,,"귤, 만감류, 레드향, 생것:100.0",
D211068,라즈베리(생것),과일 및 과일가공품,과일류,100.0,,,"라즈베리, 생것:100.0",
D211009,라임,과일 및 과일가공품,과일류,100.0,,,"라임, 생것:100.0",
D211067,라즈베리(냉동),과일 및 과일가공품,과일류,100.0,,,"라즈베리, 냉동:100.0",
D212043,딸기(말린것),과일 및 과일가공품,가공품류,100.0,,,"딸기, 말린것:100.0|딸기, 말린것:100.0",
D211007,대추(말린것),과일 및 과일가공품,과일류,10.0,,,"대추, 말린것:10.0",
D212041,귤(통조림),과일 및 과일가공품,가공품류,100.0,,,"귤, 통조림:100.0|귤, 통조림:100.0",
D211006,다래,과일 및 과일가공품,과일류,100.0,,,"다래, 생것:100.0",
D211066,두리안(생것),과일 및 과일가공품,과일류,100.0,,,"두리안, 생것:100.0",
D211100,귤 프리저브,과일 및 과일가공품,과일류,52.0,,"난류,우유,밀","빵, 바게트:0.0|레몬 착즙:5.0|물엿:5.0|설탕, 백설탕:12.0|귤, 온주밀감, 생것:30.0",
D211060,구즈베리(생것),과일 및 과일가공품,과일류,100.0,,,"구스베리, 생것:100.0",
D211003,구아바,과일 및 과일가공품,과일류,100.0,,,"구아바, 생것:100.0",
D211002,감(연시),과일 및 과일가공품,과일류,100.0,,,"감, 떫은감, 연시, 생것:100.0|감, 떫은감, 연시, 생것:100.0",
D211059,감(둥시),과일 및 과일가공품,과일류,100.0,,,"감, 떫은감, 연시, 생것:100.0",
D212072,포도(통조림),과일 및 과일가공품,가공품류,100.0,,,"포도, 통조림:100.0",
D211058,감(대봉),과일 및 과일가공품,과일류,100.0,,,"감, 떫은감, 연시, 갑주백목(대봉), 생것:100.0",
D211001,감(단감),과일 및 과일가공품,과일류,100.0,,,"감, 단감, 생것:100.0|감, 단감, 생것:100.0",
D212053,황도복숭아(통조림),과일 및 과일가공품,가공품류,100.0,,복숭아,"복숭아, 황도, 통조림:100.0",
D212076,프루트펀치(통조림),과일 및 과일가공품,가공품류,100.0,,,"프루트펀치, 통조림:100.0",
D212074,프루트샐러드(통조림),과일 및 과일가공품,가공품류,100.0,,,"프루트샐러드, 통조림:100.0",
D212073,포도잼,과일 및 과일가공품,가공품류,100.0,,,"포도, 잼:100.0",
D212066,올리브피클(초록색),과일 및 과일가공품,가공품류,100.0,,,"올리브 절임, 미숙, 초록색:100.0",
D212065,올리브피클(검은색),과일 및 과일가공품,가공품류,100.0,,,"올리브 절임, 완숙, 검은색:100.0",
D015010,잡탕밥,밥류,덮밥 및 국밥류,380.5,,,"소금, 천일염, 가는소금:0.5|표고버섯, 참나무재배, 말린것, 삶은것:5.0|콩기름:5.0|당근, 뿌리, 생것:5.0|고추, 풋고추, 생것:5.0|전분, 감자, 가루:10.0|호박, 애호박, 생것:20.0|양파, 생것:20.0|메추리알, 생것:20.0|오징어, 생것:20.0|새우, 중하, 생것:20.0|돼지고기, 등심, 생것:30.0|멥쌀, 백미, 밥:210.0",
D212063,살구(통조림),과일 및 과일가공품,가공품류,100.0,,,"살구, 통조림:100.0",
D212060,사과잼,과일 및 과일가공품,가공품류,100.0,,,"사과, 잼:100.0",
D015009,잡채밥,밥류,덮밥 및 국밥류,319.5,,,"소금, 천일염, 가는소금:0.5|간장, 개량, 양조:1.0|참기름:5.0|양파, 생것:10.0|표고버섯, 참나무재배, 말린것, 삶은것:3.0|당면, 고구마, 말린것:30.0|당근, 뿌리, 생것:10.0|시금치, 생것:20.0|돼지고기, 등심, 생것:30.0|멥쌀, 백미, 밥:210.0",
D015008,오징어덮밥(고추장),밥류,덮밥 및 국밥류,390.0,,,"마늘, 생것:1.0|전분, 감자, 가루:10.0|간장, 개량, 양조:4.0|당근, 뿌리, 생것:5.0|고추, 빨간색, 생것:5.0|양파, 생것:10.0|피망, 초록색, 생것:15.0|콩기름:15.0|양배추, 생것:20.0|고추장, 개량:5.0|멥쌀, 백미, 밥:210.0|오징어, 생것:80.0",
D212064,살구잼,과일 및 과일가공품,가공품류,100.0,,,"살구, 잼:100.0",
D015033,양파버섯덮밥,밥류,덮밥 및 국밥류,326.05,,대두(콩),"콩기름:2.0|참기름:3.0|후추, 검은색, 가루:0.05|간장, 개량, 양조:16.0|설탕, 백설탕:8.0|고추기름:2.0|멥쌀, 백미, 밥:200.0|달걀, 생것:50.0|파, 쪽파, 생것:5.0|마늘, 생것:4.0|양파, 생것:30.0|표고버섯, 참나무재배, 말린것:6.0",
D212061,산수유(말린것),과일 및 과일가공품,가공품류,100.0,,,"산수유, 과육, 말린것:100.0",
D015043,야채자장밥,밥류,덮밥 및 국밥류,125.0,,,"당근, 뿌리, 생것:5.0|양배추, 생것:5.0|호박, 애호박, 생것:5.0|콩기름:5.0|양파, 생것:10.0|감자, 대지, 생것:10.0|짜장 소스, 가루:25.0|멥쌀, 백미, 생것:60.0",
D212057,블루베리잼,과일 및 과일가공품,가공품류,100.0,,,"블루베리, 잼:100.0",
D212056,블루베리(통조림),과일 및 과일가공품,가공품류,100.0,,,"블루베리, 통조림:100.0",
D212054,복숭아잼,과일 및 과일가공품,가공품류,100.0,,복숭아,"복숭아, 잼:100.0",
D212052,복숭아(통조림),과일 및 과일가공품,가공품류,100.0,,복숭아,"복숭아, 백도, 통조림, 고형물:100.0",
D212050,바나나칩,과일 및 과일가공품,가공품류,100.0,,,"바나나칩, 튀긴것:100.0",
D212046,매실청,과일 및 과일가공품,가공품류,100.0,,,매실청:100.0,
D212044,딸기잼,과일 및 과일가공품,가공품류,100.0,,,"딸기, 잼:100.0",
D212045,람부탄(통조림),과일 및 과일가공품,가공품류,100.0,,,"람부탄, 통조림:100.0",
D212078,귤젤리,과일 및 과일가공품,가공품류,102.2,,,"물엿:5.0|설탕, 백설탕:16.0|한천:1.2|귤, 온주밀감, 생것:80.0",
D212042,귤잼,과일 및 과일가공품,가공품류,100.0,,,"귤, 잼:100.0",
D212040,곶감,과일 및 과일가공품,가공품류,100.0,,,"감, 떫은감, 곶감, 반건시:100.0",
D212071,건포도,과일 및 과일가공품,가공품류,100.0,,,"포도, 건포도:100.0",
D212039,감잼(단감),과일 및 과일가공품,가공품류,100.0,,,"감, 단감, 잼:100.0",
